mtllib low_poly_car.mtl
o WRR_Material027_0
usemtl Material.027
v -173.57208859920502 66.99910418283032 -280.7473580837229
v -112.54774463176727 66.99911014329462 -280.74735808372384
v -112.54774463176727 53.771045519500085 -279.44451760309806
v -173.57208859920502 53.77103955903561 -279.4445176030971
v -173.57208859920502 53.77103955903561 -279.4445176030971
v -112.54774463176727 53.771045519500085 -279.44451760309806
v -112.54774463176727 41.05132405597817 -275.5860148117219
v -173.57208859920502 41.05132107574593 -275.58601481172144
v -173.57208859920502 41.05132107574593 -275.58601481172144
v -112.54774463176727 41.05132405597817 -275.5860148117219
v -112.54774463176727 29.328766340014504 -269.3201580663645
v -173.57208859920502 29.328763359782265 -269.32015806636406
v -173.57208859920502 29.328763359782265 -269.32015806636406
v -112.54774463176727 29.328766340014504 -269.3201580663645
v -112.54774463176727 19.053859767238947 -260.88776510647335
v -173.57208859920502 19.05385678700671 -260.8877651064729
v -173.57208859920502 19.05385678700671 -260.8877651064729
v -112.54774463176727 19.053859767238947 -260.88776510647335
v -112.54774463176727 10.621461214641506 -250.61285280584227
v -173.57208859920502 10.621455254177029 -250.6128528058413
v -173.57208859920502 10.621455254177029 -250.6128528058413
v -112.54774463176727 10.621461214641506 -250.61285280584227
v -112.54774463176727 4.355626170369085 -238.8903109296003
v -173.57208859920502 4.3556202099046075 -238.89031092959934
v -173.57208859920502 4.3556202099046075 -238.89031092959934
v -112.54774463176727 4.355626170369085 -238.8903109296003
v -112.54774463176727 0.497151365463111 -226.1705837384748
v -173.57208859920502 0.49714540499863347 -226.17058373847382
v -173.57208859920502 0.49714540499863347 -226.17058373847382
v -112.54774463176727 0.497151365463111 -226.1705837384748
v -112.54774463176727 -0.8056967258381604 -212.9425011737243
v -173.57208859920502 -0.805702686302638 -212.94250117372334
v -173.57208859920502 -0.805702686302638 -212.94250117372334
v -112.54774463176727 -0.8056967258381604 -212.9425011737243
v -112.54774463176727 0.4971497152511546 -199.7144422666114
v -173.57208859920502 0.4971497152511546 -199.7144422666114
v -173.57208859920502 0.4971497152511546 -199.7144422666114
v -112.54774463176727 0.4971497152511546 -199.7144422666114
v -112.54774463176727 4.355646546159662 -186.99474017459806
v -173.57208859920502 4.355640585695184 -186.9947401745971
v -173.57208859920502 4.355640585695184 -186.9947401745971
v -112.54774463176727 4.355646546159662 -186.99474017459806
v -112.54774463176727 10.621485410124599 -175.272176498167
v -173.57208859920502 10.621479449660121 -175.27217649816603
v -173.57208859920502 10.621479449660121 -175.27217649816603
v -112.54774463176727 10.621485410124599 -175.272176498167
v -112.54774463176727 19.053893271179383 -164.9972550242327
v -173.57208859920502 19.053890290947145 -164.99725502423217
v -173.57208859920502 19.053890290947145 -164.99725502423217
v -112.54774463176727 19.053893271179383 -164.9972550242327
v -112.54774463176727 29.32880855204028 -156.56487137279692
v -173.57208859920502 29.32880557180804 -156.56487137279643
v -173.57208859920502 29.32880557180804 -156.56487137279643
v -112.54774463176727 29.32880855204028 -156.56487137279692
v -112.54774463176727 41.05137427014307 -150.29901844713493
v -173.57208859920502 41.05137128991083 -150.29901844713447
v -173.57208859920502 41.05137128991083 -150.29901844713447
v -112.54774463176727 41.05137427014307 -150.29901844713493
v -112.54774463176727 53.77110593161693 -146.4405436422297
v -173.57208859920502 53.77109997115245 -146.4405436422287
v -173.57208859920502 53.77109997115245 -146.4405436422287
v -112.54774463176727 53.77110593161693 -146.4405436422297
v -112.54774463176727 66.99917221191969 -145.13770747185472
v -173.57208859920502 66.99916625145521 -145.13770747185376
v -173.57208859920502 66.99916625145521 -145.13770747185376
v -112.54774463176727 66.99917221191969 -145.13770747185472
v -112.54775655269623 80.22724740347549 -146.44057179434014
v -173.57210052013397 80.22724144301101 -146.44057179433918
v -173.57210052013397 80.22724144301101 -146.44057179433918
v -112.54775655269623 80.22724740347549 -146.44057179434014
v -112.54775655269623 92.9469658867671 -150.29906266478685
v -173.57210052013397 92.94695992630263 -150.29906266478585
v -173.57210052013397 92.94695992630263 -150.29906266478585
v -112.54775655269623 92.9469658867671 -150.29906266478685
v -112.54775655269623 104.66952360273271 -156.56490748921527
v -173.57210052013397 104.66952360273271 -156.56490748921527
v -173.57210052013397 104.66952360273271 -156.56490748921527
v -112.54775655269623 104.66952360273271 -156.56490748921527
v -112.54775655269623 114.94443315573662 -164.99732429096483
v -173.57210052013397 114.94443315573662 -164.99732429096483
v -173.57210052013397 114.94443315573662 -164.99732429096483
v -112.54775655269623 114.94443315573662 -164.99732429096483
v -112.54775655269623 123.3768138269387 -175.27224851252197
v -173.57210052013397 123.3768138269387 -175.27224851252197
v -173.57210052013397 123.3768138269387 -175.27224851252197
v -112.54775655269623 123.3768138269387 -175.27224851252197
v -112.54775655269623 129.6426429107447 -186.99480230969192
v -173.57210052013397 129.6426429107447 -186.99480230969192
v -173.57210052013397 129.6426429107447 -186.99480230969192
v -112.54775655269623 129.6426429107447 -186.99480230969192
v -112.54775655269623 133.50110579471735 -199.71455632290562
v -173.57210052013397 133.50110579471735 -199.71455632290562
v -173.57210052013397 133.50110579471735 -199.71455632290562
v -112.54775655269623 133.50110579471735 -199.71455632290562
v -112.54775655269623 134.8039538860222 -212.94261688652736
v -173.57210052013397 134.8039538860222 -212.94261688652736
v -173.57210052013397 134.8039538860222 -212.94261688652736
v -112.54775655269623 134.8039538860222 -212.94261688652736
v -112.54775655269623 133.50108956353975 -226.1706739529082
v -173.57210052013397 133.50108956353975 -226.1706739529082
v -173.57210052013397 133.50108956353975 -226.1706739529082
v -112.54775655269623 133.50108956353975 -226.1706739529082
v -112.54775655269623 129.64257485123443 -238.8903969065443
v -173.57210052013397 129.64257485123443 -238.8903969065443
v -173.57210052013397 129.64257485123443 -238.8903969065443
v -112.54775655269623 129.64257485123443 -238.8903969065443
v -112.54775655269623 123.37671810587605 -250.61296058297245
v -173.57210052013397 123.37671810587605 -250.61296058297245
v -173.57210052013397 123.37671810587605 -250.61296058297245
v -112.54775655269623 123.37671810587605 -250.61296058297245
v -112.54775655269623 114.9443042843626 -260.88784629411896
v -173.57210052013397 114.9443042843626 -260.88784629411896
v -173.57210052013397 114.9443042843626 -260.88784629411896
v -112.54775655269623 114.9443042843626 -260.88784629411896
v -112.54775655269623 104.66938006280111 -269.32025378741116
v -173.57210052013397 104.66938006280111 -269.32025378741116
v -173.57210052013397 104.66938006280111 -269.32025378741116
v -112.54775655269623 104.66938006280111 -269.32025378741116
v -112.54775655269623 92.94680242377713 -275.58605902935534
v -173.57210052013397 92.94679646331265 -275.5860590293544
v -173.57210052013397 80.22706778207298 -279.4445219133312
v -112.54775655269623 80.22707374253746 -279.44452191333215
v -112.54774463176727 66.99911014329462 -280.74735808372384
v -173.57208859920502 66.99910418283032 -280.7473580837229
v -173.57210052013397 92.94679646331265 -275.5860590293544
v -112.54775655269623 92.94680242377713 -275.58605902935534
v -112.54775655269623 80.22707374253746 -279.44452191333215
v -173.57210052013397 80.22706778207298 -279.4445219133312
v -173.57208859920502 0.49714540499863347 -226.17058373847382
v -173.57208859920502 -0.805702686302638 -212.94250117372334
v -177.41140258312225 4.338231801993658 -212.94250284983053
v -177.41140258312225 5.5422495952919135 -225.1670353124455
v -173.57208859920502 66.99916625145521 -145.13770747185376
v -173.57210052013397 80.22724144301101 -146.44057179433918
v -177.4114145040512 79.22370701930032 -151.4856637367082
v -177.41140258312225 66.999164575349 -150.2816359996856
v -173.57210052013397 133.50108956353975 -226.1706739529082
v -173.57210052013397 129.64257485123443 -238.8903969065443
v -177.4114145040512 124.89020147657055 -236.92189462404843
v -177.4114145040512 128.45598570024066 -225.16714623471813
v -173.57208859920502 -0.805702686302638 -212.94250117372334
v -173.57208859920502 0.4971497152511546 -199.7144422666114
v -177.41140258312225 5.542247618085277 -200.71797296503274
v -177.41140258312225 4.338231801993658 -212.94250284983053
v -173.57210052013397 80.22724144301101 -146.44057179433918
v -173.57210052013397 92.94695992630263 -150.29906266478585
v -177.4114145040512 90.97845615369066 -155.05143603944947
v -177.4114145040512 79.22370701930032 -151.4856637367082
v -173.57208859920502 66.99910418283032 -280.7473580837229
v -173.57208859920502 53.77103955903561 -279.4445176030971
v -177.41140258312225 54.774575472864356 -274.39941373979934
v -177.41140258312225 66.9991058589344 -275.603429555891
v -173.57210052013397 129.64257485123443 -238.8903969065443
v -173.57210052013397 123.37671810587605 -250.61296058297245
v -177.4114145040512 119.09969191818561 -247.75513174589761
v -177.4114145040512 124.89020147657055 -236.92189462404843
v -173.57208859920502 0.4971497152511546 -199.7144422666114
v -173.57208859920502 4.355640585695184 -186.9947401745971
v -177.41140258312225 9.108019920824987 -188.9632335163972
v -177.41140258312225 5.542247618085277 -200.71797296503274
v -173.57210052013397 92.94695992630263 -150.29906266478585
v -173.57210052013397 104.66952360273271 -156.56490748921527
v -177.4114145040512 101.81169476565788 -160.8419336769057
v -177.4114145040512 90.97845615369066 -155.05143603944947
v -173.57210052013397 123.37671810587605 -250.61296058297245
v -173.57210052013397 114.9443042843626 -260.88784629411896
v -177.4114145040512 111.30699401441558 -257.25052887852013
v -177.4114145040512 119.09969191818561 -247.75513174589761
v -173.57208859920502 53.77103955903561 -279.4445176030971
v -173.57208859920502 41.05132107574593 -275.58601481172144
v -177.41140258312225 43.01981888789343 -270.8336414370568
v -177.41140258312225 54.774575472864356 -274.39941373979934
v -173.57208859920502 4.355640585695184 -186.9947401745971
v -173.57208859920502 10.621479449660121 -175.27217649816603
v -177.41140258312225 14.8985056373525 -178.1299934143119
v -177.41140258312225 9.108019920824987 -188.9632335163972
v -173.57210052013397 104.66952360273271 -156.56490748921527
v -173.57210052013397 114.94443315573662 -164.99732429096483
v -177.4114145040512 111.30710381920889 -168.63463456090992
v -177.4114145040512 101.81169476565788 -160.8419336769057
v -173.57210052013397 114.9443042843626 -260.88784629411896
v -173.57210052013397 104.66938006280111 -269.32025378741116
v -177.4114145040512 101.81156454028934 -265.0432147475951
v -177.4114145040512 111.30699401441558 -257.25052887852013
v -173.57208859920502 41.05132107574593 -275.58601481172144
v -173.57208859920502 29.328763359782265 -269.32015806636406
v -177.41140258312225 32.18658325615844 -265.0431437996011
v -177.41140258312225 43.01981888789343 -270.8336414370568
v -173.57208859920502 10.621479449660121 -175.27217649816603
v -173.57208859920502 19.053890290947145 -164.99725502423217
v -177.41140258312225 22.691200560892227 -168.63458436075993
v -177.41140258312225 14.8985056373525 -178.1299934143119
v -173.57210052013397 114.94443315573662 -164.99732429096483
v -173.57210052013397 123.3768138269387 -175.27224851252197
v -177.4114145040512 119.09977478712457 -178.13005211410476
v -177.4114145040512 111.30710381920889 -168.63463456090992
v -173.57210052013397 104.66938006280111 -269.32025378741116
v -173.57210052013397 92.94679646331265 -275.5860590293544
v -177.4114145040512 90.97830616014954 -270.833685013273
v -177.4114145040512 101.81156454028934 -265.0432147475951
v -173.57208859920502 29.328763359782265 -269.32015806636406
v -173.57208859920502 19.05385678700671 -260.8877651064729
v -177.41140258312225 22.691174202605488 -257.2504548365258
v -177.41140258312225 32.18658325615844 -265.0431437996011
v -173.57208859920502 19.053890290947145 -164.99725502423217
v -173.57208859920502 29.32880557180804 -156.56487137279643
v -177.41140258312225 32.18662109432369 -160.84188657075458
v -177.41140258312225 22.691200560892227 -168.63458436075993
v -173.57210052013397 123.3768138269387 -175.27224851252197
v -173.57210052013397 129.6426429107447 -186.99480230969192
v -177.4114145040512 124.89026889466113 -188.96330602390012
v -177.4114145040512 119.09977478712457 -178.13005211410476
v -173.57210052013397 92.94679646331265 -275.5860590293544
v -173.57210052013397 80.22706778207298 -279.4445219133312
v -177.4114145040512 79.22354841330898 -274.39941772304263
v -177.4114145040512 90.97830616014954 -270.833685013273
v -173.57208859920502 19.05385678700671 -260.8877651064729
v -173.57208859920502 10.621455254177029 -250.6128528058413
v -177.41140258312225 14.898482373066066 -247.75502536239864
v -177.41140258312225 22.691174202605488 -257.2504548365258
v -173.57208859920502 29.32880557180804 -156.56487137279643
v -173.57208859920502 41.05137128991083 -150.29901844713447
v -177.41140258312225 43.01987351400096 -155.05140438414674
v -177.41140258312225 32.18662109432369 -160.84188657075458
v -173.57210052013397 129.6426429107447 -186.99480230969192
v -173.57210052013397 133.50110579471735 -199.71455632290562
v -177.4114145040512 128.4560135253564 -200.71808388731023
v -177.4114145040512 124.89026889466113 -188.96330602390012
v -173.57210052013397 80.22706778207298 -279.4445219133312
v -173.57208859920502 66.99910418283032 -280.7473580837229
v -177.41140258312225 66.9991058589344 -275.603429555891
v -177.4114145040512 79.22354841330898 -274.39941772304263
v -173.57208859920502 10.621455254177029 -250.6128528058413
v -173.57208859920502 4.3556202099046075 -238.89031092959934
v -177.41140258312225 9.108000186456046 -236.92178635376644
v -177.41140258312225 14.898482373066066 -247.75502536239864
v -173.57208859920502 41.05137128991083 -150.29901844713447
v -173.57208859920502 53.77109997115245 -146.4405436422287
v -177.41140258312225 54.77463275096153 -151.48564783251948
v -177.41140258312225 43.01987351400096 -155.05140438414674
v -173.57210052013397 133.50110579471735 -199.71455632290562
v -173.57210052013397 134.8039538860222 -212.94261688652736
v -177.4114145040512 129.66001343726143 -212.9426152104192
v -177.4114145040512 128.4560135253564 -200.71808388731023
v -173.57208859920502 4.3556202099046075 -238.89031092959934
v -173.57208859920502 0.49714540499863347 -226.17058373847382
v -177.41140258312225 5.5422495952919135 -225.1670353124455
v -177.41140258312225 9.108000186456046 -236.92178635376644
v -173.57208859920502 53.77109997115245 -146.4405436422287
v -173.57208859920502 66.99916625145521 -145.13770747185376
v -177.41140258312225 66.999164575349 -150.2816359996856
v -177.41140258312225 54.77463275096153 -151.48564783251948
v -173.57210052013397 134.8039538860222 -212.94261688652736
v -173.57210052013397 133.50108956353975 -226.1706739529082
v -177.4114145040512 128.45598570024066 -225.16714623471813
v -177.4114145040512 129.66001343726143 -212.9426152104192
v -177.41140258312225 56.48045658814312 -265.8233785181498
v -177.41140258312225 46.36602049137861 -262.7552128793245
v -174.62681663036346 49.22263382046184 -255.85874136749192
v -174.62681663036346 57.93674379405451 -258.50211639578987
v -177.4114145040512 128.45598570024066 -225.16714623471813
v -177.4114145040512 124.89020147657055 -236.92189462404843
v -177.4114145040512 116.8117639781425 -233.57568706009732
v -177.4114145040512 119.87996239952105 -223.46125915897682
v -177.4114145040512 119.09969191818561 -247.75513174589761
v -177.4114145040512 111.82928801317755 -242.89720598082437
v -177.41140258312225 66.9991058589344 -275.603429555891
v -177.41140258312225 54.774575472864356 -274.39941373979934
v -177.41140258312225 56.48045658814312 -265.8233785181498
v -177.41140258312225 66.99910870809934 -266.8594043254837
v -177.4114145040512 111.30699401441558 -257.25052887852013
v -177.4114145040512 105.12403832619052 -251.06757117563208
v -177.41140258312225 43.01981888789343 -270.8336414370568
v -177.41140258312225 46.36602049137861 -262.7552128793245
v -177.4114145040512 101.81156454028934 -265.0432147475951
v -177.4114145040512 96.95365306514408 -257.772806279444
v -177.41140258312225 32.18658325615844 -265.0431437996011
v -177.41140258312225 37.04451200146441 -257.7727369143613
v -177.4114145040512 90.97830616014954 -270.833685013273
v -177.4114145040512 87.63212209011283 -262.7552494047482
v -177.41140258312225 22.691174202605488 -257.2504548365258
v -177.41140258312225 28.874143826426398 -251.0674753064448
v -177.4114145040512 79.22354841330898 -274.39941772304263
v -177.41140258312225 77.51768350350234 -265.8233819455491
v -177.41140258312225 14.898482373066066 -247.75502536239864
v -177.41140258312225 22.168887860985905 -242.8971079267884
v -177.41140258312225 9.108000186456046 -236.92178635376644
v -177.41140258312225 17.186444735676602 -233.57560824419568
v -177.41140258312225 5.5422495952919135 -225.1670353124455
v -177.41140258312225 14.118267491391045 -223.46117636310044
v -177.41140258312225 4.338231801993658 -212.94250284983053
v -177.41140258312225 13.08227491379445 -212.94250569900015
v -177.41140258312225 5.542247618085277 -200.71797296503274
v -177.41140258312225 14.118264958340426 -202.42386004077306
v -177.41140258312225 9.108019920824987 -188.9632335163972
v -177.41140258312225 17.186457419253045 -192.3094410803483
v -177.41140258312225 14.8985056373525 -178.1299934143119
v -177.41140258312225 22.168909542360566 -182.98791917938516
v -177.41140258312225 22.691200560892227 -168.63458436075993
v -177.41140258312225 28.87416817004236 -174.81756590550785
v -177.41140258312225 32.18662109432369 -160.84188657075458
v -177.41140258312225 37.04454449039791 -168.11229503890763
v -177.41140258312225 43.01987351400096 -155.05140438414674
v -177.41140258312225 46.36606354449827 -163.12986383453043
v -177.41140258312225 54.77463275096153 -151.48564783251948
v -177.41140258312225 56.48050362123459 -160.06167168908502
v -177.41140258312225 66.999164575349 -150.2816359996856
v -177.41140258312225 66.99915576570913 -159.02569699287884
v -177.4114145040512 79.22370701930032 -151.4856637367082
v -177.41140258312225 77.51783186448799 -160.06168703742975
v -177.4114145040512 90.97845615369066 -155.05143603944947
v -177.4114145040512 87.63224858973905 -163.12987651810977
v -177.4114145040512 101.81169476565788 -160.8419336769057
v -177.4114145040512 96.95375707965714 -168.11232864121513
v -177.4114145040512 111.30710381920889 -168.63463456090992
v -177.4114145040512 105.12413419538993 -174.817602170062
v -177.4114145040512 119.09977478712457 -178.13005211410476
v -177.4114145040512 111.82938122013175 -182.98798147064588
v -177.4114145040512 124.89026889466113 -188.96330602390012
v -177.4114145040512 116.81182434543864 -192.30949605439983
v -177.4114145040512 128.4560135253564 -200.71808388731023
v -177.4114145040512 119.87997774785998 -202.42396667851028
v -177.4114145040512 129.66001343726143 -212.9426152104192
v -177.4114145040512 120.91597628592511 -212.9426123612477
v -177.4114145040512 105.12403832619052 -251.06757117563208
v -177.4114145040512 96.95365306514408 -257.772806279444
v -174.62682855129242 92.80649998354846 -251.56614712123533
v -174.62682855129242 99.84570814480674 -245.78922139295338
v -177.41140258312225 46.36602049137861 -262.7552128793245
v -177.41140258312225 37.04451200146441 -257.7727369143613
v -174.62681663036346 41.19167604614181 -251.56608506793287
v -174.62681663036346 49.22263382046184 -255.85874136749192
v -177.4114145040512 96.95365306514408 -257.772806279444
v -177.4114145040512 87.63212209011283 -262.7552494047482
v -174.62682855129242 84.77551696865376 -255.85875312025627
v -174.62682855129242 92.80649998354846 -251.56614712123533
v -177.41140258312225 37.04451200146441 -257.7727369143613
v -177.41140258312225 28.874143826426398 -251.0674753064448
v -174.62681663036346 34.152481688175165 -245.78915108552354
v -174.62681663036346 41.19167604614181 -251.56608506793287
v -177.4114145040512 87.63212209011283 -262.7552494047482
v -177.41140258312225 77.51768350350234 -265.8233819455491
v -174.62681663036346 76.06140762385773 -258.5021193486724
v -174.62682855129242 84.77551696865376 -255.85875312025627
v -177.41140258312225 28.874143826426398 -251.0674753064448
v -177.41140258312225 22.168887860985905 -242.8971079267884
v -174.62681663036346 28.375558940122545 -238.7499608056592
v -174.62681663036346 34.152481688175165 -245.78915108552354
v -177.41140258312225 77.51768350350234 -265.8233819455491
v -177.41140258312225 66.99910870809934 -266.8594043254837
v -174.62681663036346 66.99911114040538 -259.39470934867734
v -174.62681663036346 76.06140762385773 -258.5021193486724
v -177.41140258312225 22.168887860985905 -242.8971079267884
v -177.41140258312225 17.186444735676602 -233.57560824419568
v -174.62681663036346 24.082923138776074 -230.7189971622692
v -174.62681663036346 28.375558940122545 -238.7499608056592
v -177.41140258312225 17.186444735676602 -233.57560824419568
v -177.41140258312225 14.118267491391045 -223.46117636310044
v -174.62681663036346 21.439533068504836 -222.00487068113392
v -174.62681663036346 24.082923138776074 -230.7189971622692
v -177.41140258312225 14.118267491391045 -223.46117636310044
v -177.41140258312225 13.08227491379445 -212.94250569900015
v -174.62681663036346 20.546972870833038 -212.9425081313074
v -174.62681663036346 21.439533068504836 -222.00487068113392
v -177.41140258312225 13.08227491379445 -212.94250569900015
v -177.41140258312225 14.118264958340426 -202.42386004077306
v -174.62681663036346 21.439533041164843 -203.88014724668542
v -174.62681663036346 20.546972870833038 -212.9425081313074
v -177.41140258312225 14.118264958340426 -202.42386004077306
v -177.41140258312225 17.186457419253045 -192.3094410803483
v -174.62681663036346 24.082934891550117 -195.16605440943252
v -174.62681663036346 21.439533041164843 -203.88014724668542
v -177.41140258312225 17.186457419253045 -192.3094410803483
v -177.41140258312225 22.168909542360566 -182.98791917938516
v -174.62681663036346 28.375573309718412 -187.13508024383225
v -174.62681663036346 24.082934891550117 -195.16605440943252
v -177.41140258312225 22.168909542360566 -182.98791917938516
v -177.41140258312225 28.87416817004236 -174.81756590550785
v -174.62681663036346 34.15250431189258 -180.09590376725856
v -174.62681663036346 28.375573309718412 -187.13508024383225
v -177.41140258312225 28.87416817004236 -174.81756590550785
v -177.41140258312225 37.04454449039791 -168.11229503890763
v -174.62681663036346 41.191700552223836 -174.31896611804572
v -174.62681663036346 34.15250431189258 -180.09590376725856
v -177.41140258312225 37.04454449039791 -168.11229503890763
v -177.41140258312225 46.36606354449827 -163.12986383453043
v -174.62681663036346 49.22268058688824 -170.02634819809535
v -174.62681663036346 41.191700552223836 -174.31896611804572
v -177.41140258312225 46.36606354449827 -163.12986383453043
v -177.41140258312225 56.48050362123459 -160.06167168908502
v -174.62681663036346 57.936785461345615 -167.38292236503372
v -174.62681663036346 49.22268058688824 -170.02634819809535
v -177.41140258312225 56.48050362123459 -160.06167168908502
v -177.41140258312225 66.99915576570913 -159.02569699287884
v -174.62681663036346 66.99914737293791 -166.4903919696842
v -174.62681663036346 57.936785461345615 -167.38292236503372
v -177.41140258312225 66.99915576570913 -159.02569699287884
v -177.41140258312225 77.51783186448799 -160.06168703742975
v -174.62681663036346 76.06153273764764 -167.38294915978776
v -174.62681663036346 66.99914737293791 -166.4903919696842
v -177.41140258312225 77.51783186448799 -160.06168703742975
v -177.4114145040512 87.63224858973905 -163.12987651810977
v -174.62682855129242 84.77563526065389 -170.02635995087132
v -174.62681663036346 76.06153273764764 -167.38294915978776
v -177.4114145040512 87.63224858973905 -163.12987651810977
v -177.4114145040512 96.95375707965714 -168.11232864121513
v -174.62682855129242 92.80659005474556 -174.318992408572
v -174.62682855129242 84.77563526065389 -170.02635995087132
v -177.4114145040512 96.95375707965714 -168.11232864121513
v -177.4114145040512 105.12413419538993 -174.817602170062
v -174.62682855129242 99.84580229410369 -180.0959383119132
v -174.62682855129242 92.80659005474556 -174.318992408572
v -177.4114145040512 105.12413419538993 -174.817602170062
v -177.4114145040512 111.82938122013175 -182.98798147064588
v -174.62682855129242 105.62271014099318 -187.13514051270406
v -174.62682855129242 99.84580229410369 -180.0959383119132
v -177.4114145040512 111.82938122013175 -182.98798147064588
v -177.4114145040512 116.81182434543864 -192.30949605439983
v -174.62682855129242 109.91533998187275 -195.1661190572543
v -174.62682855129242 105.62271014099318 -187.13514051270406
v -177.4114145040512 116.81182434543864 -192.30949605439983
v -177.4114145040512 119.87997774785998 -202.42396667851028
v -174.62682855129242 112.55871813121843 -203.88022467676194
v -174.62682855129242 109.91533998187275 -195.1661190572543
v -177.4114145040512 119.87997774785998 -202.42396667851028
v -177.4114145040512 120.91597628592511 -212.9426123612477
v -174.62682855129242 113.45128428935489 -212.94258608709205
v -174.62682855129242 112.55871813121843 -203.88022467676194
v -177.4114145040512 120.91597628592511 -212.9426123612477
v -177.4114145040512 119.87996239952105 -223.46125915897682
v -174.62682855129242 112.55870325739335 -222.0049719530659
v -174.62682855129242 113.45128428935489 -212.94258608709205
v -177.4114145040512 119.87996239952105 -223.46125915897682
v -177.4114145040512 116.8117639781425 -233.57568706009732
v -174.62682855129242 109.9152924663099 -230.7190737310141
v -174.62682855129242 112.55870325739335 -222.0049719530659
v -177.4114145040512 116.8117639781425 -233.57568706009732
v -177.4114145040512 111.82928801317755 -242.89720598082437
v -174.62682855129242 105.62262424582164 -238.7500329954483
v -174.62682855129242 109.9152924663099 -230.7190737310141
v -177.41140258312225 66.99910870809934 -266.8594043254837
v -177.41140258312225 56.48045658814312 -265.8233785181498
v -174.62681663036346 57.93674379405451 -258.50211639578987
v -174.62681663036346 66.99911114040538 -259.39470934867734
v -177.4114145040512 111.82928801317755 -242.89720598082437
v -177.4114145040512 105.12403832619052 -251.06757117563208
v -174.62682855129242 99.84570814480674 -245.78922139295338
v -174.62682855129242 105.62262424582164 -238.7500329954483
v -112.54774463176727 53.771045519500085 -279.44451760309806
v -112.54774463176727 66.99911014329462 -280.74735808372384
v -112.54775655269623 80.22707374253746 -279.44452191333215
v -112.54775655269623 92.94680242377713 -275.58605902935534
v -112.54775655269623 104.66938006280111 -269.32025378741116
v -112.54775655269623 114.9443042843626 -260.88784629411896
v -112.54775655269623 123.37671810587605 -250.61296058297245
v -112.54775655269623 129.64257485123443 -238.8903969065443
v -112.54775655269623 133.50108956353975 -226.1706739529082
v -112.54775655269623 134.8039538860222 -212.94261688652736
v -112.54775655269623 133.50110579471735 -199.71455632290562
v -112.54775655269623 129.6426429107447 -186.99480230969192
v -112.54775655269623 123.3768138269387 -175.27224851252197
v -112.54775655269623 114.94443315573662 -164.99732429096483
v -112.54775655269623 104.66952360273271 -156.56490748921527
v -112.54775655269623 92.9469658867671 -150.29906266478685
v -112.54775655269623 80.22724740347549 -146.44057179434014
v -112.54774463176727 66.99917221191969 -145.13770747185472
v -112.54774463176727 53.77110593161693 -146.4405436422297
v -112.54774463176727 41.05137427014307 -150.29901844713493
v -112.54774463176727 29.32880855204028 -156.56487137279692
v -112.54774463176727 19.053893271179383 -164.9972550242327
v -112.54774463176727 10.621485410124599 -175.272176498167
v -112.54774463176727 4.355646546159662 -186.99474017459806
v -112.54774463176727 0.4971497152511546 -199.7144422666114
v -112.54774463176727 -0.8056967258381604 -212.9425011737243
v -112.54774463176727 0.497151365463111 -226.1705837384748
v -112.54774463176727 4.355626170369085 -238.8903109296003
v -112.54774463176727 10.621461214641506 -250.61285280584227
v -112.54774463176727 19.053859767238947 -260.88776510647335
v -112.54774463176727 29.328766340014504 -269.3201580663645
v -112.54774463176727 41.05132405597817 -275.5860148117219
vn 1.0046446414510255e-8 -0.09801637898464463 -0.9951848016578321
vn 1.0046446414510255e-8 -0.09801637898464463 -0.9951848016578321
vn 1.0046446414510255e-8 -0.09801637898464463 -0.9951848016578321
vn 1.0046446414510255e-8 -0.09801637898464463 -0.9951848016578321
vn 1.1481646101633549e-8 -0.2902859355797572 -0.9569399540225002
vn 1.1481646101633549e-8 -0.2902859355797572 -0.9569399540225002
vn 1.1481646101633549e-8 -0.2902859355797572 -0.9569399540225002
vn 1.1481646101633549e-8 -0.2902859355797572 -0.9569399540225002
vn 2.2963290658086176e-8 -0.47139790936855147 -0.8819206376103003
vn 2.2963290658086176e-8 -0.47139790936855147 -0.8819206376103003
vn 2.2963290658086176e-8 -0.47139790936855147 -0.8819206376103003
vn 2.2963290658086176e-8 -0.47139790936855147 -0.8819206376103003
vn 9.185326031186365e-8 -0.6343930611608639 -0.7730106363763308
vn 9.185326031186365e-8 -0.6343930611608639 -0.7730106363763308
vn 9.185326031186365e-8 -0.6343930611608639 -0.7730106363763308
vn 9.185326031186365e-8 -0.6343930611608639 -0.7730106363763308
vn 4.5926598342182903e-8 -0.773010547768982 -0.6343931691292839
vn 4.5926598342182903e-8 -0.773010547768982 -0.6343931691292839
vn 4.5926598342182903e-8 -0.773010547768982 -0.6343931691292839
vn 4.5926598342182903e-8 -0.773010547768982 -0.6343931691292839
vn 0 -0.8819210672092169 -0.47139710564719817
vn 0 -0.8819210672092169 -0.47139710564719817
vn 0 -0.8819210672092169 -0.47139710564719817
vn 0 -0.8819210672092169 -0.47139710564719817
vn 1.8370635074576075e-7 -0.9569405937875842 -0.29028382655847684
vn 1.8370635074576075e-7 -0.9569405937875842 -0.29028382655847684
vn 1.8370635074576075e-7 -0.9569405937875842 -0.29028382655847684
vn 1.8370635074576075e-7 -0.9569405937875842 -0.29028382655847684
vn 9.185309791365957e-8 -0.9951847584746062 -0.09801681743369943
vn 9.185309791365957e-8 -0.9951847584746062 -0.09801681743369943
vn 9.185309791365957e-8 -0.9951847584746062 -0.09801681743369943
vn 9.185309791365957e-8 -0.9951847584746062 -0.09801681743369943
vn 9.185325629244802e-8 -0.9951847314698701 0.09801709161791178
vn 9.185325629244802e-8 -0.9951847314698701 0.09801709161791178
vn 9.185325629244802e-8 -0.9951847314698701 0.09801709161791178
vn 9.185325629244802e-8 -0.9951847314698701 0.09801709161791178
vn 0 -0.9569400285305418 0.2902856899607109
vn 0 -0.9569400285305418 0.2902856899607109
vn 0 -0.9569400285305418 0.2902856899607109
vn 0 -0.9569400285305418 0.2902856899607109
vn 0 -0.8819213408502978 0.4713965937009015
vn 0 -0.8819213408502978 0.4713965937009015
vn 0 -0.8819213408502978 0.4713965937009015
vn 0 -0.8819213408502978 0.4713965937009015
vn 0 -0.7730104235049544 0.634393320545457
vn 0 -0.7730104235049544 0.634393320545457
vn 0 -0.7730104235049544 0.634393320545457
vn 0 -0.7730104235049544 0.634393320545457
vn 0 -0.6343924138180503 0.7730111676360876
vn 0 -0.6343924138180503 0.7730111676360876
vn 0 -0.6343924138180503 0.7730111676360876
vn 0 -0.6343924138180503 0.7730111676360876
vn 2.2963284205235027e-8 -0.47139747972367957 0.8819208672608684
vn 2.2963284205235027e-8 -0.47139747972367957 0.8819208672608684
vn 2.2963284205235027e-8 -0.47139747972367957 0.8819208672608684
vn 2.2963284205235027e-8 -0.47139747972367957 0.8819208672608684
vn 2.870411049947837e-8 -0.29028374468536533 0.956940618623455
vn 2.870411049947837e-8 -0.29028374468536533 0.956940618623455
vn 2.870411049947837e-8 -0.29028374468536533 0.956940618623455
vn 2.870411049947837e-8 -0.29028374468536533 0.956940618623455
vn 9.32884184398717e-9 -0.0980160399542701 0.9951848350490892
vn 9.32884184398717e-9 -0.0980160399542701 0.9951848350490892
vn 9.32884184398717e-9 -0.0980160399542701 0.9951848350490892
vn 9.32884184398717e-9 -0.0980160399542701 0.9951848350490892
vn -9.328833909490682e-9 0.09801811573396953 0.9951846306027651
vn -9.328833909490682e-9 0.09801811573396953 0.9951846306027651
vn -9.328833909490682e-9 0.09801811573396953 0.9951846306027651
vn -9.328833909490682e-9 0.09801811573396953 0.9951846306027651
vn -2.8704123948667974e-8 0.29028492489882673 0.956940260610077
vn -2.8704123948667974e-8 0.29028492489882673 0.956940260610077
vn -2.8704123948667974e-8 0.29028492489882673 0.956940260610077
vn -2.8704123948667974e-8 0.29028492489882673 0.956940260610077
vn -2.296329551925698e-8 0.47139727391469066 0.8819209772682571
vn -2.296329551925698e-8 0.47139727391469066 0.8819209772682571
vn -2.296329551925698e-8 0.47139727391469066 0.8819209772682571
vn -2.296329551925698e-8 0.47139727391469066 0.8819209772682571
vn 0 0.634393845701223 0.7730099925204156
vn 0 0.634393845701223 0.7730099925204156
vn 0 0.634393845701223 0.7730099925204156
vn 0 0.634393845701223 0.7730099925204156
vn 0 0.7730117050551274 0.6343917589689867
vn 0 0.7730117050551274 0.6343917589689867
vn 0 0.7730117050551274 0.6343917589689867
vn 0 0.7730117050551274 0.6343917589689867
vn 0 0.8819214572811952 0.471396375873864
vn 0 0.8819214572811952 0.471396375873864
vn 0 0.8819214572811952 0.471396375873864
vn 0 0.8819214572811952 0.471396375873864
vn 0 0.9569410115275582 0.2902824494464207
vn 0 0.9569410115275582 0.2902824494464207
vn 0 0.9569410115275582 0.2902824494464207
vn 0 0.9569410115275582 0.2902824494464207
vn 0 0.9951847416048601 0.09801698871556686
vn 0 0.9951847416048601 0.09801698871556686
vn 0 0.9951847416048601 0.09801698871556686
vn 0 0.9951847416048601 0.09801698871556686
vn 0 0.9951846204279071 -0.09801821903994475
vn 0 0.9951846204279071 -0.09801821903994475
vn 0 0.9951846204279071 -0.09801821903994475
vn 0 0.9951846204279071 -0.09801821903994475
vn 0 0.9569397352434948 -0.29028665679309085
vn 0 0.9569397352434948 -0.29028665679309085
vn 0 0.9569397352434948 -0.29028665679309085
vn 0 0.9569397352434948 -0.29028665679309085
vn 0 0.8819207756094337 -0.47139765119106714
vn 0 0.8819207756094337 -0.47139765119106714
vn 0 0.8819207756094337 -0.47139765119106714
vn 0 0.8819207756094337 -0.47139765119106714
vn 0 0.7730091305503135 -0.6343948960118203
vn 0 0.7730091305503135 -0.6343948960118203
vn 0 0.7730091305503135 -0.6343948960118203
vn 0 0.7730091305503135 -0.6343948960118203
vn 0 0.6343931627424967 -0.7730105530104827
vn 0 0.6343931627424967 -0.7730105530104827
vn 0 0.6343931627424967 -0.7730105530104827
vn 0 0.6343931627424967 -0.7730105530104827
vn -2.2963301071493027e-8 0.4713941665718509 -0.8819226381730029
vn -2.2963301071493027e-8 0.4713941665718509 -0.8819226381730029
vn -2.2963301071493027e-8 0.4713941665718509 -0.8819226381730029
vn -2.2963301071493027e-8 0.4713941665718509 -0.8819226381730029
vn -9.328914211899338e-9 0.0980167894825638 -0.9951847612275475
vn -9.328914211899338e-9 0.0980167894825638 -0.9951847612275475
vn -9.328914211899338e-9 0.0980167894825638 -0.9951847612275475
vn -9.328914211899338e-9 0.0980167894825638 -0.9951847612275475
vn -2.870412159984322e-8 0.29028310534451585 -0.9569408125644677
vn -2.870412159984322e-8 0.29028310534451585 -0.9569408125644677
vn -2.870412159984322e-8 0.29028310534451585 -0.9569408125644677
vn -2.870412159984322e-8 0.29028310534451585 -0.9569408125644677
vn -0.8000050048451826 -0.5971041910122352 -0.058809670108610365
vn -0.8000050048451826 -0.5971041910122352 -0.058809670108610365
vn -0.8000050048451826 -0.5971041910122352 -0.058809670108610365
vn -0.8000050048451826 -0.5971041910122352 -0.058809670108610365
vn -0.8000043045911949 0.05880944043339399 0.5971051518379906
vn -0.8000043045911949 0.05880944043339399 0.5971051518379906
vn -0.8000043045911949 0.05880944043339399 0.5971051518379906
vn -0.8000043045911949 0.05880944043339399 0.5971051518379906
vn -0.8000046876633509 0.5741579011849648 -0.17417004399017869
vn -0.8000046876633509 0.5741579011849648 -0.17417004399017869
vn -0.8000046876633509 0.5741579011849648 -0.17417004399017869
vn -0.8000046876633509 0.5741579011849648 -0.17417004399017869
vn -0.8000046186240751 -0.5971046869500426 0.058809888645021895
vn -0.8000046186240751 -0.5971046869500426 0.058809888645021895
vn -0.8000046186240751 -0.5971046869500426 0.058809888645021895
vn -0.8000046186240751 -0.5971046869500426 0.058809888645021895
vn -0.8000043626551222 0.17416963578400896 0.5741584778644635
vn -0.8000043626551222 0.17416963578400896 0.5741584778644635
vn -0.8000043626551222 0.17416963578400896 0.5741584778644635
vn -0.8000043626551222 0.17416963578400896 0.5741584778644635
vn -0.8000046358002705 -0.05880952482923956 -0.5971046997700116
vn -0.8000046358002705 -0.05880952482923956 -0.5971046997700116
vn -0.8000046358002705 -0.05880952482923956 -0.5971046997700116
vn -0.8000046358002705 -0.05880952482923956 -0.5971046997700116
vn -0.8000047088509232 0.529146915409313 -0.28283565498211005
vn -0.8000047088509232 0.529146915409313 -0.28283565498211005
vn -0.8000047088509232 0.529146915409313 -0.28283565498211005
vn -0.8000047088509232 0.529146915409313 -0.28283565498211005
vn -0.800004412564377 -0.5741584372526776 0.1741695404170584
vn -0.800004412564377 -0.5741584372526776 0.1741695404170584
vn -0.800004412564377 -0.5741584372526776 0.1741695404170584
vn -0.800004412564377 -0.5741584372526776 0.1741695404170584
vn -0.8000046871022842 0.2828354088745022 0.5291470798380818
vn -0.8000046871022842 0.2828354088745022 0.5291470798380818
vn -0.8000046871022842 0.2828354088745022 0.5291470798380818
vn -0.8000046871022842 0.2828354088745022 0.5291470798380818
vn -0.8000048743687574 0.4638004729233847 -0.3806327919429344
vn -0.8000048743687574 0.4638004729233847 -0.3806327919429344
vn -0.8000048743687574 0.4638004729233847 -0.3806327919429344
vn -0.8000048743687574 0.4638004729233847 -0.3806327919429344
vn -0.8000046574358478 -0.17416966488033908 -0.5741580583048731
vn -0.8000046574358478 -0.17416966488033908 -0.5741580583048731
vn -0.8000046574358478 -0.17416966488033908 -0.5741580583048731
vn -0.8000046574358478 -0.17416966488033908 -0.5741580583048731
vn -0.8000045320296562 -0.5291474531692 0.2828351490472149
vn -0.8000045320296562 -0.5291474531692 0.2828351490472149
vn -0.8000045320296562 -0.5291474531692 0.2828351490472149
vn -0.8000045320296562 -0.5291474531692 0.2828351490472149
vn -0.8000051926674088 0.38063181811314817 0.46380072309674303
vn -0.8000051926674088 0.38063181811314817 0.46380072309674303
vn -0.8000051926674088 0.38063181811314817 0.46380072309674303
vn -0.8000051926674088 0.38063181811314817 0.46380072309674303
vn -0.8000048467311276 0.38063173215492935 -0.4638013903422922
vn -0.8000048467311276 0.38063173215492935 -0.4638013903422922
vn -0.8000048467311276 0.38063173215492935 -0.4638013903422922
vn -0.8000048467311276 0.38063173215492935 -0.4638013903422922
vn -0.8000041308059245 -0.2828359295674088 -0.5291476425717092
vn -0.8000041308059245 -0.2828359295674088 -0.5291476425717092
vn -0.8000041308059245 -0.2828359295674088 -0.5291476425717092
vn -0.8000041308059245 -0.2828359295674088 -0.5291476425717092
vn -0.8000048632600503 -0.46380105777633296 0.38063210264745506
vn -0.8000048632600503 -0.46380105777633296 0.38063210264745506
vn -0.8000048632600503 -0.46380105777633296 0.38063210264745506
vn -0.8000048632600503 -0.46380105777633296 0.38063210264745506
vn -0.8000047017759697 0.463802090671802 0.38063118346347735
vn -0.8000047017759697 0.463802090671802 0.38063118346347735
vn -0.8000047017759697 0.463802090671802 0.38063118346347735
vn -0.8000047017759697 0.463802090671802 0.38063118346347735
vn -0.800004513694524 0.2828337867835527 -0.5291482090322747
vn -0.800004513694524 0.2828337867835527 -0.5291482090322747
vn -0.800004513694524 0.2828337867835527 -0.5291482090322747
vn -0.800004513694524 0.2828337867835527 -0.5291482090322747
vn -0.8000045022997373 -0.38063210106200146 -0.46380168169302255
vn -0.8000045022997373 -0.38063210106200146 -0.46380168169302255
vn -0.8000045022997373 -0.38063210106200146 -0.46380168169302255
vn -0.8000045022997373 -0.38063210106200146 -0.46380168169302255
vn -0.8000046869846762 -0.3806319512864308 0.46380148605026505
vn -0.8000046869846762 -0.3806319512864308 0.46380148605026505
vn -0.8000046869846762 -0.3806319512864308 0.46380148605026505
vn -0.8000046869846762 -0.3806319512864308 0.46380148605026505
vn -0.8000046973287832 0.529147297970884 0.2828349718510677
vn -0.8000046973287832 0.529147297970884 0.2828349718510677
vn -0.8000046973287832 0.529147297970884 0.2828349718510677
vn -0.8000046973287832 0.529147297970884 0.2828349718510677
vn -0.8000045029887924 0.17416782714717513 -0.5741588309731785
vn -0.8000045029887924 0.17416782714717513 -0.5741588309731785
vn -0.8000045029887924 0.17416782714717513 -0.5741588309731785
vn -0.8000045029887924 0.17416782714717513 -0.5741588309731785
vn -0.80000498454254 -0.4638012175595419 -0.38063165304185703
vn -0.80000498454254 -0.4638012175595419 -0.38063165304185703
vn -0.80000498454254 -0.4638012175595419 -0.38063165304185703
vn -0.80000498454254 -0.4638012175595419 -0.38063165304185703
vn -0.8000046072108419 -0.28283519075232916 0.5291473172128159
vn -0.8000046072108419 -0.28283519075232916 0.5291473172128159
vn -0.8000046072108419 -0.28283519075232916 0.5291473172128159
vn -0.8000046072108419 -0.28283519075232916 0.5291473172128159
vn -0.800004636650639 0.5741586793584745 0.17416771300907463
vn -0.800004636650639 0.5741586793584745 0.17416771300907463
vn -0.800004636650639 0.5741586793584745 0.17416771300907463
vn -0.800004636650639 0.5741586793584745 0.17416771300907463
vn -0.8000045227169527 0.058809006617880466 -0.5971049023187122
vn -0.8000045227169527 0.058809006617880466 -0.5971049023187122
vn -0.8000045227169527 0.058809006617880466 -0.5971049023187122
vn -0.8000045227169527 0.058809006617880466 -0.5971049023187122
vn -0.8000049325156499 -0.5291470179904657 -0.2828348304265725
vn -0.8000049325156499 -0.5291470179904657 -0.2828348304265725
vn -0.8000049325156499 -0.5291470179904657 -0.2828348304265725
vn -0.8000049325156499 -0.5291470179904657 -0.2828348304265725
vn -0.8000050742507515 -0.17416820918171522 0.5741579191158854
vn -0.8000050742507515 -0.17416820918171522 0.5741579191158854
vn -0.8000050742507515 -0.17416820918171522 0.5741579191158854
vn -0.8000050742507515 -0.17416820918171522 0.5741579191158854
vn -0.8000046022451951 0.5971047534924911 0.05880943583455616
vn -0.8000046022451951 0.5971047534924911 0.05880943583455616
vn -0.8000046022451951 0.5971047534924911 0.05880943583455616
vn -0.8000046022451951 0.5971047534924911 0.05880943583455616
vn -0.8000051951470526 -0.5741577415127129 -0.1741682393513441
vn -0.8000051951470526 -0.5741577415127129 -0.1741682393513441
vn -0.8000051951470526 -0.5741577415127129 -0.1741682393513441
vn -0.8000051951470526 -0.5741577415127129 -0.1741682393513441
vn -0.8000044872384128 -0.05880930641463651 0.5971049203259285
vn -0.8000044872384128 -0.05880930641463651 0.5971049203259285
vn -0.8000044872384128 -0.05880930641463651 0.5971049203259285
vn -0.8000044872384128 -0.05880930641463651 0.5971049203259285
vn -0.8000049516599844 0.5971041917580037 -0.058810386026002005
vn -0.8000049516599844 0.5971041917580037 -0.058810386026002005
vn -0.8000049516599844 0.5971041917580037 -0.058810386026002005
vn -0.8000049516599844 0.5971041917580037 -0.058810386026002005
vn -0.9363786286510754 0.10188687628629525 0.33587814493675
vn -0.9363786286510754 0.10188687628629525 0.33587814493675
vn -0.9363786286510754 0.10188687628629525 0.33587814493675
vn -0.9363786286510754 0.10188687628629525 0.33587814493675
vn -0.9999999999999983 -9.537233500311508e-15 -5.853912199427126e-8
vn -0.999999999999999 -7.629788305156575e-15 -4.6831306832472606e-8
vn -0.999999999999999 -7.62978020180923e-15 -4.683125709448111e-8
vn -0.9999999999999983 -9.537237551985181e-15 -5.853914686326702e-8
vn -1 0 0
vn -1 0 0
vn -0.9999999999998869 -2.931303655596609e-7 3.746536003830749e-7
vn -0.9999999999999957 -1.5259581240797295e-14 -9.366264208665434e-8
vn -0.9999999999999957 -1.5259587028902543e-14 -9.366267761379111e-8
vn -0.9999999999998869 -2.9313059293329e-7 3.7465388460020627e-7
vn -0.999999999999999 -7.62979872374602e-15 -4.683137078131884e-8
vn -0.999999999999999 -7.629809142335463e-15 -4.683143473016505e-8
vn -0.9999999999999826 -3.0519171742562586e-14 -1.873253410167251e-7
vn -0.9999999999999826 -3.0519171742562586e-14 -1.873253410167251e-7
vn -0.999999999999999 7.62979004158815e-15 4.683131749061364e-8
vn -0.999999999999999 7.629779622998706e-15 4.683125354176743e-8
vn -0.999999999999999 -7.629809721145987e-15 -4.683143828287872e-8
vn -0.999999999999999 -7.62977151965136e-15 -4.6831203803775934e-8
vn -0.9999999999998689 -3.4899974401702e-7 3.746508241578211e-7
vn -0.9999999999998689 -3.490003124511623e-7 3.74651108375008e-7
vn -0.999999999999999 7.62979872374602e-15 4.683137078131884e-8
vn -0.999999999999999 7.62978772634605e-15 4.6831303279758933e-8
vn -0.999999999999579 -6.421304374748316e-7 6.556420453549199e-7
vn -0.999999999999579 -6.42130494318269e-7 6.556419316680914e-7
vn -0.999999999999999 -7.629811457577562e-15 -4.683144894101976e-8
vn -0.999999999999999 -7.629801038988118e-15 -4.683138499217354e-8
vn -0.9999999999999976 -1.1444704741940046e-14 -7.024709702818546e-8
vn -0.9999999999999976 -1.144471400290844e-14 -7.024715387160431e-8
vn -1 9.537312797353403e-16 5.853960871604536e-9
vn -1 9.537138430682847e-16 5.853853846104962e-9
vn -1 1.907444616344416e-15 1.170781160908503e-8
vn -1 1.907448089207564e-15 1.1707832925367103e-8
vn -0.9999999999999996 4.768635850903074e-15 2.926967823668707e-8
vn -0.9999999999999996 4.7686265899346785e-15 2.9269621393268207e-8
vn -0.999999999999999 7.629804511851266e-15 4.683140630845561e-8
vn -0.999999999999999 7.629809721145987e-15 4.683143828287872e-8
vn -0.999999999999999 7.629791778019723e-15 4.683132814875468e-8
vn -0.999999999999999 7.629799881367069e-15 4.683137788674619e-8
vn -0.999999999999999 7.629791778019723e-15 4.683132814875468e-8
vn -0.999999999999999 7.629801038988118e-15 4.683138499217354e-8
vn -0.9999999999999957 -1.5259576610313097e-14 -9.36626136649449e-8
vn -0.9999999999999957 -1.5259568506965754e-14 -9.36625639269534e-8
vn -0.9999999999999957 -1.525956040361841e-14 -9.36625141889619e-8
vn -0.9999999999999957 -1.5259583556039396e-14 -9.366265629750904e-8
vn -0.9999999999999957 -1.5259584713660444e-14 -9.366266340293641e-8
vn -0.9999999999999957 -1.5259581240797295e-14 -9.366264208665434e-8
vn -0.9999999999998869 -2.931276454657706e-7 -3.746500089992618e-7
vn -0.9999999999998869 -2.9312750335721886e-7 -3.746499805775755e-7
vn -0.9999999999996843 -6.421286310707279e-7 -4.6831281449458405e-7
vn -0.9999999999996843 -6.421286310707048e-7 -4.6831267238603685e-7
vn -0.9999999999999346 -3.490010708702185e-7 -9.36627202302795e-8
vn -0.9999999999999346 -3.490010992919337e-7 -9.366275575741164e-8
vn -0.999999999999999 7.62979004158815e-15 4.683131749061364e-8
vn -0.999999999999999 7.629803933040742e-15 4.683140275574194e-8
vn -0.999999999999999 -7.629795250882871e-15 -4.683134946503675e-8
vn -0.999999999999999 -7.629785411103951e-15 -4.683128906890422e-8
vn -0.999999999999999 7.629785989914477e-15 4.6831292621617904e-8
vn -0.999999999999999 7.629799881367069e-15 4.683137788674619e-8
vn -0.9999999999999957 1.52595719798289e-14 9.366258524323548e-8
vn -0.9999999999999957 1.52595719798289e-14 9.366258524323548e-8
vn -0.999999999999997 1.2398405055312307e-14 7.610086782960811e-8
vn -0.999999999999997 1.2398399267207062e-14 7.610083230247134e-8
vn -0.9999999999999999 2.8611761854850177e-15 1.7561774257046405e-8
vn -0.9999999999999999 2.861170686785034e-15 1.7561740506266456e-8
vn -0.9363785871549379 -0.2226664104620994 0.2713204952996476
vn -0.9363785871549379 -0.2226664104620994 0.2713204952996476
vn -0.9363785871549379 -0.2226664104620994 0.2713204952996476
vn -0.9363785871549379 -0.2226664104620994 0.2713204952996476
vn -0.9363785228601201 0.16545707281917274 0.30954679610748775
vn -0.9363785228601201 0.16545707281917274 0.30954679610748775
vn -0.9363785228601201 0.16545707281917274 0.30954679610748775
vn -0.9363785228601201 0.16545707281917274 0.30954679610748775
vn -0.9363786642297347 -0.16545532184274186 0.30954730438053046
vn -0.9363786642297347 -0.16545532184274186 0.30954730438053046
vn -0.9363786642297347 -0.16545532184274186 0.30954730438053046
vn -0.9363786642297347 -0.16545532184274186 0.30954730438053046
vn -0.9363785979717926 0.22266697900623617 0.27131999137663343
vn -0.9363785979717926 0.22266697900623617 0.27131999137663343
vn -0.9363785979717926 0.22266697900623617 0.27131999137663343
vn -0.9363785979717926 0.22266697900623617 0.27131999137663343
vn -0.9363787859871513 -0.10188711468364332 0.3358776339899264
vn -0.9363787859871513 -0.10188711468364332 0.3358776339899264
vn -0.9363787859871513 -0.10188711468364332 0.3358776339899264
vn -0.9363787859871513 -0.10188711468364332 0.3358776339899264
vn -0.9363786255424428 0.2713200123148018 0.2226668375505015
vn -0.9363786255424428 0.2713200123148018 0.2226668375505015
vn -0.9363786255424428 0.2713200123148018 0.2226668375505015
vn -0.9363786255424428 0.2713200123148018 0.2226668375505015
vn -0.9363787410639356 -0.03440432541522614 0.3493010101277147
vn -0.9363787410639356 -0.03440432541522614 0.3493010101277147
vn -0.9363787410639356 -0.03440432541522614 0.3493010101277147
vn -0.9363787410639356 -0.03440432541522614 0.3493010101277147
vn -0.936378689037917 0.30954685594113446 0.16545602041808735
vn -0.936378689037917 0.30954685594113446 0.16545602041808735
vn -0.936378689037917 0.30954685594113446 0.16545602041808735
vn -0.936378689037917 0.30954685594113446 0.16545602041808735
vn -0.9363788269312534 0.3358775210449946 0.10188711072318762
vn -0.9363788269312534 0.3358775210449946 0.10188711072318762
vn -0.9363788269312534 0.3358775210449946 0.10188711072318762
vn -0.9363788269312534 0.3358775210449946 0.10188711072318762
vn -0.9363786613968708 0.34930135270361523 0.034403015565921964
vn -0.9363786613968708 0.34930135270361523 0.034403015565921964
vn -0.9363786613968708 0.34930135270361523 0.034403015565921964
vn -0.9363786613968708 0.34930135270361523 0.034403015565921964
vn -0.9363788357660785 0.3493008852330729 -0.03440301592527979
vn -0.9363788357660785 0.3493008852330729 -0.03440301592527979
vn -0.9363788357660785 0.3493008852330729 -0.03440301592527979
vn -0.9363788357660785 0.3493008852330729 -0.03440301592527979
vn -0.9363787000863457 0.3358776425407845 -0.10188787595121547
vn -0.9363787000863457 0.3358776425407845 -0.10188787595121547
vn -0.9363787000863457 0.3358776425407845 -0.10188787595121547
vn -0.9363787000863457 0.3358776425407845 -0.10188787595121547
vn -0.9363787512946328 0.3095467034001875 -0.16545595346792677
vn -0.9363787512946328 0.3095467034001875 -0.16545595346792677
vn -0.9363787512946328 0.3095467034001875 -0.16545595346792677
vn -0.9363787512946328 0.3095467034001875 -0.16545595346792677
vn -0.936378725839106 0.27131948724587235 -0.22266705557079944
vn -0.936378725839106 0.27131948724587235 -0.22266705557079944
vn -0.936378725839106 0.27131948724587235 -0.22266705557079944
vn -0.936378725839106 0.27131948724587235 -0.22266705557079944
vn -0.936378615438824 0.2226670288630103 -0.2713198901779792
vn -0.936378615438824 0.2226670288630103 -0.2713198901779792
vn -0.936378615438824 0.2226670288630103 -0.2713198901779792
vn -0.936378615438824 0.2226670288630103 -0.2713198901779792
vn -0.9363788058995889 0.16545530474759745 -0.30954688496726884
vn -0.9363788058995889 0.16545530474759745 -0.30954688496726884
vn -0.9363788058995889 0.16545530474759745 -0.30954688496726884
vn -0.9363788058995889 0.16545530474759745 -0.30954688496726884
vn -0.9363785665856694 0.10188808339832031 -0.335877951792588
vn -0.9363785665856694 0.10188808339832031 -0.335877951792588
vn -0.9363785665856694 0.10188808339832031 -0.335877951792588
vn -0.9363785665856694 0.10188808339832031 -0.335877951792588
vn -0.9363786117413455 0.03440221126875859 -0.34930156503109233
vn -0.9363786117413455 0.03440221126875859 -0.34930156503109233
vn -0.9363786117413455 0.03440221126875859 -0.34930156503109233
vn -0.9363786117413455 0.03440221126875859 -0.34930156503109233
vn -0.9363787013205762 -0.03440279929872335 -0.34930126697967057
vn -0.9363787013205762 -0.03440279929872335 -0.34930126697967057
vn -0.9363787013205762 -0.03440279929872335 -0.34930126697967057
vn -0.9363787013205762 -0.03440279929872335 -0.34930126697967057
vn -0.9363787573037512 -0.1018890230806914 -0.33587713504486255
vn -0.9363787573037512 -0.1018890230806914 -0.33587713504486255
vn -0.9363787573037512 -0.1018890230806914 -0.33587713504486255
vn -0.9363787573037512 -0.1018890230806914 -0.33587713504486255
vn -0.9363786455321886 -0.16545620916371903 -0.309546886659316
vn -0.9363786455321886 -0.16545620916371903 -0.309546886659316
vn -0.9363786455321886 -0.16545620916371903 -0.309546886659316
vn -0.9363786455321886 -0.16545620916371903 -0.309546886659316
vn -0.9363786435638634 -0.22266690116829016 -0.27131989790947925
vn -0.9363786435638634 -0.22266690116829016 -0.27131989790947925
vn -0.9363786435638634 -0.22266690116829016 -0.27131989790947925
vn -0.9363786435638634 -0.22266690116829016 -0.27131989790947925
vn -0.9363786741029729 -0.2713203244085706 -0.2226662530514815
vn -0.9363786741029729 -0.2713203244085706 -0.2226662530514815
vn -0.9363786741029729 -0.2713203244085706 -0.2226662530514815
vn -0.9363786741029729 -0.2713203244085706 -0.2226662530514815
vn -0.93637875881673 -0.30954678960151266 -0.16545574962580495
vn -0.93637875881673 -0.30954678960151266 -0.16545574962580495
vn -0.93637875881673 -0.30954678960151266 -0.16545574962580495
vn -0.93637875881673 -0.30954678960151266 -0.16545574962580495
vn -0.9363787532844287 -0.3358779118603796 -0.10188649921265519
vn -0.9363787532844287 -0.3358779118603796 -0.10188649921265519
vn -0.9363787532844287 -0.3358779118603796 -0.10188649921265519
vn -0.9363787532844287 -0.3358779118603796 -0.10188649921265519
vn -0.9363786355455901 -0.3493013950971431 -0.034403288752217695
vn -0.9363786355455901 -0.3493013950971431 -0.034403288752217695
vn -0.9363786355455901 -0.3493013950971431 -0.034403288752217695
vn -0.9363786355455901 -0.3493013950971431 -0.034403288752217695
vn -0.9363787094647361 -0.3493011583760475 0.03440368030177425
vn -0.9363787094647361 -0.3493011583760475 0.03440368030177425
vn -0.9363787094647361 -0.3493011583760475 0.03440368030177425
vn -0.9363787094647361 -0.3493011583760475 0.03440368030177425
vn -0.9363785733202409 -0.33587790805099227 0.1018881657016139
vn -0.9363785733202409 -0.33587790805099227 0.1018881657016139
vn -0.9363785733202409 -0.33587790805099227 0.1018881657016139
vn -0.9363785733202409 -0.33587790805099227 0.1018881657016139
vn -0.9363787083940299 -0.3095463911948316 0.1654567803524069
vn -0.9363787083940299 -0.3095463911948316 0.1654567803524069
vn -0.9363787083940299 -0.3095463911948316 0.1654567803524069
vn -0.9363787083940299 -0.3095463911948316 0.1654567803524069
vn -0.936378759212442 0.034404179128448224 0.3493009758850744
vn -0.936378759212442 0.034404179128448224 0.3493009758850744
vn -0.936378759212442 0.034404179128448224 0.3493009758850744
vn -0.936378759212442 0.034404179128448224 0.3493009758850744
vn -0.9363788378503495 -0.27131959183796106 0.2226664570852805
vn -0.9363788378503495 -0.27131959183796106 0.2226664570852805
vn -0.9363788378503495 -0.27131959183796106 0.2226664570852805
vn -0.9363788378503495 -0.27131959183796106 0.2226664570852805
vn 0.999999999999993 1.1156582620733656e-7 -3.634222208928948e-8
vn 0.999999999999993 1.1156582620733656e-7 -3.634222208928948e-8
vn 0.999999999999993 1.1156582620733656e-7 -3.634222208928948e-8
vn 0.999999999999993 1.1156582620733656e-7 -3.634222208928948e-8
vn 0.999999999999993 1.1156582620733656e-7 -3.634222208928948e-8
vn 0.999999999999993 1.1156582620733656e-7 -3.634222208928948e-8
vn 0.999999999999993 1.1156582620733656e-7 -3.634222208928948e-8
vn 0.999999999999993 1.1156582620733656e-7 -3.634222208928948e-8
vn 0.999999999999993 1.1156582620733656e-7 -3.634222208928948e-8
vn 0.999999999999993 1.1156582620733656e-7 -3.634222208928948e-8
vn 0.999999999999993 1.1156582620733656e-7 -3.634222208928948e-8
vn 0.999999999999993 1.1156582620733656e-7 -3.634222208928948e-8
vn 0.999999999999993 1.1156582620733656e-7 -3.634222208928948e-8
vn 0.999999999999993 1.1156582620733656e-7 -3.634222208928948e-8
vn 0.999999999999993 1.1156582620733656e-7 -3.634222208928948e-8
vn 0.999999999999993 1.1156582620733656e-7 -3.634222208928948e-8
vn 0.999999999999993 1.1156582620733656e-7 -3.634222208928948e-8
vn 0.999999999999993 1.1156582620733656e-7 -3.634222208928948e-8
vn 0.999999999999993 1.1156582620733656e-7 -3.634222208928948e-8
vn 0.999999999999993 1.1156582620733656e-7 -3.634222208928948e-8
vn 0.999999999999993 1.1156582620733656e-7 -3.634222208928948e-8
vn 0.999999999999993 1.1156582620733656e-7 -3.634222208928948e-8
vn 0.999999999999993 1.1156582620733656e-7 -3.634222208928948e-8
vn 0.999999999999993 1.1156582620733656e-7 -3.634222208928948e-8
vn 0.999999999999993 1.1156582620733656e-7 -3.634222208928948e-8
vn 0.999999999999993 1.1156582620733656e-7 -3.634222208928948e-8
vn 0.999999999999993 1.1156582620733656e-7 -3.634222208928948e-8
vn 0.999999999999993 1.1156582620733656e-7 -3.634222208928948e-8
vn 0.999999999999993 1.1156582620733656e-7 -3.634222208928948e-8
vn 0.999999999999993 1.1156582620733656e-7 -3.634222208928948e-8
vn 0.999999999999993 1.1156582620733656e-7 -3.634222208928948e-8
vn 0.999999999999993 1.1156582620733656e-7 -3.634222208928948e-8
f 1//1 2//2 3//3
f 1//1 3//3 4//4
f 5//5 6//6 7//7
f 5//5 7//7 8//8
f 9//9 10//10 11//11
f 9//9 11//11 12//12
f 13//13 14//14 15//15
f 13//13 15//15 16//16
f 17//17 18//18 19//19
f 17//17 19//19 20//20
f 21//21 22//22 23//23
f 21//21 23//23 24//24
f 25//25 26//26 27//27
f 25//25 27//27 28//28
f 29//29 30//30 31//31
f 29//29 31//31 32//32
f 33//33 34//34 35//35
f 33//33 35//35 36//36
f 37//37 38//38 39//39
f 37//37 39//39 40//40
f 41//41 42//42 43//43
f 41//41 43//43 44//44
f 45//45 46//46 47//47
f 45//45 47//47 48//48
f 49//49 50//50 51//51
f 49//49 51//51 52//52
f 53//53 54//54 55//55
f 53//53 55//55 56//56
f 57//57 58//58 59//59
f 57//57 59//59 60//60
f 61//61 62//62 63//63
f 61//61 63//63 64//64
f 65//65 66//66 67//67
f 65//65 67//67 68//68
f 69//69 70//70 71//71
f 69//69 71//71 72//72
f 73//73 74//74 75//75
f 73//73 75//75 76//76
f 77//77 78//78 79//79
f 77//77 79//79 80//80
f 81//81 82//82 83//83
f 81//81 83//83 84//84
f 85//85 86//86 87//87
f 85//85 87//87 88//88
f 89//89 90//90 91//91
f 89//89 91//91 92//92
f 93//93 94//94 95//95
f 93//93 95//95 96//96
f 97//97 98//98 99//99
f 97//97 99//99 100//100
f 101//101 102//102 103//103
f 101//101 103//103 104//104
f 105//105 106//106 107//107
f 105//105 107//107 108//108
f 109//109 110//110 111//111
f 109//109 111//111 112//112
f 113//113 114//114 115//115
f 113//113 115//115 116//116
f 117//117 118//118 119//119
f 117//117 119//119 120//120
f 121//121 122//122 123//123
f 121//121 123//123 124//124
f 125//125 126//126 127//127
f 125//125 127//127 128//128
f 129//129 130//130 131//131
f 129//129 131//131 132//132
f 133//133 134//134 135//135
f 133//133 135//135 136//136
f 137//137 138//138 139//139
f 137//137 139//139 140//140
f 141//141 142//142 143//143
f 141//141 143//143 144//144
f 145//145 146//146 147//147
f 145//145 147//147 148//148
f 149//149 150//150 151//151
f 149//149 151//151 152//152
f 153//153 154//154 155//155
f 153//153 155//155 156//156
f 157//157 158//158 159//159
f 157//157 159//159 160//160
f 161//161 162//162 163//163
f 161//161 163//163 164//164
f 165//165 166//166 167//167
f 165//165 167//167 168//168
f 169//169 170//170 171//171
f 169//169 171//171 172//172
f 173//173 174//174 175//175
f 173//173 175//175 176//176
f 177//177 178//178 179//179
f 177//177 179//179 180//180
f 181//181 182//182 183//183
f 181//181 183//183 184//184
f 185//185 186//186 187//187
f 185//185 187//187 188//188
f 189//189 190//190 191//191
f 189//189 191//191 192//192
f 193//193 194//194 195//195
f 193//193 195//195 196//196
f 197//197 198//198 199//199
f 197//197 199//199 200//200
f 201//201 202//202 203//203
f 201//201 203//203 204//204
f 205//205 206//206 207//207
f 205//205 207//207 208//208
f 209//209 210//210 211//211
f 209//209 211//211 212//212
f 213//213 214//214 215//215
f 213//213 215//215 216//216
f 217//217 218//218 219//219
f 217//217 219//219 220//220
f 221//221 222//222 223//223
f 221//221 223//223 224//224
f 225//225 226//226 227//227
f 225//225 227//227 228//228
f 229//229 230//230 231//231
f 229//229 231//231 232//232
f 233//233 234//234 235//235
f 233//233 235//235 236//236
f 237//237 238//238 239//239
f 237//237 239//239 240//240
f 241//241 242//242 243//243
f 241//241 243//243 244//244
f 245//245 246//246 247//247
f 245//245 247//247 248//248
f 249//249 250//250 251//251
f 249//249 251//251 252//252
f 253//253 254//254 255//255
f 253//253 255//255 256//256
f 257//257 258//258 259//259
f 257//257 259//259 260//260
f 261//261 262//262 263//263
f 261//261 263//263 264//264
f 262//262 265//265 266//266
f 262//262 266//266 263//263
f 267//267 268//268 269//269
f 267//267 269//269 270//270
f 265//265 271//271 272//272
f 265//265 272//272 266//266
f 268//268 273//273 274//274
f 268//268 274//274 269//269
f 271//271 275//275 276//276
f 271//271 276//276 272//272
f 273//273 277//277 278//278
f 273//273 278//278 274//274
f 275//275 279//279 280//280
f 275//275 280//280 276//276
f 277//277 281//281 282//282
f 277//277 282//282 278//278
f 279//279 283//283 284//284
f 279//279 284//284 280//280
f 281//281 285//285 286//286
f 281//281 286//286 282//282
f 283//283 267//267 270//270
f 283//283 270//270 284//284
f 285//285 287//287 288//288
f 285//285 288//288 286//286
f 287//287 289//289 290//290
f 287//287 290//290 288//288
f 289//289 291//291 292//292
f 289//289 292//292 290//290
f 291//291 293//293 294//294
f 291//291 294//294 292//292
f 293//293 295//295 296//296
f 293//293 296//296 294//294
f 295//295 297//297 298//298
f 295//295 298//298 296//296
f 297//297 299//299 300//300
f 297//297 300//300 298//298
f 299//299 301//301 302//302
f 299//299 302//302 300//300
f 301//301 303//303 304//304
f 301//301 304//304 302//302
f 303//303 305//305 306//306
f 303//303 306//306 304//304
f 305//305 307//307 308//308
f 305//305 308//308 306//306
f 307//307 309//309 310//310
f 307//307 310//310 308//308
f 309//309 311//311 312//312
f 309//309 312//312 310//310
f 311//311 313//313 314//314
f 311//311 314//314 312//312
f 313//313 315//315 316//316
f 313//313 316//316 314//314
f 315//315 317//317 318//318
f 315//315 318//318 316//316
f 317//317 319//319 320//320
f 317//317 320//320 318//318
f 319//319 321//321 322//322
f 319//319 322//322 320//320
f 321//321 323//323 324//324
f 321//321 324//324 322//322
f 323//323 261//261 264//264
f 323//323 264//264 324//324
f 325//325 326//326 327//327
f 325//325 327//327 328//328
f 329//329 330//330 331//331
f 329//329 331//331 332//332
f 333//333 334//334 335//335
f 333//333 335//335 336//336
f 337//337 338//338 339//339
f 337//337 339//339 340//340
f 341//341 342//342 343//343
f 341//341 343//343 344//344
f 345//345 346//346 347//347
f 345//345 347//347 348//348
f 349//349 350//350 351//351
f 349//349 351//351 352//352
f 353//353 354//354 355//355
f 353//353 355//355 356//356
f 357//357 358//358 359//359
f 357//357 359//359 360//360
f 361//361 362//362 363//363
f 361//361 363//363 364//364
f 365//365 366//366 367//367
f 365//365 367//367 368//368
f 369//369 370//370 371//371
f 369//369 371//371 372//372
f 373//373 374//374 375//375
f 373//373 375//375 376//376
f 377//377 378//378 379//379
f 377//377 379//379 380//380
f 381//381 382//382 383//383
f 381//381 383//383 384//384
f 385//385 386//386 387//387
f 385//385 387//387 388//388
f 389//389 390//390 391//391
f 389//389 391//391 392//392
f 393//393 394//394 395//395
f 393//393 395//395 396//396
f 397//397 398//398 399//399
f 397//397 399//399 400//400
f 401//401 402//402 403//403
f 401//401 403//403 404//404
f 405//405 406//406 407//407
f 405//405 407//407 408//408
f 409//409 410//410 411//411
f 409//409 411//411 412//412
f 413//413 414//414 415//415
f 413//413 415//415 416//416
f 417//417 418//418 419//419
f 417//417 419//419 420//420
f 421//421 422//422 423//423
f 421//421 423//423 424//424
f 425//425 426//426 427//427
f 425//425 427//427 428//428
f 429//429 430//430 431//431
f 429//429 431//431 432//432
f 433//433 434//434 435//435
f 433//433 435//435 436//436
f 437//437 438//438 439//439
f 437//437 439//439 440//440
f 441//441 442//442 443//443
f 441//441 443//443 444//444
f 445//445 446//446 447//447
f 445//445 447//447 448//448
f 467//467 465//465 466//466
f 465//465 467//467 468//468
f 465//465 468//468 464//464
f 464//464 468//468 469//469
f 464//464 469//469 463//463
f 463//463 469//469 470//470
f 463//463 470//470 462//462
f 462//462 470//470 471//471
f 462//462 471//471 461//461
f 461//461 471//471 472//472
f 461//461 472//472 460//460
f 460//460 472//472 473//473
f 460//460 473//473 459//459
f 459//459 473//473 474//474
f 459//459 474//474 458//458
f 458//458 474//474 475//475
f 458//458 475//475 457//457
f 457//457 475//475 476//476
f 457//457 476//476 456//456
f 456//456 476//476 477//477
f 456//456 477//477 455//455
f 455//455 477//477 478//478
f 455//455 478//478 454//454
f 454//454 478//478 479//479
f 454//454 479//479 453//453
f 453//453 479//479 480//480
f 453//453 480//480 452//452
f 452//452 480//480 449//449
f 452//452 449//449 451//451
f 451//451 449//449 450//450
o WRR_Material031_0
usemtl Material.031
v -175.4109753370285 38.729332371277565 -241.21230189374816
v -175.4109753370285 33.757367210886585 -235.1539434277101
v -161.20836810022593 55.28460550934152 -220.76992085457223
v -161.20836810022593 57.0367492597891 -222.90491257722942
v -175.4109753370285 27.01961708069453 -212.94251024036282
v -161.20836810022593 52.910196900368874 -212.9425425184433
v -129.52934634685516 45.5289091671256 -216.11036005999304
v -135.1186407804489 35.339939197380474 -216.11033269549608
v -175.4109753370285 33.757367210886585 -235.1539434277101
v -175.4109753370285 30.062866817778392 -228.2420213246398
v -161.20836810022593 53.982648984364644 -218.3341403258653
v -161.20836810022593 55.28460550934152 -220.76992085457223
v -161.20836810022593 66.99913682766145 -198.85361748934005
v -161.20836810022593 64.25052224219498 -199.12432941717478
v -129.52934634685516 62.74963791039775 -191.57886990217227
v -129.52934634685516 63.831325139745225 -191.47233273632997
v -175.4109753370285 27.01961708069453 -212.94251024036282
v -175.4109753370285 27.7878119539728 -205.14290918836295
v -161.20836810022593 53.180915684279384 -210.19393404453567
v -161.20836810022593 52.910196900368874 -212.9425425184433
v -175.4109753370285 27.7878119539728 -205.14290918836295
v -175.4109753370285 30.062880743682705 -197.64303517580746
v -161.20836810022593 53.982653721402414 -207.55094483026045
v -161.20836810022593 53.180915684279384 -210.19393404453567
v -161.20836810022593 64.25052224219498 -199.12432941717478
v -161.20836810022593 61.60753295294257 -199.9260814942638
v -129.52934634685516 61.709512965806226 -191.89437946925236
v -129.52934634685516 62.74963791039775 -191.57886990217227
v -175.41098725795746 95.2689456505368 -184.6727875036876
v -161.20836810022593 76.96151535097924 -202.98018278066863
v -129.52935826778412 79.94090316413237 -195.52083929625047
v -135.11865270137787 87.14559938387265 -188.31615436479308
v -175.41098725795746 82.29865449428137 -176.00629090184273
v -175.41098725795746 89.21057539353073 -179.70079056690855
v -135.11865270137787 84.76139603024708 -186.35947504941228
v -135.11865270137787 82.04127273768917 -184.9055385062418
v -175.4109753370285 38.72935350366798 -184.67275445036097
v -175.4109753370285 44.787710479591865 -179.70077736904076
v -161.20836810022593 59.171741248368505 -201.22801492243897
v -161.20836810022593 57.03675548617286 -202.98017655428097
v -175.4109753370285 44.787710479591865 -179.70077736904076
v -175.4109753370285 51.69965046405508 -176.00627995616773
v -161.20836810022593 61.60753295294257 -199.9260814942638
v -161.20836810022593 59.171741248368505 -201.22801492243897
v -175.41098725795746 89.21057539353073 -179.70079056690855
v -175.41098725795746 95.2689456505368 -184.6727875036876
v -135.11865270137787 87.14559938387265 -188.31615436479308
v -135.11865270137787 84.76139603024708 -186.35947504941228
v -175.4109753370285 66.99914526388199 -172.96303915977794
v -175.4109753370285 74.79878271689958 -173.73122509236543
v -161.20836810022593 69.74775134146859 -199.12433031278707
v -161.20836810022593 66.99913682766145 -198.85361748934005
v -175.4109753370285 74.79878271689958 -173.73122509236543
v -175.41098725795746 82.29865449428137 -176.00629090184273
v -161.20836810022593 72.39073440901188 -199.92608623130252
v -161.20836810022593 69.74775134146859 -199.12433031278707
v -161.20836810022593 53.982648984364644 -218.3341403258653
v -175.4109753370285 30.062866817778392 -228.2420213246398
v -135.1186407804489 36.53757732414314 -222.13130874858928
v -129.52934634685516 45.9509588802812 -218.23216627346807
v -161.20836810022593 61.60752424129245 -225.95900614636233
v -175.4109753370285 51.6996145868363 -249.87879849559158
v -135.1186407804489 51.956984422501485 -240.9795389702616
v -129.52934634685516 55.85613927811752 -231.5661571945113
v -175.41098725795746 95.2689456505368 -184.6727875036876
v -175.41098725795746 100.24088696906941 -190.73114894995402
v -161.20836810022593 78.71364718049786 -205.11517450332389
v -161.20836810022593 76.96151535097924 -202.98018278066863
v -161.20836810022593 57.03675548617286 -202.98017655428097
v -161.20836810022593 55.284611040060895 -205.11514237404313
v -129.52934634685516 48.88787627684301 -200.84098687741303
v -129.52934634685516 49.57740976657896 -200.00079842688226
v -175.41098725795746 100.24088696906941 -190.73114894995402
v -175.41098725795746 103.93539630287043 -197.64309489488366
v -161.20838002115488 80.01560221535885 -207.55095354191445
v -161.20836810022593 78.71364718049786 -205.11517450332389
v -175.41098725795746 95.26886491349968 -241.21234686799406
v -161.20836810022593 76.96149124319815 -222.9049426454721
v -129.52935826778412 84.42082057151524 -225.8843177926359
v -135.11865270137787 91.62549954250719 -233.08901997283968
v -161.20836810022593 55.284611040060895 -205.11514237404313
v -161.20836810022593 53.982653721402414 -207.55094483026045
v -129.52934634685516 48.37550267325136 -201.79957253307253
v -129.52934634685516 48.88787627684301 -200.84098687741303
v -175.41098725795746 106.97863709926115 -212.94258397803614
v -175.41098725795746 106.21043924574658 -220.74221001139085
v -161.20838002115488 80.81733551544018 -215.69118403763102
v -161.20838002115488 81.08804833888621 -212.94257554181107
v -175.4109753370285 66.99911324946555 -252.92205023765464
v -161.20836810022593 66.99912168568171 -227.03148680925372
v -129.52934634685516 70.16691562916569 -234.41275964133197
v -135.1186407804489 70.16691210652445 -244.60174302212604
v -175.41098725795746 106.21043924574658 -220.74221001139085
v -175.41098725795746 103.93534959440954 -228.24209296463965
v -161.20838002115488 80.01559151785273 -218.33417287937624
v -161.20838002115488 80.81733551544018 -215.69118403763102
v -161.20836810022593 72.39073440901188 -199.92608623130252
v -175.41098725795746 82.29865449428137 -176.00629090184273
v -135.11865270137787 82.04127273768917 -184.9055385062418
v -129.52934634685516 78.14211937218683 -194.31893518315354
v -175.4109753370285 66.99911324946555 -252.92205023765464
v -175.4109753370285 59.19949977526316 -252.15386430507107
v -161.20836810022593 64.25050730883576 -226.76076206487778
v -161.20836810022593 66.99912168568171 -227.03148680925372
v -175.41098725795746 103.93539630287043 -197.64309489488366
v -175.41098725795746 106.21044178718323 -205.14298305979193
v -135.11865270137787 98.35600370458336 -206.705312651962
v -135.11865270137787 97.46067983604071 -203.75381045116546
v -175.4109753370285 59.19949977526316 -252.15386430507107
v -175.4109753370285 51.6996145868363 -249.87879849559158
v -161.20836810022593 61.60752424129245 -225.95900614636233
v -161.20836810022593 64.25050730883576 -226.76076206487778
v -175.41098725795746 95.26886491349968 -241.21234686799406
v -175.41098725795746 89.21050495734356 -246.18432394931375
v -161.20836810022593 74.82649356007744 -224.65708043545422
v -161.20836810022593 76.96149124319815 -222.9049426454721
v -175.41098725795746 106.21044178718323 -205.14298305979193
v -175.41098725795746 106.97863709926115 -212.94258397803614
v -135.11865270137787 98.6583239232681 -209.7747850141435
v -135.11865270137787 98.35600370458336 -206.705312651962
v -175.41098725795746 89.21050495734356 -246.18432394931375
v -175.41098725795746 82.29854709148496 -249.87883328311284
v -161.20836810022593 72.39070185549997 -225.9590347252551
v -161.20836810022593 74.82649356007744 -224.65708043545422
v -161.20836810022593 52.910196900368874 -212.9425425184433
v -161.20836810022593 53.18091478866903 -215.69115122288034
v -129.52934634685516 45.63544633296888 -217.19204132887606
v -129.52934634685516 45.5289091671256 -216.11036005999304
v -174.62682855129242 84.77551696865376 -255.85875312025627
v -174.62681663036346 76.06140762385773 -258.5021193486724
v -175.4109753370285 74.79867308268177 -252.15386684649897
v -175.41098725795746 82.29854709148496 -249.87883328311284
v -174.62681663036346 41.19167604614181 -251.56608506793287
v -174.62681663036346 34.152481688175165 -245.78915108552354
v -175.4109753370285 38.729332371277565 -241.21230189374816
v -175.4109753370285 44.7876877271244 -246.1842869095958
v -174.62682855129242 92.80649998354846 -251.56614712123533
v -174.62682855129242 84.77551696865376 -255.85875312025627
v -175.41098725795746 82.29854709148496 -249.87883328311284
v -175.41098725795746 89.21050495734356 -246.18432394931375
v -174.62681663036346 49.22263382046184 -255.85874136749192
v -174.62681663036346 41.19167604614181 -251.56608506793287
v -175.4109753370285 44.7876877271244 -246.1842869095958
v -175.4109753370285 51.6996145868363 -249.87879849559158
v -174.62682855129242 99.84570814480674 -245.78922139295338
v -174.62682855129242 92.80649998354846 -251.56614712123533
v -175.41098725795746 89.21050495734356 -246.18432394931375
v -175.41098725795746 95.26886491349968 -241.21234686799406
v -174.62681663036346 57.93674379405451 -258.50211639578987
v -174.62681663036346 49.22263382046184 -255.85874136749192
v -175.4109753370285 51.6996145868363 -249.87879849559158
v -175.4109753370285 59.19949977526316 -252.15386430507107
v -174.62682855129242 105.62262424582164 -238.7500329954483
v -174.62682855129242 99.84570814480674 -245.78922139295338
v -175.41098725795746 95.26886491349968 -241.21234686799406
v -175.41098725795746 100.2408260874858 -235.15401386388513
v -174.62681663036346 66.99911114040538 -259.39470934867734
v -174.62681663036346 57.93674379405451 -258.50211639578987
v -175.4109753370285 59.19949977526316 -252.15386430507107
v -175.4109753370285 66.99911324946555 -252.92205023765464
v -174.62682855129242 109.9152924663099 -230.7190737310141
v -174.62682855129242 105.62262424582164 -238.7500329954483
v -175.41098725795746 100.2408260874858 -235.15401386388513
v -175.41098725795746 103.93534959440954 -228.24209296463965
v -174.62682855129242 112.55870325739335 -222.0049719530659
v -174.62682855129242 109.9152924663099 -230.7190737310141
v -175.41098725795746 103.93534959440954 -228.24209296463965
v -175.41098725795746 106.21043924574658 -220.74221001139085
v -174.62682855129242 113.45128428935489 -212.94258608709205
v -174.62682855129242 112.55870325739335 -222.0049719530659
v -175.41098725795746 106.21043924574658 -220.74221001139085
v -175.41098725795746 106.97863709926115 -212.94258397803614
v -174.62682855129242 112.55871813121843 -203.88022467676194
v -174.62682855129242 113.45128428935489 -212.94258608709205
v -175.41098725795746 106.97863709926115 -212.94258397803614
v -175.41098725795746 106.21044178718323 -205.14298305979193
v -174.62682855129242 109.91533998187275 -195.1661190572543
v -174.62682855129242 112.55871813121843 -203.88022467676194
v -175.41098725795746 106.21044178718323 -205.14298305979193
v -175.41098725795746 103.93539630287043 -197.64309489488366
v -174.62682855129242 105.62271014099318 -187.13514051270406
v -174.62682855129242 109.91533998187275 -195.1661190572543
v -175.41098725795746 103.93539630287043 -197.64309489488366
v -175.41098725795746 100.24088696906941 -190.73114894995402
v -174.62682855129242 99.84580229410369 -180.0959383119132
v -174.62682855129242 105.62271014099318 -187.13514051270406
v -175.41098725795746 100.24088696906941 -190.73114894995402
v -175.41098725795746 95.2689456505368 -184.6727875036876
v -174.62682855129242 92.80659005474556 -174.318992408572
v -174.62682855129242 99.84580229410369 -180.0959383119132
v -175.41098725795746 95.2689456505368 -184.6727875036876
v -175.41098725795746 89.21057539353073 -179.70079056690855
v -174.62682855129242 84.77563526065389 -170.02635995087132
v -174.62682855129242 92.80659005474556 -174.318992408572
v -175.41098725795746 89.21057539353073 -179.70079056690855
v -175.41098725795746 82.29865449428137 -176.00629090184273
v -174.62681663036346 76.06153273764764 -167.38294915978776
v -174.62682855129242 84.77563526065389 -170.02635995087132
v -175.41098725795746 82.29865449428137 -176.00629090184273
v -175.4109753370285 74.79878271689958 -173.73122509236543
v -174.62681663036346 66.99914737293791 -166.4903919696842
v -174.62681663036346 76.06153273764764 -167.38294915978776
v -175.4109753370285 74.79878271689958 -173.73122509236543
v -175.4109753370285 66.99914526388199 -172.96303915977794
v -174.62681663036346 57.936785461345615 -167.38292236503372
v -174.62681663036346 66.99914737293791 -166.4903919696842
v -175.4109753370285 66.99914526388199 -172.96303915977794
v -175.4109753370285 59.19953788390917 -173.7312106299969
v -174.62681663036346 49.22268058688824 -170.02634819809535
v -174.62681663036346 57.936785461345615 -167.38292236503372
v -175.4109753370285 59.19953788390917 -173.7312106299969
v -175.4109753370285 51.69965046405508 -176.00627995616773
v -174.62681663036346 41.191700552223836 -174.31896611804572
v -174.62681663036346 49.22268058688824 -170.02634819809535
v -175.4109753370285 51.69965046405508 -176.00627995616773
v -175.4109753370285 44.787710479591865 -179.70077736904076
v -174.62681663036346 34.15250431189258 -180.09590376725856
v -174.62681663036346 41.191700552223836 -174.31896611804572
v -175.4109753370285 44.787710479591865 -179.70077736904076
v -175.4109753370285 38.72935350366798 -184.67275445036097
v -174.62681663036346 28.375573309718412 -187.13508024383225
v -174.62681663036346 34.15250431189258 -180.09590376725856
v -175.4109753370285 38.72935350366798 -184.67275445036097
v -175.4109753370285 33.757380408750485 -190.73110235562913
v -174.62681663036346 24.082934891550117 -195.16605440943252
v -174.62681663036346 28.375573309718412 -187.13508024383225
v -175.4109753370285 33.757380408750485 -190.73110235562913
v -175.4109753370285 30.062880743682705 -197.64303517580746
v -174.62681663036346 21.439533041164843 -203.88014724668542
v -174.62681663036346 24.082934891550117 -195.16605440943252
v -175.4109753370285 30.062880743682705 -197.64303517580746
v -175.4109753370285 27.7878119539728 -205.14290918836295
v -174.62681663036346 20.546972870833038 -212.9425081313074
v -174.62681663036346 21.439533041164843 -203.88014724668542
v -175.4109753370285 27.7878119539728 -205.14290918836295
v -175.4109753370285 27.01961708069453 -212.94251024036282
v -174.62681663036346 21.439533068504836 -222.00487068113392
v -174.62681663036346 20.546972870833038 -212.9425081313074
v -175.4109753370285 27.01961708069453 -212.94251024036282
v -175.4109753370285 27.787812392768387 -220.74213613996233
v -174.62681663036346 24.082923138776074 -230.7189971622692
v -174.62681663036346 21.439533068504836 -222.00487068113392
v -175.4109753370285 27.787812392768387 -220.74213613996233
v -175.4109753370285 30.062866817778392 -228.2420213246398
v -174.62681663036346 28.375558940122545 -238.7499608056592
v -174.62681663036346 24.082923138776074 -230.7189971622692
v -175.4109753370285 30.062866817778392 -228.2420213246398
v -175.4109753370285 33.757367210886585 -235.1539434277101
v -174.62681663036346 76.06140762385773 -258.5021193486724
v -174.62681663036346 66.99911114040538 -259.39470934867734
v -175.4109753370285 66.99911324946555 -252.92205023765464
v -175.4109753370285 74.79867308268177 -252.15386684649897
v -174.62681663036346 34.152481688175165 -245.78915108552354
v -174.62681663036346 28.375558940122545 -238.7499608056592
v -175.4109753370285 33.757367210886585 -235.1539434277101
v -175.4109753370285 38.729332371277565 -241.21230189374816
v -135.1186407804489 73.23634274545363 -244.299428763899
v -135.1186407804489 70.16691210652445 -244.60174302212604
v -129.52934634685516 70.16691562916569 -234.41275964133197
v -129.52934634685516 71.24859093758226 -234.30623439641667
v -135.1186407804489 36.53757732414314 -222.13130874858928
v -135.1186407804489 35.64225345560462 -219.1797812158187
v -129.52934634685516 45.63544633296888 -217.19204132887606
v -129.52934634685516 45.9509588802812 -218.23216627346807
v -135.1186407804489 35.64225345560462 -219.1797812158187
v -135.1186407804489 35.339939197380474 -216.11033269549608
v -129.52934634685516 45.5289091671256 -216.11036005999304
v -129.52934634685516 45.63544633296888 -217.19204132887606
v -135.1186407804489 38.962122387618294 -197.9004109719342
v -135.1186407804489 40.416055950557485 -195.18028171891132
v -129.52934634685516 48.88787627684301 -200.84098687741303
v -129.52934634685516 48.37550267325136 -201.79957253307253
v -135.1186407804489 40.416055950557485 -195.18028171891132
v -135.1186407804489 42.37272185489223 -192.79608432574807
v -129.52934634685516 49.57740976657896 -200.00079842688226
v -129.52934634685516 48.88787627684301 -200.84098687741303
v -135.1186407804489 57.81037123574234 -182.4810023834628
v -135.1186407804489 60.7618741816018 -181.58564871259787
v -129.52934634685516 62.74963791039775 -191.57886990217227
v -129.52934634685516 61.709512965806226 -191.89437946925236
v -135.1186407804489 60.7618741816018 -181.58564871259787
v -135.1186407804489 63.83132866238695 -181.28334637530364
v -129.52934634685516 63.831325139745225 -191.47233273632997
v -129.52934634685516 62.74963791039775 -191.57886990217227
v -135.11865270137787 82.04127273768917 -184.9055385062418
v -135.11865270137787 84.76139603024708 -186.35947504941228
v -129.52935826778412 79.10069906738379 -194.83129686581526
v -129.52934634685516 78.14211937218683 -194.31893518315354
v -135.11865270137787 84.76139603024708 -186.35947504941228
v -135.11865270137787 87.14559938387265 -188.31615436479308
v -129.52935826778412 79.94090316413237 -195.52083929625047
v -129.52935826778412 79.10069906738379 -194.83129686581526
v -135.11865270137787 97.46067983604071 -203.75381045116546
v -135.11865270137787 98.35600370458336 -206.705312651962
v -129.52935826778412 88.36281380744745 -208.69307638076307
v -129.52935826778412 88.04729827990289 -207.65295143617058
v -135.11865270137787 98.35600370458336 -206.705312651962
v -135.11865270137787 98.6583239232681 -209.7747850141435
v -129.52935826778412 88.46935097329074 -209.77475764964606
v -129.52935826778412 88.36281380744745 -208.69307638076307
v -135.11865270137787 95.03610795047396 -227.9847171685129
v -135.11865270137787 93.58216544684 -230.70483450060536
v -129.52935826778412 85.11035704148293 -225.04413232233784
v -129.52935826778412 85.6227246846101 -224.08554666667737
v -135.11865270137787 93.58216544684 -230.70483450060536
v -135.11865270137787 91.62549954250719 -233.08901997283968
v -129.52935826778412 84.42082057151524 -225.8843177926359
v -129.52935826778412 85.11035704148293 -225.04413232233784
v -135.1186407804489 51.956984422501485 -240.9795389702616
v -135.1186407804489 49.23687007064223 -239.52559050616364
v -129.52934634685516 54.89755958292055 -231.0537955118496
v -129.52934634685516 55.85613927811752 -231.5661571945113
v -135.1186407804489 49.23687007064223 -239.52559050616364
v -135.1186407804489 46.85266969724454 -237.56893801287347
v -129.52934634685516 54.0573599565184 -230.36426500234404
v -129.52934634685516 54.89755958292055 -231.0537955118496
v -135.1186407804489 76.1878456913092 -243.40409893489198
v -135.1186407804489 73.23634274545363 -244.299428763899
v -129.52934634685516 71.24859093758226 -234.30623439641667
v -129.52934634685516 72.28871588217572 -233.99071290840763
v -175.4109753370285 59.19953788390917 -173.7312106299969
v -175.4109753370285 66.99914526388199 -172.96303915977794
v -135.1186407804489 63.83132866238695 -181.28334637530364
v -135.1186407804489 60.7618741816018 -181.58564871259787
v -161.20836810022593 72.39070185549997 -225.9590347252551
v -175.41098725795746 82.29854709148496 -249.87883328311284
v -135.1186407804489 76.1878456913092 -243.40409893489198
v -129.52934634685516 72.28871588217572 -233.99071290840763
v -175.4109753370285 51.69965046405508 -176.00627995616773
v -175.4109753370285 59.19953788390917 -173.7312106299969
v -135.1186407804489 60.7618741816018 -181.58564871259787
v -135.1186407804489 57.81037123574234 -182.4810023834628
v -161.20836810022593 74.82652568935819 -201.22804429501724
v -161.20836810022593 72.39073440901188 -199.92608623130252
v -129.52934634685516 78.14211937218683 -194.31893518315354
v -129.52935826778412 79.10069906738379 -194.83129686581526
v -175.4109753370285 38.729332371277565 -241.21230189374816
v -161.20836810022593 57.0367492597891 -222.90491257722942
v -129.52934634685516 54.0573599565184 -230.36426500234404
v -135.1186407804489 46.85266969724454 -237.56893801287347
v -161.20836810022593 76.96151535097924 -202.98018278066863
v -161.20836810022593 74.82652568935819 -201.22804429501724
v -129.52935826778412 79.10069906738379 -194.83129686581526
v -129.52935826778412 79.94090316413237 -195.52083929625047
v -161.20838002115488 80.01560221535885 -207.55095354191445
v -175.41098725795746 103.93539630287043 -197.64309489488366
v -135.11865270137787 97.46067983604071 -203.75381045116546
v -129.52935826778412 88.04729827990289 -207.65295143617058
v -161.20836810022593 53.982653721402414 -207.55094483026045
v -175.4109753370285 30.062880743682705 -197.64303517580746
v -135.1186407804489 38.962122387618294 -197.9004109719342
v -129.52934634685516 48.37550267325136 -201.79957253307253
v -175.4109753370285 33.757380408750485 -190.73110235562913
v -175.4109753370285 38.72935350366798 -184.67275445036097
v -135.1186407804489 42.37272185489223 -192.79608432574807
v -135.1186407804489 40.416055950557485 -195.18028171891132
v -175.4109753370285 30.062880743682705 -197.64303517580746
v -175.4109753370285 33.757380408750485 -190.73110235562913
v -135.1186407804489 40.416055950557485 -195.18028171891132
v -135.1186407804489 38.962122387618294 -197.9004109719342
v -161.20838002115488 80.81734237151501 -210.19396685928734
v -161.20838002115488 80.01560221535885 -207.55095354191445
v -129.52935826778412 88.04729827990289 -207.65295143617058
v -129.52935826778412 88.36281380744745 -208.69307638076307
v -161.20838002115488 81.08804833888621 -212.94257554181107
v -161.20838002115488 80.81734237151501 -210.19396685928734
v -129.52935826778412 88.36281380744745 -208.69307638076307
v -129.52935826778412 88.46935097329074 -209.77475764964606
v -175.41098725795746 82.29854709148496 -249.87883328311284
v -175.4109753370285 74.79867308268177 -252.15386684649897
v -135.1186407804489 73.23634274545363 -244.299428763899
v -135.1186407804489 76.1878456913092 -243.40409893489198
v -175.4109753370285 38.72935350366798 -184.67275445036097
v -161.20836810022593 57.03675548617286 -202.98017655428097
v -129.52934634685516 49.57740976657896 -200.00079842688226
v -135.1186407804489 42.37272185489223 -192.79608432574807
v -175.4109753370285 27.787812392768387 -220.74213613996233
v -175.4109753370285 27.01961708069453 -212.94251024036282
v -135.1186407804489 35.339939197380474 -216.11033269549608
v -135.1186407804489 35.64225345560462 -219.1797812158187
v -175.4109753370285 44.7876877271244 -246.1842869095958
v -175.4109753370285 38.729332371277565 -241.21230189374816
v -135.1186407804489 46.85266969724454 -237.56893801287347
v -135.1186407804489 49.23687007064223 -239.52559050616364
v -175.4109753370285 30.062866817778392 -228.2420213246398
v -175.4109753370285 27.787812392768387 -220.74213613996233
v -135.1186407804489 35.64225345560462 -219.1797812158187
v -135.1186407804489 36.53757732414314 -222.13130874858928
v -175.41098725795746 106.97863709926115 -212.94258397803614
v -161.20838002115488 81.08804833888621 -212.94257554181107
v -129.52935826778412 88.46935097329074 -209.77475764964606
v -135.11865270137787 98.6583239232681 -209.7747850141435
v -161.20836810022593 78.71362972884953 -220.76995298385103
v -161.20838002115488 80.01559151785273 -218.33417287937624
v -129.52935826778412 85.6227246846101 -224.08554666667737
v -129.52935826778412 85.11035704148293 -225.04413232233784
v -175.4109753370285 51.6996145868363 -249.87879849559158
v -175.4109753370285 44.7876877271244 -246.1842869095958
v -135.1186407804489 49.23687007064223 -239.52559050616364
v -135.1186407804489 51.956984422501485 -240.9795389702616
v -175.4109753370285 74.79867308268177 -252.15386684649897
v -175.4109753370285 66.99911324946555 -252.92205023765464
v -135.1186407804489 70.16691210652445 -244.60174302212604
v -135.1186407804489 73.23634274545363 -244.299428763899
v -161.20836810022593 76.96149124319815 -222.9049426454721
v -161.20836810022593 78.71362972884953 -220.76995298385103
v -129.52935826778412 85.11035704148293 -225.04413232233784
v -129.52935826778412 84.42082057151524 -225.8843177926359
v -161.20836810022593 61.60753295294257 -199.9260814942638
v -175.4109753370285 51.69965046405508 -176.00627995616773
v -135.1186407804489 57.81037123574234 -182.4810023834628
v -129.52934634685516 61.709512965806226 -191.89437946925236
v -161.20836810022593 59.17173296094567 -224.65705106287984
v -161.20836810022593 61.60752424129245 -225.95900614636233
v -129.52934634685516 55.85613927811752 -231.5661571945113
v -129.52934634685516 54.89755958292055 -231.0537955118496
v -175.41098725795746 100.2408260874858 -235.15401386388513
v -175.41098725795746 95.26886491349968 -241.21234686799406
v -135.11865270137787 91.62549954250719 -233.08901997283968
v -135.11865270137787 93.58216544684 -230.70483450060536
v -161.20836810022593 57.0367492597891 -222.90491257722942
v -161.20836810022593 59.17173296094567 -224.65705106287984
v -129.52934634685516 54.89755958292055 -231.0537955118496
v -129.52934634685516 54.0573599565184 -230.36426500234404
v -161.20836810022593 69.74771852671594 -226.76076296048717
v -161.20836810022593 72.39070185549997 -225.9590347252551
v -129.52934634685516 72.28871588217572 -233.99071290840763
v -129.52934634685516 71.24859093758226 -234.30623439641667
v -161.20836810022593 66.99912168568171 -227.03148680925372
v -161.20836810022593 69.74771852671594 -226.76076296048717
v -129.52934634685516 71.24859093758226 -234.30623439641667
v -129.52934634685516 70.16691562916569 -234.41275964133197
v -175.41098725795746 103.93534959440954 -228.24209296463965
v -175.41098725795746 100.2408260874858 -235.15401386388513
v -135.11865270137787 93.58216544684 -230.70483450060536
v -135.11865270137787 95.03610795047396 -227.9847171685129
v -161.20838002115488 80.01559151785273 -218.33417287937624
v -175.41098725795746 103.93534959440954 -228.24209296463965
v -135.11865270137787 95.03610795047396 -227.9847171685129
v -129.52935826778412 85.6227246846101 -224.08554666667737
v -175.4109753370285 66.99914526388199 -172.96303915977794
v -161.20836810022593 66.99913682766145 -198.85361748934005
v -129.52934634685516 63.831325139745225 -191.47233273632997
v -135.1186407804489 63.83132866238695 -181.28334637530364
v -161.20836810022593 53.18091478866903 -215.69115122288034
v -161.20836810022593 53.982648984364644 -218.3341403258653
v -129.52934634685516 45.9509588802812 -218.23216627346807
v -129.52934634685516 45.63544633296888 -217.19204132887606
v -161.20836810022593 66.99912168568171 -227.03148680925372
v -161.20836810022593 64.25050730883576 -226.76076206487778
v -161.20836810022593 61.60752424129245 -225.95900614636233
v -161.20836810022593 59.17173296094567 -224.65705106287984
v -161.20836810022593 57.0367492597891 -222.90491257722942
v -161.20836810022593 55.28460550934152 -220.76992085457223
v -161.20836810022593 53.982648984364644 -218.3341403258653
v -161.20836810022593 53.18091478866903 -215.69115122288034
v -161.20836810022593 52.910196900368874 -212.9425425184433
v -161.20836810022593 53.180915684279384 -210.19393404453567
v -161.20836810022593 53.982653721402414 -207.55094483026045
v -161.20836810022593 55.284611040060895 -205.11514237404313
v -161.20836810022593 57.03675548617286 -202.98017655428097
v -161.20836810022593 59.171741248368505 -201.22801492243897
v -161.20836810022593 61.60753295294257 -199.9260814942638
v -161.20836810022593 64.25052224219498 -199.12432941717478
v -161.20836810022593 66.99913682766145 -198.85361748934005
v -161.20836810022593 69.74775134146859 -199.12433031278707
v -161.20836810022593 72.39073440901188 -199.92608623130252
v -161.20836810022593 74.82652568935819 -201.22804429501724
v -161.20836810022593 76.96151535097924 -202.98018278066863
v -161.20836810022593 78.71364718049786 -205.11517450332389
v -161.20838002115488 80.01560221535885 -207.55095354191445
v -161.20838002115488 80.81734237151501 -210.19396685928734
v -161.20838002115488 81.08804833888621 -212.94257554181107
v -161.20838002115488 80.81733551544018 -215.69118403763102
v -161.20838002115488 80.01559151785273 -218.33417287937624
v -161.20836810022593 78.71362972884953 -220.76995298385103
v -161.20836810022593 76.96149124319815 -222.9049426454721
v -161.20836810022593 74.82649356007744 -224.65708043545422
v -161.20836810022593 72.39070185549997 -225.9590347252551
v -161.20836810022593 69.74771852671594 -226.76076296048717
vn -0.8757654766324012 0.3731605799492372 0.30624501875258653
vn -0.8757654766324012 0.3731605799492372 0.30624501875258653
vn -0.8757654766324012 0.3731605799492372 0.30624501875258653
vn -0.8757654766324012 0.3731605799492372 0.30624501875258653
vn -0.0882146716795739 0.0483896481946347 -0.9949254311997782
vn -0.0882146716795739 0.0483896481946347 -0.9949254311997782
vn -0.0882146716795739 0.0483896481946347 -0.9949254311997782
vn -0.0882146716795739 0.0483896481946347 -0.9949254311997782
vn -0.8757655307404265 0.4257356751236723 0.22756069540658844
vn -0.8757655307404265 0.4257356751236723 0.22756069540658844
vn -0.8757655307404265 0.4257356751236723 0.22756069540658844
vn -0.8757655307404265 0.4257356751236723 0.22756069540658844
vn -0.23491823619598887 -0.09527330105841521 0.9673346992680445
vn -0.23491823619598887 -0.09527330105841521 0.9673346992680445
vn -0.23491823619598887 -0.09527330105841521 0.9673346992680445
vn -0.23491823619598887 -0.09527330105841521 0.9673346992680445
vn -0.875765500503985 0.480412233124249 -0.04731674536120359
vn -0.875765500503985 0.480412233124249 -0.04731674536120359
vn -0.875765500503985 0.480412233124249 -0.04731674536120359
vn -0.875765500503985 0.480412233124249 -0.04731674536120359
vn -0.875765511280697 0.4619502227076027 -0.14013122775333003
vn -0.875765511280697 0.4619502227076027 -0.14013122775333003
vn -0.875765511280697 0.4619502227076027 -0.14013122775333003
vn -0.875765511280697 0.4619502227076027 -0.14013122775333003
vn -0.23491840817701393 -0.28216177277341914 0.9301602418319863
vn -0.23491840817701393 -0.28216177277341914 0.9301602418319863
vn -0.23491840817701393 -0.28216177277341914 0.9301602418319863
vn -0.23491840817701393 -0.28216177277341914 0.9301602418319863
vn -0.08821453761771698 -0.7377356277594882 0.6693013812082014
vn -0.08821453761771698 -0.7377356277594882 0.6693013812082014
vn -0.08821453761771698 -0.7377356277594882 0.6693013812082014
vn -0.08821453761771698 -0.7377356277594882 0.6693013812082014
vn -0.19403910628379703 -0.46243744262338937 -0.8651591974269965
vn -0.19403910628379703 -0.46243744262338937 -0.8651591974269965
vn -0.19403910628379703 -0.46243744262338937 -0.8651591974269965
vn -0.19403910628379703 -0.46243744262338937 -0.8651591974269965
vn -0.8757655713951482 0.30624574630284723 -0.373159760465061
vn -0.8757655713951482 0.30624574630284723 -0.373159760465061
vn -0.8757655713951482 0.30624574630284723 -0.373159760465061
vn -0.8757655713951482 0.30624574630284723 -0.373159760465061
vn -0.8757655604495084 0.22755927320130864 -0.4257363741925873
vn -0.8757655604495084 0.22755927320130864 -0.4257363741925873
vn -0.8757655604495084 0.22755927320130864 -0.4257363741925873
vn -0.8757655604495084 0.22755927320130864 -0.4257363741925873
vn -0.1940390385477797 -0.6223379867553743 -0.7583167423713661
vn -0.1940390385477797 -0.6223379867553743 -0.7583167423713661
vn -0.1940390385477797 -0.6223379867553743 -0.7583167423713661
vn -0.1940390385477797 -0.6223379867553743 -0.7583167423713661
vn -0.8757655228525435 -0.04731590465310923 -0.48041227518629137
vn -0.8757655228525435 -0.04731590465310923 -0.48041227518629137
vn -0.8757655228525435 -0.04731590465310923 -0.48041227518629137
vn -0.8757655228525435 -0.04731590465310923 -0.48041227518629137
vn -0.8757655816117401 -0.14013273985050126 -0.46194963068092404
vn -0.8757655816117401 -0.14013273985050126 -0.46194963068092404
vn -0.8757655816117401 -0.14013273985050126 -0.46194963068092404
vn -0.8757655816117401 -0.14013273985050126 -0.46194963068092404
vn -0.08821420552161685 -0.3360333771910995 0.9377098822971496
vn -0.08821420552161685 -0.3360333771910995 0.9377098822971496
vn -0.08821420552161685 -0.3360333771910995 0.9377098822971496
vn -0.08821420552161685 -0.3360333771910995 0.9377098822971496
vn -0.08821474621394815 -0.9006725145638681 0.4254493860139038
vn -0.08821474621394815 -0.9006725145638681 0.4254493860139038
vn -0.08821474621394815 -0.9006725145638681 0.4254493860139038
vn -0.08821474621394815 -0.9006725145638681 0.4254493860139038
vn -0.8757653832247725 -0.37316157441971726 -0.306244074100651
vn -0.8757653832247725 -0.37316157441971726 -0.306244074100651
vn -0.8757653832247725 -0.37316157441971726 -0.306244074100651
vn -0.8757653832247725 -0.37316157441971726 -0.306244074100651
vn -0.23491813316476665 -0.7513736817007747 0.6166450041618793
vn -0.23491813316476665 -0.7513736817007747 0.6166450041618793
vn -0.23491813316476665 -0.7513736817007747 0.6166450041618793
vn -0.23491813316476665 -0.7513736817007747 0.6166450041618793
vn -0.8757654574705137 -0.425736353107063 -0.22755970896571232
vn -0.8757654574705137 -0.425736353107063 -0.22755970896571232
vn -0.8757654574705137 -0.425736353107063 -0.22755970896571232
vn -0.8757654574705137 -0.425736353107063 -0.22755970896571232
vn -0.08821437570013389 0.669301515555388 0.7377355252359048
vn -0.08821437570013389 0.669301515555388 0.7377355252359048
vn -0.08821437570013389 0.669301515555388 0.7377355252359048
vn -0.08821437570013389 0.669301515555388 0.7377355252359048
vn -0.23491811406530008 -0.8572417273278354 0.458203121565089
vn -0.23491811406530008 -0.8572417273278354 0.458203121565089
vn -0.23491811406530008 -0.8572417273278354 0.458203121565089
vn -0.23491811406530008 -0.8572417273278354 0.458203121565089
vn -0.8757655310657947 -0.48041221719250377 0.047316341460737606
vn -0.8757655310657947 -0.48041221719250377 0.047316341460737606
vn -0.8757655310657947 -0.48041221719250377 0.047316341460737606
vn -0.8757655310657947 -0.48041221719250377 0.047316341460737606
vn -0.08821400965114364 0.9949254433044287 0.04839060618295734
vn -0.08821400965114364 0.9949254433044287 0.04839060618295734
vn -0.08821400965114364 0.9949254433044287 0.04839060618295734
vn -0.08821400965114364 0.9949254433044287 0.04839060618295734
vn -0.8757655027504729 -0.46194995162504465 0.14013217469885442
vn -0.8757655027504729 -0.46194995162504465 0.14013217469885442
vn -0.8757655027504729 -0.46194995162504465 0.14013217469885442
vn -0.8757655027504729 -0.46194995162504465 0.14013217469885442
vn -0.08821453140866556 0.9006725439101267 -0.42544936842685566
vn -0.08821453140866556 0.9006725439101267 -0.42544936842685566
vn -0.08821453140866556 0.9006725439101267 -0.42544936842685566
vn -0.08821453140866556 0.9006725439101267 -0.42544936842685566
vn -0.8757654584525475 0.04731648875965045 0.48041233505485337
vn -0.8757654584525475 0.04731648875965045 0.48041233505485337
vn -0.8757654584525475 0.04731648875965045 0.48041233505485337
vn -0.8757654584525475 0.04731648875965045 0.48041233505485337
vn -0.1940388797395796 -0.9387532189947333 -0.2847653542417603
vn -0.1940388797395796 -0.9387532189947333 -0.2847653542417603
vn -0.1940388797395796 -0.9387532189947333 -0.2847653542417603
vn -0.1940388797395796 -0.9387532189947333 -0.2847653542417603
vn -0.8757655751591478 0.14013169991047547 0.46194995837900865
vn -0.8757655751591478 0.14013169991047547 0.46194995837900865
vn -0.8757655751591478 0.14013169991047547 0.46194995837900865
vn -0.8757655751591478 0.14013169991047547 0.46194995837900865
vn -0.8757652120443596 -0.306245099008294 0.3731611350426219
vn -0.8757652120443596 -0.306245099008294 0.3731611350426219
vn -0.8757652120443596 -0.306245099008294 0.3731611350426219
vn -0.8757652120443596 -0.306245099008294 0.3731611350426219
vn -0.19403884618644235 -0.9762700453815117 -0.09615469131256936
vn -0.19403884618644235 -0.9762700453815117 -0.09615469131256936
vn -0.19403884618644235 -0.9762700453815117 -0.09615469131256936
vn -0.19403884618644235 -0.9762700453815117 -0.09615469131256936
vn -0.8757652415499498 -0.22756051947429967 0.425736364044164
vn -0.8757652415499498 -0.22756051947429967 0.425736364044164
vn -0.8757652415499498 -0.22756051947429967 0.425736364044164
vn -0.8757652415499498 -0.22756051947429967 0.425736364044164
vn -0.23491852992894793 -0.9673344431836539 -0.09527517686465968
vn -0.23491852992894793 -0.9673344431836539 -0.09527517686465968
vn -0.23491852992894793 -0.9673344431836539 -0.09527517686465968
vn -0.23491852992894793 -0.9673344431836539 -0.09527517686465968
vn -0.9926714936933444 0.035077498908840654 -0.11564114613287517
vn -0.9926714936933444 0.035077498908840654 -0.11564114613287517
vn -0.9926714936933444 0.035077498908840654 -0.11564114613287517
vn -0.9926714936933444 0.035077498908840654 -0.11564114613287517
vn -0.9926715157558236 -0.07666262011789736 -0.09341362043992696
vn -0.9926715157558236 -0.07666262011789736 -0.09341362043992696
vn -0.9926715157558236 -0.07666262011789736 -0.09341362043992696
vn -0.9926715157558236 -0.07666262011789736 -0.09341362043992696
vn -0.9926715230343003 0.05696510902045524 -0.10657496756298136
vn -0.9926715230343003 0.05696510902045524 -0.10657496756298136
vn -0.9926715230343003 0.05696510902045524 -0.10657496756298136
vn -0.9926715230343003 0.05696510902045524 -0.10657496756298136
vn -0.9926715704700009 -0.05696550440168147 -0.1065743143955617
vn -0.9926715704700009 -0.05696550440168147 -0.1065743143955617
vn -0.9926715704700009 -0.05696550440168147 -0.1065743143955617
vn -0.9926715704700009 -0.05696550440168147 -0.1065743143955617
vn -0.9926715654167324 0.07666236539457989 -0.09341330175730746
vn -0.9926715654167324 0.07666236539457989 -0.09341330175730746
vn -0.9926715654167324 0.07666236539457989 -0.09341330175730746
vn -0.9926715654167324 0.07666236539457989 -0.09341330175730746
vn -0.9926715298750504 -0.0350789795552364 -0.11564038640929179
vn -0.9926715298750504 -0.0350789795552364 -0.11564038640929179
vn -0.9926715298750504 -0.0350789795552364 -0.11564038640929179
vn -0.9926715298750504 -0.0350789795552364 -0.11564038640929179
vn -0.9926715426510557 0.09341341619621824 -0.07666252073422182
vn -0.9926715426510557 0.09341341619621824 -0.07666252073422182
vn -0.9926715426510557 0.09341341619621824 -0.07666252073422182
vn -0.9926715426510557 0.09341341619621824 -0.07666252073422182
vn -0.9926715338641433 -0.011844920776744643 -0.12026189632465334
vn -0.9926715338641433 -0.011844920776744643 -0.12026189632465334
vn -0.9926715338641433 -0.011844920776744643 -0.12026189632465334
vn -0.9926715338641433 -0.011844920776744643 -0.12026189632465334
vn -0.9926715458497788 0.10657445121059064 -0.05696567746785829
vn -0.9926715458497788 0.10657445121059064 -0.05696567746785829
vn -0.9926715458497788 0.10657445121059064 -0.05696567746785829
vn -0.9926715458497788 0.10657445121059064 -0.05696567746785829
vn -0.9926715422774193 0.11564017923778548 -0.035079311544310945
vn -0.9926715422774193 0.11564017923778548 -0.035079311544310945
vn -0.9926715422774193 0.11564017923778548 -0.035079311544310945
vn -0.9926715422774193 0.11564017923778548 -0.035079311544310945
vn -0.9926715357988156 0.12026187420728675 -0.011844983198437872
vn -0.9926715357988156 0.12026187420728675 -0.011844983198437872
vn -0.9926715357988156 0.12026187420728675 -0.011844983198437872
vn -0.9926715357988156 0.12026187420728675 -0.011844983198437872
vn -0.992671548136751 0.12026179015461305 0.011844802598349297
vn -0.992671548136751 0.12026179015461305 0.011844802598349297
vn -0.992671548136751 0.12026179015461305 0.011844802598349297
vn -0.992671548136751 0.12026179015461305 0.011844802598349297
vn -0.992671546413299 0.1156402805567742 0.03507886050287432
vn -0.992671546413299 0.1156402805567742 0.03507886050287432
vn -0.992671546413299 0.1156402805567742 0.03507886050287432
vn -0.992671546413299 0.1156402805567742 0.03507886050287432
vn -0.9926715638657315 0.10657459196712092 0.056965100187785334
vn -0.9926715638657315 0.10657459196712092 0.056965100187785334
vn -0.9926715638657315 0.10657459196712092 0.056965100187785334
vn -0.9926715638657315 0.10657459196712092 0.056965100187785334
vn -0.9926715583473408 0.09341344081146732 0.07666228749538055
vn -0.9926715583473408 0.09341344081146732 0.07666228749538055
vn -0.9926715583473408 0.09341344081146732 0.07666228749538055
vn -0.9926715583473408 0.09341344081146732 0.07666228749538055
vn -0.9926715429512847 0.07666258036204036 0.09341336407040027
vn -0.9926715429512847 0.07666258036204036 0.09341336407040027
vn -0.9926715429512847 0.07666258036204036 0.09341336407040027
vn -0.9926715429512847 0.07666258036204036 0.09341336407040027
vn -0.9926715515388254 0.0569653800759472 0.10657455718089578
vn -0.9926715515388254 0.0569653800759472 0.10657455718089578
vn -0.9926715515388254 0.0569653800759472 0.10657455718089578
vn -0.9926715515388254 0.0569653800759472 0.10657455718089578
vn -0.9926715470441234 0.03507792217954187 0.11564055977291338
vn -0.9926715470441234 0.03507792217954187 0.11564055977291338
vn -0.9926715470441234 0.03507792217954187 0.11564055977291338
vn -0.9926715470441234 0.03507792217954187 0.11564055977291338
vn -0.9926715416979689 0.011844630517690346 0.12026186025035947
vn -0.9926715416979689 0.011844630517690346 0.12026186025035947
vn -0.9926715416979689 0.011844630517690346 0.12026186025035947
vn -0.9926715416979689 0.011844630517690346 0.12026186025035947
vn -0.9926715506150331 -0.011844364906306491 0.12026181280652652
vn -0.9926715506150331 -0.011844364906306491 0.12026181280652652
vn -0.9926715506150331 -0.011844364906306491 0.12026181280652652
vn -0.9926715506150331 -0.011844364906306491 0.12026181280652652
vn -0.9926715270891662 -0.035079291953660226 0.11564031555860117
vn -0.9926715270891662 -0.035079291953660226 0.11564031555860117
vn -0.9926715270891662 -0.035079291953660226 0.11564031555860117
vn -0.9926715270891662 -0.035079291953660226 0.11564031555860117
vn -0.9926715313031317 -0.056965146443048384 0.10657487054187652
vn -0.9926715313031317 -0.056965146443048384 0.10657487054187652
vn -0.9926715313031317 -0.056965146443048384 0.10657487054187652
vn -0.9926715313031317 -0.056965146443048384 0.10657487054187652
vn -0.992671538626448 -0.07666255419327031 0.09341343150513395
vn -0.992671538626448 -0.07666255419327031 0.09341343150513395
vn -0.992671538626448 -0.07666255419327031 0.09341343150513395
vn -0.992671538626448 -0.07666255419327031 0.09341343150513395
vn -0.9926715654135391 -0.09341323023212948 0.0766624525894718
vn -0.9926715654135391 -0.09341323023212948 0.0766624525894718
vn -0.9926715654135391 -0.09341323023212948 0.0766624525894718
vn -0.9926715654135391 -0.09341323023212948 0.0766624525894718
vn -0.9926715615832544 -0.10657459656356366 0.05696513136276258
vn -0.9926715615832544 -0.10657459656356366 0.05696513136276258
vn -0.9926715615832544 -0.10657459656356366 0.05696513136276258
vn -0.9926715615832544 -0.10657459656356366 0.05696513136276258
vn -0.9926715597012332 -0.11564005562171663 0.035079225990991295
vn -0.9926715597012332 -0.11564005562171663 0.035079225990991295
vn -0.9926715597012332 -0.11564005562171663 0.035079225990991295
vn -0.9926715597012332 -0.11564005562171663 0.035079225990991295
vn -0.9926715479650828 -0.12026180862605894 0.011844629441022202
vn -0.9926715479650828 -0.12026180862605894 0.011844629441022202
vn -0.9926715479650828 -0.12026180862605894 0.011844629441022202
vn -0.9926715479650828 -0.12026180862605894 0.011844629441022202
vn -0.992671546517162 -0.12026181976069589 -0.011844637734923865
vn -0.992671546517162 -0.12026181976069589 -0.011844637734923865
vn -0.992671546517162 -0.12026181976069589 -0.011844637734923865
vn -0.992671546517162 -0.12026181976069589 -0.011844637734923865
vn -0.992671547835791 -0.1156402434695964 -0.03507894250953461
vn -0.992671547835791 -0.1156402434695964 -0.03507894250953461
vn -0.992671547835791 -0.1156402434695964 -0.03507894250953461
vn -0.992671547835791 -0.1156402434695964 -0.03507894250953461
vn -0.992671555574886 -0.10657461982799792 -0.05696519253942503
vn -0.992671555574886 -0.10657461982799792 -0.05696519253942503
vn -0.992671555574886 -0.10657461982799792 -0.05696519253942503
vn -0.992671555574886 -0.10657461982799792 -0.05696519253942503
vn -0.9926715274571216 0.011844970209722992 -0.1202619443409907
vn -0.9926715274571216 0.011844970209722992 -0.1202619443409907
vn -0.9926715274571216 0.011844970209722992 -0.1202619443409907
vn -0.9926715274571216 0.011844970209722992 -0.1202619443409907
vn -0.9926715439771774 -0.09341341710748437 -0.07666250245243776
vn -0.9926715439771774 -0.09341341710748437 -0.07666250245243776
vn -0.9926715439771774 -0.09341341710748437 -0.07666250245243776
vn -0.9926715439771774 -0.09341341710748437 -0.07666250245243776
vn -0.8757654032532816 -0.047315543202852965 0.4804125288083523
vn -0.8757654032532816 -0.047315543202852965 0.4804125288083523
vn -0.8757654032532816 -0.047315543202852965 0.4804125288083523
vn -0.8757654032532816 -0.047315543202852965 0.4804125288083523
vn -0.8757650689869096 0.4619515978910147 0.14012945853135808
vn -0.8757650689869096 0.4619515978910147 0.14012945853135808
vn -0.8757650689869096 0.4619515978910147 0.14012945853135808
vn -0.8757650689869096 0.4619515978910147 0.14012945853135808
vn -0.875765212304346 0.48041279037256224 0.047316421715641654
vn -0.875765212304346 0.48041279037256224 0.047316421715641654
vn -0.875765212304346 0.48041279037256224 0.047316421715641654
vn -0.875765212304346 0.48041279037256224 0.047316421715641654
vn -0.8757656013479325 0.42573596395177493 -0.2275598833137047
vn -0.8757656013479325 0.42573596395177493 -0.2275598833137047
vn -0.8757656013479325 0.42573596395177493 -0.2275598833137047
vn -0.8757656013479325 0.42573596395177493 -0.2275598833137047
vn -0.8757652581919774 0.37316013104650697 -0.30624619041106976
vn -0.8757652581919774 0.37316013104650697 -0.30624619041106976
vn -0.8757652581919774 0.37316013104650697 -0.30624619041106976
vn -0.8757652581919774 0.37316013104650697 -0.30624619041106976
vn -0.8757654689617852 0.1401333747755594 -0.4619496516376617
vn -0.8757654689617852 0.1401333747755594 -0.4619496516376617
vn -0.8757654689617852 0.1401333747755594 -0.4619496516376617
vn -0.8757654689617852 0.1401333747755594 -0.4619496516376617
vn -0.8757656799246616 0.04731508011337219 -0.48041207006065134
vn -0.8757656799246616 0.04731508011337219 -0.48041207006065134
vn -0.8757656799246616 0.04731508011337219 -0.48041207006065134
vn -0.8757656799246616 0.04731508011337219 -0.48041207006065134
vn -0.8757652849256635 -0.22756223291597535 -0.4257353589606657
vn -0.8757652849256635 -0.22756223291597535 -0.4257353589606657
vn -0.8757652849256635 -0.22756223291597535 -0.4257353589606657
vn -0.8757652849256635 -0.22756223291597535 -0.4257353589606657
vn -0.87576551901869 -0.3062463770607758 -0.3731593657340967
vn -0.87576551901869 -0.3062463770607758 -0.3731593657340967
vn -0.87576551901869 -0.3062463770607758 -0.3731593657340967
vn -0.87576551901869 -0.3062463770607758 -0.3731593657340967
vn -0.875765048746624 -0.4619512891915741 -0.14013060268216218
vn -0.875765048746624 -0.4619512891915741 -0.14013060268216218
vn -0.875765048746624 -0.4619512891915741 -0.14013060268216218
vn -0.875765048746624 -0.4619512891915741 -0.14013060268216218
vn -0.8757653090600799 -0.4804125723337859 -0.04731684468070086
vn -0.8757653090600799 -0.4804125723337859 -0.04731684468070086
vn -0.8757653090600799 -0.4804125723337859 -0.04731684468070086
vn -0.8757653090600799 -0.4804125723337859 -0.04731684468070086
vn -0.8757654882104688 -0.4257357574603723 0.2275607050418018
vn -0.8757654882104688 -0.4257357574603723 0.2275607050418018
vn -0.8757654882104688 -0.4257357574603723 0.2275607050418018
vn -0.8757654882104688 -0.4257357574603723 0.2275607050418018
vn -0.875765302242033 -0.37315920054662177 0.30624719825057484
vn -0.875765302242033 -0.37315920054662177 0.30624719825057484
vn -0.875765302242033 -0.37315920054662177 0.30624719825057484
vn -0.875765302242033 -0.37315920054662177 0.30624719825057484
vn -0.8757652597419943 0.22756140798184438 0.42573585170426737
vn -0.8757652597419943 0.22756140798184438 0.42573585170426737
vn -0.8757652597419943 0.22756140798184438 0.42573585170426737
vn -0.8757652597419943 0.22756140798184438 0.42573585170426737
vn -0.8757647957753242 0.30624485434960896 0.37316231276080347
vn -0.8757647957753242 0.30624485434960896 0.37316231276080347
vn -0.8757647957753242 0.30624485434960896 0.37316231276080347
vn -0.8757647957753242 0.30624485434960896 0.37316231276080347
vn -0.8757653577868927 -0.14013131016349117 0.46195048870226274
vn -0.8757653577868927 -0.14013131016349117 0.46195048870226274
vn -0.8757653577868927 -0.14013131016349117 0.46195048870226274
vn -0.8757653577868927 -0.14013131016349117 0.46195048870226274
vn -0.19403884114161768 0.09615117207235786 -0.9762703929944461
vn -0.19403884114161768 0.09615117207235786 -0.9762703929944461
vn -0.19403884114161768 0.09615117207235786 -0.9762703929944461
vn -0.19403884114161768 0.09615117207235786 -0.9762703929944461
vn -0.08821403156714937 -0.9377103716007701 -0.3360320574394882
vn -0.08821403156714937 -0.9377103716007701 -0.3360320574394882
vn -0.08821403156714937 -0.9377103716007701 -0.3360320574394882
vn -0.08821403156714937 -0.9377103716007701 -0.3360320574394882
vn -0.19403916332812837 0.28476971399913337 -0.9387518378590646
vn -0.19403916332812837 0.28476971399913337 -0.9387518378590646
vn -0.19403916332812837 0.28476971399913337 -0.9387518378590646
vn -0.19403916332812837 0.28476971399913337 -0.9387518378590646
vn -0.23491870743309 0.45820195331207275 0.8572421891618305
vn -0.23491870743309 0.45820195331207275 0.8572421891618305
vn -0.23491870743309 0.45820195331207275 0.8572421891618305
vn -0.23491870743309 0.45820195331207275 0.8572421891618305
vn -0.08821453338446981 0.7377357142706213 -0.6693012864094738
vn -0.08821453338446981 0.7377357142706213 -0.6693012864094738
vn -0.08821453338446981 0.7377357142706213 -0.6693012864094738
vn -0.08821453338446981 0.7377357142706213 -0.6693012864094738
vn -0.23491887069606063 0.616640394848142 0.751377233906122
vn -0.23491887069606063 0.616640394848142 0.751377233906122
vn -0.23491887069606063 0.616640394848142 0.751377233906122
vn -0.23491887069606063 0.616640394848142 0.751377233906122
vn -0.08821454073450152 0.33603251410383256 -0.9377101600537655
vn -0.08821454073450152 0.33603251410383256 -0.9377101600537655
vn -0.08821454073450152 0.33603251410383256 -0.9377101600537655
vn -0.08821454073450152 0.33603251410383256 -0.9377101600537655
vn -0.08821438561842426 0.4254496162506675 0.9006724411250319
vn -0.08821438561842426 0.4254496162506675 0.9006724411250319
vn -0.08821438561842426 0.4254496162506675 0.9006724411250319
vn -0.08821438561842426 0.4254496162506675 0.9006724411250319
vn -0.19403873860882712 0.7583176262145321 -0.6223370033120741
vn -0.19403873860882712 0.7583176262145321 -0.6223370033120741
vn -0.19403873860882712 0.7583176262145321 -0.6223370033120741
vn -0.19403873860882712 0.7583176262145321 -0.6223370033120741
vn -0.194039029411538 0.8651596637130123 -0.46243660251867563
vn -0.194039029411538 0.8651596637130123 -0.46243660251867563
vn -0.194039029411538 0.8651596637130123 -0.46243660251867563
vn -0.194039029411538 0.8651596637130123 -0.46243660251867563
vn -0.23491868327802115 0.9301612221440912 0.2821583120631596
vn -0.23491868327802115 0.9301612221440912 0.2821583120631596
vn -0.23491868327802115 0.9301612221440912 0.2821583120631596
vn -0.23491868327802115 0.9301612221440912 0.2821583120631596
vn -0.2349187106969586 0.9673346914026688 0.09527221091893577
vn -0.2349187106969586 0.9673346914026688 0.09527221091893577
vn -0.2349187106969586 0.9673346914026688 0.09527221091893577
vn -0.2349187106969586 0.9673346914026688 0.09527221091893577
vn -0.19403897365086878 -0.28476580788702877 0.9387530619726177
vn -0.19403897365086878 -0.28476580788702877 0.9387530619726177
vn -0.19403897365086878 -0.28476580788702877 0.9387530619726177
vn -0.19403897365086878 -0.28476580788702877 0.9387530619726177
vn -0.08821450840713858 -0.6693014453025141 -0.7377355731035699
vn -0.08821450840713858 -0.6693014453025141 -0.7377355731035699
vn -0.08821450840713858 -0.6693014453025141 -0.7377355731035699
vn -0.08821450840713858 -0.6693014453025141 -0.7377355731035699
vn -0.1940390401238204 0.9762700618675766 0.0961541325628005
vn -0.1940390401238204 0.9762700618675766 0.0961541325628005
vn -0.1940390401238204 0.9762700618675766 0.0961541325628005
vn -0.1940390401238204 0.9762700618675766 0.0961541325628005
vn -0.19403913008525273 0.6223361340324072 0.7583182394439397
vn -0.19403913008525273 0.6223361340324072 0.7583182394439397
vn -0.19403913008525273 0.6223361340324072 0.7583182394439397
vn -0.19403913008525273 0.6223361340324072 0.7583182394439397
vn -0.1940389491234559 0.9387531346104312 0.2847655851435609
vn -0.1940389491234559 0.9387531346104312 0.2847655851435609
vn -0.1940389491234559 0.9387531346104312 0.2847655851435609
vn -0.1940389491234559 0.9387531346104312 0.2847655851435609
vn -0.08821433918603208 -0.04839011129526574 0.9949254381564496
vn -0.08821433918603208 -0.04839011129526574 0.9949254381564496
vn -0.08821433918603208 -0.04839011129526574 0.9949254381564496
vn -0.08821433918603208 -0.04839011129526574 0.9949254381564496
vn -0.2349181676691929 0.8572402696899062 -0.45820582113382835
vn -0.2349181676691929 0.8572402696899062 -0.45820582113382835
vn -0.2349181676691929 0.8572402696899062 -0.45820582113382835
vn -0.2349181676691929 0.8572402696899062 -0.45820582113382835
vn -0.1940391625995882 0.4624393421337722 0.8651581694837854
vn -0.1940391625995882 0.4624393421337722 0.8651581694837854
vn -0.1940391625995882 0.4624393421337722 0.8651581694837854
vn -0.1940391625995882 0.4624393421337722 0.8651581694837854
vn -0.194038740321612 -0.09615377411982685 0.9762701567583204
vn -0.194038740321612 -0.09615377411982685 0.9762701567583204
vn -0.194038740321612 -0.09615377411982685 0.9762701567583204
vn -0.194038740321612 -0.09615377411982685 0.9762701567583204
vn -0.2349182491310823 0.7513762939330162 -0.6166417769991521
vn -0.2349182491310823 0.7513762939330162 -0.6166417769991521
vn -0.2349182491310823 0.7513762939330162 -0.6166417769991521
vn -0.2349182491310823 0.7513762939330162 -0.6166417769991521
vn -0.08821435462719958 0.9377099429006294 0.33603316893277824
vn -0.08821435462719958 0.9377099429006294 0.33603316893277824
vn -0.08821435462719958 0.9377099429006294 0.33603316893277824
vn -0.08821435462719958 0.9377099429006294 0.33603316893277824
vn -0.23491853849632927 -0.4582025104949827 -0.8572419376388699
vn -0.23491853849632927 -0.4582025104949827 -0.8572419376388699
vn -0.23491853849632927 -0.4582025104949827 -0.8572419376388699
vn -0.23491853849632927 -0.4582025104949827 -0.8572419376388699
vn -0.19403877504194106 -0.7583172376352287 0.6223374654361562
vn -0.19403877504194106 -0.7583172376352287 0.6223374654361562
vn -0.19403877504194106 -0.7583172376352287 0.6223374654361562
vn -0.19403877504194106 -0.7583172376352287 0.6223374654361562
vn -0.23491879703319096 -0.6166397805239434 -0.7513777611001414
vn -0.23491879703319096 -0.6166397805239434 -0.7513777611001414
vn -0.23491879703319096 -0.6166397805239434 -0.7513777611001414
vn -0.23491879703319096 -0.6166397805239434 -0.7513777611001414
vn -0.2349183712666741 0.28215895091321463 -0.930161107153469
vn -0.2349183712666741 0.28215895091321463 -0.930161107153469
vn -0.2349183712666741 0.28215895091321463 -0.930161107153469
vn -0.2349183712666741 0.28215895091321463 -0.930161107153469
vn -0.2349182052411381 0.09527403074785225 -0.9673346349176897
vn -0.2349182052411381 0.09527403074785225 -0.9673346349176897
vn -0.2349182052411381 0.09527403074785225 -0.9673346349176897
vn -0.2349182052411381 0.09527403074785225 -0.9673346349176897
vn -0.19403875531565964 -0.8651580281924076 0.46243977736541536
vn -0.19403875531565964 -0.8651580281924076 0.46243977736541536
vn -0.19403875531565964 -0.8651580281924076 0.46243977736541536
vn -0.19403875531565964 -0.8651580281924076 0.46243977736541536
vn -0.0882145251493614 -0.4254502621107616 -0.9006721223744837
vn -0.0882145251493614 -0.4254502621107616 -0.9006721223744837
vn -0.0882145251493614 -0.4254502621107616 -0.9006721223744837
vn -0.0882145251493614 -0.4254502621107616 -0.9006721223744837
vn -0.08821450174461425 -0.9949253877054116 -0.04839085224694821
vn -0.08821450174461425 -0.9949253877054116 -0.04839085224694821
vn -0.08821450174461425 -0.9949253877054116 -0.04839085224694821
vn -0.08821450174461425 -0.9949253877054116 -0.04839085224694821
vn -0.23491872631809402 -0.9301612751624233 -0.28215810144899084
vn -0.23491872631809402 -0.9301612751624233 -0.28215810144899084
vn -0.23491872631809402 -0.9301612751624233 -0.28215810144899084
vn -0.23491872631809402 -0.9301612751624233 -0.28215810144899084
vn -0.9999999999999678 -2.54329705893062e-7 -9.393975354909246e-10
vn -0.9999999999999678 -2.54329705893062e-7 -9.393975354909246e-10
vn -0.9999999999999678 -2.54329705893062e-7 -9.393975354909246e-10
vn -0.9999999999999678 -2.54329705893062e-7 -9.393975354909246e-10
vn -0.9999999999999678 -2.54329705893062e-7 -9.393975354909246e-10
vn -0.9999999999999678 -2.54329705893062e-7 -9.393975354909246e-10
vn -0.9999999999999678 -2.54329705893062e-7 -9.393975354909246e-10
vn -0.9999999999999678 -2.54329705893062e-7 -9.393975354909246e-10
vn -0.9999999999999678 -2.54329705893062e-7 -9.393975354909246e-10
vn -0.9999999999999678 -2.54329705893062e-7 -9.393975354909246e-10
vn -0.9999999999999678 -2.54329705893062e-7 -9.393975354909246e-10
vn -0.9999999999999678 -2.54329705893062e-7 -9.393975354909246e-10
vn -0.9999999999999678 -2.54329705893062e-7 -9.393975354909246e-10
vn -0.9999999999999678 -2.54329705893062e-7 -9.393975354909246e-10
vn -0.9999999999999678 -2.54329705893062e-7 -9.393975354909246e-10
vn -0.9999999999999678 -2.54329705893062e-7 -9.393975354909246e-10
vn -0.9999999999999678 -2.54329705893062e-7 -9.393975354909246e-10
vn -0.9999999999999678 -2.54329705893062e-7 -9.393975354909246e-10
vn -0.9999999999999678 -2.54329705893062e-7 -9.393975354909246e-10
vn -0.9999999999999678 -2.54329705893062e-7 -9.393975354909246e-10
vn -0.9999999999999678 -2.54329705893062e-7 -9.393975354909246e-10
vn -0.9999999999999678 -2.54329705893062e-7 -9.393975354909246e-10
vn -0.9999999999999678 -2.54329705893062e-7 -9.393975354909246e-10
vn -0.9999999999999678 -2.54329705893062e-7 -9.393975354909246e-10
vn -0.9999999999999678 -2.54329705893062e-7 -9.393975354909246e-10
vn -0.9999999999999678 -2.54329705893062e-7 -9.393975354909246e-10
vn -0.9999999999999678 -2.54329705893062e-7 -9.393975354909246e-10
vn -0.9999999999999678 -2.54329705893062e-7 -9.393975354909246e-10
vn -0.9999999999999678 -2.54329705893062e-7 -9.393975354909246e-10
vn -0.9999999999999678 -2.54329705893062e-7 -9.393975354909246e-10
vn -0.9999999999999678 -2.54329705893062e-7 -9.393975354909246e-10
vn -0.9999999999999678 -2.54329705893062e-7 -9.393975354909246e-10
f 481//481 482//482 483//483
f 481//481 483//483 484//484
f 485//485 486//486 487//487
f 485//485 487//487 488//488
f 489//489 490//490 491//491
f 489//489 491//491 492//492
f 493//493 494//494 495//495
f 493//493 495//495 496//496
f 497//497 498//498 499//499
f 497//497 499//499 500//500
f 501//501 502//502 503//503
f 501//501 503//503 504//504
f 505//505 506//506 507//507
f 505//505 507//507 508//508
f 509//509 510//510 511//511
f 509//509 511//511 512//512
f 513//513 514//514 515//515
f 513//513 515//515 516//516
f 517//517 518//518 519//519
f 517//517 519//519 520//520
f 521//521 522//522 523//523
f 521//521 523//523 524//524
f 525//525 526//526 527//527
f 525//525 527//527 528//528
f 529//529 530//530 531//531
f 529//529 531//531 532//532
f 533//533 534//534 535//535
f 533//533 535//535 536//536
f 537//537 538//538 539//539
f 537//537 539//539 540//540
f 541//541 542//542 543//543
f 541//541 543//543 544//544
f 545//545 546//546 547//547
f 545//545 547//547 548//548
f 549//549 550//550 551//551
f 549//549 551//551 552//552
f 553//553 554//554 555//555
f 553//553 555//555 556//556
f 557//557 558//558 559//559
f 557//557 559//559 560//560
f 561//561 562//562 563//563
f 561//561 563//563 564//564
f 565//565 566//566 567//567
f 565//565 567//567 568//568
f 569//569 570//570 571//571
f 569//569 571//571 572//572
f 573//573 574//574 575//575
f 573//573 575//575 576//576
f 577//577 578//578 579//579
f 577//577 579//579 580//580
f 581//581 582//582 583//583
f 581//581 583//583 584//584
f 585//585 586//586 587//587
f 585//585 587//587 588//588
f 589//589 590//590 591//591
f 589//589 591//591 592//592
f 593//593 594//594 595//595
f 593//593 595//595 596//596
f 597//597 598//598 599//599
f 597//597 599//599 600//600
f 601//601 602//602 603//603
f 601//601 603//603 604//604
f 605//605 606//606 607//607
f 605//605 607//607 608//608
f 609//609 610//610 611//611
f 609//609 611//611 612//612
f 613//613 614//614 615//615
f 613//613 615//615 616//616
f 617//617 618//618 619//619
f 617//617 619//619 620//620
f 621//621 622//622 623//623
f 621//621 623//623 624//624
f 625//625 626//626 627//627
f 625//625 627//627 628//628
f 629//629 630//630 631//631
f 629//629 631//631 632//632
f 633//633 634//634 635//635
f 633//633 635//635 636//636
f 637//637 638//638 639//639
f 637//637 639//639 640//640
f 641//641 642//642 643//643
f 641//641 643//643 644//644
f 645//645 646//646 647//647
f 645//645 647//647 648//648
f 649//649 650//650 651//651
f 649//649 651//651 652//652
f 653//653 654//654 655//655
f 653//653 655//655 656//656
f 657//657 658//658 659//659
f 657//657 659//659 660//660
f 661//661 662//662 663//663
f 661//661 663//663 664//664
f 665//665 666//666 667//667
f 665//665 667//667 668//668
f 669//669 670//670 671//671
f 669//669 671//671 672//672
f 673//673 674//674 675//675
f 673//673 675//675 676//676
f 677//677 678//678 679//679
f 677//677 679//679 680//680
f 681//681 682//682 683//683
f 681//681 683//683 684//684
f 685//685 686//686 687//687
f 685//685 687//687 688//688
f 689//689 690//690 691//691
f 689//689 691//691 692//692
f 693//693 694//694 695//695
f 693//693 695//695 696//696
f 697//697 698//698 699//699
f 697//697 699//699 700//700
f 701//701 702//702 703//703
f 701//701 703//703 704//704
f 705//705 706//706 707//707
f 705//705 707//707 708//708
f 709//709 710//710 711//711
f 709//709 711//711 712//712
f 713//713 714//714 715//715
f 713//713 715//715 716//716
f 717//717 718//718 719//719
f 717//717 719//719 720//720
f 721//721 722//722 723//723
f 721//721 723//723 724//724
f 725//725 726//726 727//727
f 725//725 727//727 728//728
f 729//729 730//730 731//731
f 729//729 731//731 732//732
f 733//733 734//734 735//735
f 733//733 735//735 736//736
f 737//737 738//738 739//739
f 737//737 739//739 740//740
f 741//741 742//742 743//743
f 741//741 743//743 744//744
f 745//745 746//746 747//747
f 745//745 747//747 748//748
f 749//749 750//750 751//751
f 749//749 751//751 752//752
f 753//753 754//754 755//755
f 753//753 755//755 756//756
f 757//757 758//758 759//759
f 757//757 759//759 760//760
f 761//761 762//762 763//763
f 761//761 763//763 764//764
f 765//765 766//766 767//767
f 765//765 767//767 768//768
f 769//769 770//770 771//771
f 769//769 771//771 772//772
f 773//773 774//774 775//775
f 773//773 775//775 776//776
f 777//777 778//778 779//779
f 777//777 779//779 780//780
f 781//781 782//782 783//783
f 781//781 783//783 784//784
f 785//785 786//786 787//787
f 785//785 787//787 788//788
f 789//789 790//790 791//791
f 789//789 791//791 792//792
f 793//793 794//794 795//795
f 793//793 795//795 796//796
f 797//797 798//798 799//799
f 797//797 799//799 800//800
f 801//801 802//802 803//803
f 801//801 803//803 804//804
f 805//805 806//806 807//807
f 805//805 807//807 808//808
f 809//809 810//810 811//811
f 809//809 811//811 812//812
f 813//813 814//814 815//815
f 813//813 815//815 816//816
f 817//817 818//818 819//819
f 817//817 819//819 820//820
f 821//821 822//822 823//823
f 821//821 823//823 824//824
f 825//825 826//826 827//827
f 825//825 827//827 828//828
f 829//829 830//830 831//831
f 829//829 831//831 832//832
f 833//833 834//834 835//835
f 833//833 835//835 836//836
f 837//837 838//838 839//839
f 837//837 839//839 840//840
f 841//841 842//842 843//843
f 841//841 843//843 844//844
f 845//845 846//846 847//847
f 845//845 847//847 848//848
f 849//849 850//850 851//851
f 849//849 851//851 852//852
f 853//853 854//854 855//855
f 853//853 855//855 856//856
f 857//857 858//858 859//859
f 857//857 859//859 860//860
f 861//861 862//862 863//863
f 861//861 863//863 864//864
f 865//865 866//866 867//867
f 865//865 867//867 868//868
f 869//869 870//870 871//871
f 869//869 871//871 872//872
f 873//873 874//874 875//875
f 873//873 875//875 876//876
f 877//877 878//878 879//879
f 877//877 879//879 880//880
f 881//881 882//882 883//883
f 881//881 883//883 884//884
f 885//885 886//886 887//887
f 885//885 887//887 888//888
f 889//889 890//890 891//891
f 889//889 891//891 892//892
f 893//893 894//894 895//895
f 893//893 895//895 896//896
f 897//897 898//898 899//899
f 897//897 899//899 900//900
f 901//901 902//902 903//903
f 901//901 903//903 904//904
f 905//905 906//906 907//907
f 905//905 907//907 908//908
f 909//909 910//910 911//911
f 909//909 911//911 912//912
f 913//913 914//914 915//915
f 913//913 915//915 916//916
f 917//917 918//918 919//919
f 917//917 919//919 920//920
f 921//921 922//922 923//923
f 921//921 923//923 924//924
f 925//925 926//926 927//927
f 925//925 927//927 928//928
f 946//946 944//944 945//945
f 944//944 946//946 947//947
f 944//944 947//947 943//943
f 943//943 947//947 942//942
f 942//942 947//947 948//948
f 942//942 948//948 941//941
f 941//941 948//948 949//949
f 941//941 949//949 940//940
f 940//940 949//949 950//950
f 940//940 950//950 939//939
f 939//939 950//950 951//951
f 939//939 951//951 938//938
f 938//938 951//951 952//952
f 938//938 952//952 937//937
f 937//937 952//952 953//953
f 937//937 953//953 936//936
f 936//936 953//953 954//954
f 936//936 954//954 935//935
f 935//935 954//954 955//955
f 935//935 955//955 934//934
f 934//934 955//955 956//956
f 934//934 956//956 933//933
f 933//933 956//956 957//957
f 933//933 957//957 932//932
f 932//932 957//957 958//958
f 932//932 958//958 931//931
f 931//931 958//958 959//959
f 931//931 959//959 930//930
f 930//930 959//959 960//960
f 930//930 960//960 929//929
o WRL_Material027_0
usemtl Material.027
v 173.57208079099655 66.99911847879561 -280.7473580837227
v 173.57208079099655 53.77105630794079 -279.4445176030973
v 112.54773831367493 53.77105034747631 -279.44451760309636
v 112.54773831367493 66.99911251833042 -280.74735808372174
v 173.57208079099655 53.77105630794079 -279.4445176030973
v 173.57208079099655 41.051336334534994 -275.58601481172144
v 112.54773831367493 41.051333354302756 -275.58601481172093
v 112.54773831367493 53.77105034747631 -279.44451760309636
v 173.57208079099655 41.051336334534994 -275.58601481172144
v 173.57208079099655 29.328778618571327 -269.32015806636406
v 112.54773831367493 29.32877563833909 -269.32015806636355
v 112.54773831367493 41.051333354302756 -275.58601481172093
v 173.57208079099655 29.328778618571327 -269.32015806636406
v 173.57208079099655 19.05387502602801 -260.88776510647335
v 112.54773831367493 19.053869065563532 -260.8877651064724
v 112.54773831367493 29.32877563833909 -269.32015806636355
v 173.57208079099655 19.05387502602801 -260.88776510647335
v 173.57208079099655 10.621476473430569 -250.61285280584227
v 112.54773831367493 10.621470512966091 -250.6128528058413
v 112.54773831367493 19.053869065563532 -260.8877651064724
v 173.57208079099655 10.621476473430569 -250.61285280584227
v 173.57208079099655 4.355647389622625 -238.89031092960127
v 112.54773831367493 4.355641429158148 -238.8903109296003
v 112.54773831367493 10.621470512966091 -250.6128528058413
v 173.57208079099655 4.355647389622625 -238.89031092960127
v 173.57208079099655 0.49717258471665104 -226.17058373847578
v 112.54773831367493 0.4971666242521735 -226.1705837384748
v 112.54773831367493 4.355641429158148 -238.8903109296003
v 173.57208079099655 0.49717258471665104 -226.17058373847578
v 173.57208079099655 -0.8056814670490979 -212.9425011737243
v 112.54773831367493 -0.8056874275135755 -212.94250117372334
v 112.54773831367493 0.4971666242521735 -226.1705837384748
v 173.57208079099655 -0.8056814670490979 -212.9425011737243
v 173.57208079099655 0.49717093450469463 -199.71444226661237
v 112.54773831367493 0.4971649740402171 -199.7144422666114
v 112.54773831367493 -0.8056874275135755 -212.94250117372334
v 173.57208079099655 0.49717093450469463 -199.71444226661237
v 173.57208079099655 4.355661804948724 -186.99474017459806
v 112.54773831367493 4.355655844484247 -186.9947401745971
v 112.54773831367493 0.4971649740402171 -199.7144422666114
v 173.57208079099655 4.355661804948724 -186.99474017459806
v 173.57208079099655 10.621500668913662 -175.272176498167
v 112.54773831367493 10.621494708449184 -175.27217649816603
v 112.54773831367493 4.355655844484247 -186.9947401745971
v 173.57208079099655 10.621500668913662 -175.272176498167
v 173.57208079099655 19.053908529968446 -164.9972550242327
v 112.54773831367493 19.05390256950397 -164.99725502423172
v 112.54773831367493 10.621494708449184 -175.27217649816603
v 173.57208079099655 19.053908529968446 -164.9972550242327
v 173.57208079099655 29.328820830597103 -156.56487137279643
v 112.54773831367493 29.328817850364864 -156.56487137279595
v 112.54773831367493 19.05390256950397 -164.99725502423172
v 173.57208079099655 29.328820830597103 -156.56487137279643
v 173.57208079099655 41.051386548699895 -150.29901844713447
v 112.54773831367493 41.05138356846766 -150.29901844713396
v 112.54773831367493 29.328817850364864 -156.56487137279595
v 173.57208079099655 41.051386548699895 -150.29901844713447
v 173.57208079099655 53.771116720057634 -146.44054364222896
v 112.54773831367493 53.77111075959316 -146.440543642228
v 112.54773831367493 41.05138356846766 -150.29901844713396
v 173.57208079099655 53.771116720057634 -146.44054364222896
v 173.57208079099655 66.99918054742191 -145.13770747185362
v 112.54773831367493 66.99917458695744 -145.13770747185262
v 112.54773831367493 53.77111075959316 -146.440543642228
v 173.57208079099655 66.99918054742191 -145.13770747185362
v 173.5720688700676 80.22725819191619 -146.4405717943394
v 112.54772639274597 80.22725223145171 -146.44057179433844
v 112.54773831367493 66.99917458695744 -145.13770747185262
v 173.5720688700676 80.22725819191619 -146.4405717943394
v 173.5720688700676 92.94697518509169 -150.29906266478585
v 112.54772639274597 92.94696922462721 -150.29906266478488
v 112.54772639274597 80.22725223145171 -146.44057179433844
v 173.5720688700676 92.94697518509169 -150.29906266478585
v 173.5720688700676 104.66953886152177 -156.56490748921527
v 112.54772639274597 104.66953886152177 -156.56490748921527
v 112.54772639274597 92.94696922462721 -150.29906266478488
v 173.5720688700676 104.66953886152177 -156.56490748921527
v 173.5720688700676 114.94444841452568 -164.99732429096483
v 112.54772639274597 114.94444841452568 -164.99732429096483
v 112.54772639274597 104.66953886152177 -156.56490748921527
v 173.5720688700676 114.94444841452568 -164.99732429096483
v 173.5720688700676 123.37683504619224 -175.27224851252294
v 112.54772639274597 123.37683504619224 -175.27224851252294
v 112.54772639274597 114.94444841452568 -164.99732429096483
v 173.5720688700676 123.37683504619224 -175.27224851252294
v 173.5720688700676 129.64266412999825 -186.9948023096929
v 112.54772639274597 129.64266412999825 -186.9948023096929
v 112.54772639274597 123.37683504619224 -175.27224851252294
v 173.5720688700676 129.64266412999825 -186.9948023096929
v 173.5720688700676 133.5011270139709 -199.7145563229066
v 112.54772639274597 133.5011270139709 -199.7145563229066
v 112.54772639274597 129.64266412999825 -186.9948023096929
v 173.5720688700676 133.5011270139709 -199.7145563229066
v 173.5720688700676 134.80397510527575 -212.94261688652836
v 112.54772639274597 134.80397510527575 -212.94261688652836
v 112.54772639274597 133.5011270139709 -199.7145563229066
v 173.5720688700676 134.80397510527575 -212.94261688652836
v 173.5720688700676 133.5011107827933 -226.17067395290917
v 112.54772639274597 133.5011107827933 -226.17067395290917
v 112.54772639274597 134.80397510527575 -212.94261688652836
v 173.5720688700676 133.5011107827933 -226.17067395290917
v 173.5720688700676 129.64259607048797 -238.89039690654528
v 112.54772639274597 129.64259607048797 -238.89039690654528
v 112.54772639274597 133.5011107827933 -226.17067395290917
v 173.5720688700676 129.64259607048797 -238.89039690654528
v 173.5720688700676 123.37673932512959 -250.61296058297341
v 112.54772639274597 123.37673932512959 -250.61296058297341
v 112.54772639274597 129.64259607048797 -238.89039690654528
v 173.5720688700676 123.37673932512959 -250.61296058297341
v 173.5720688700676 114.94431954315166 -260.88784629411896
v 112.54772639274597 114.94431954315166 -260.88784629411896
v 112.54772639274597 123.37673932512959 -250.61296058297341
v 173.5720688700676 114.94431954315166 -260.88784629411896
v 173.5720688700676 104.66939532159017 -269.32025378741116
v 112.54772639274597 104.66939532159017 -269.32025378741116
v 112.54772639274597 114.94431954315166 -260.88784629411896
v 173.5720688700676 104.66939532159017 -269.32025378741116
v 173.5720688700676 92.94681172210171 -275.5860590293544
v 112.54772639274597 92.94680576163724 -275.5860590293534
v 112.54772639274597 104.66939532159017 -269.32025378741116
v 173.5720688700676 80.22708453097816 -279.4445219133314
v 173.57208079099655 66.99911847879561 -280.7473580837227
v 112.54773831367493 66.99911251833042 -280.74735808372174
v 112.54772639274597 80.22707857051368 -279.44452191333045
v 173.5720688700676 92.94681172210171 -275.5860590293544
v 173.5720688700676 80.22708453097816 -279.4445219133314
v 112.54772639274597 80.22707857051368 -279.44452191333045
v 112.54772639274597 92.94680576163724 -275.5860590293534
v 173.57208079099655 0.49717258471665104 -226.17058373847578
v 177.4113947749138 5.542270814545454 -225.16703531244647
v 177.4113947749138 4.338258981711675 -212.94250284983247
v 173.57208079099655 -0.8056814670490979 -212.9425011737243
v 173.57208079099655 66.99918054742191 -145.13770747185362
v 177.4113947749138 66.9991788713157 -150.28163599968542
v 177.41138285398483 79.22372078797326 -151.48566373670795
v 173.5720688700676 80.22725819191619 -146.4405717943394
v 173.5720688700676 133.5011107827933 -226.17067395290917
v 177.41138285398483 128.4560069194942 -225.1671462347191
v 177.41138285398483 124.8902226958241 -236.92189462404943
v 173.5720688700676 129.64259607048797 -238.89039690654528
v 173.57208079099655 -0.8056814670490979 -212.9425011737243
v 177.4113947749138 4.338258981711675 -212.94250284983247
v 177.4113947749138 5.542268837338817 -200.7179729650337
v 173.57208079099655 0.49717093450469463 -199.71444226661237
v 173.5720688700676 80.22725819191619 -146.4405717943394
v 177.41138285398483 79.22372078797326 -151.48566373670795
v 177.41138285398483 90.97847290259584 -155.05143603944973
v 173.5720688700676 92.94697518509169 -150.29906266478585
v 173.57208079099655 66.99911847879561 -280.7473580837227
v 177.4113947749138 66.9991201549004 -275.6034295558909
v 177.4113947749138 54.7745892415373 -274.3994137397991
v 173.57208079099655 53.77105630794079 -279.4445176030973
v 173.5720688700676 129.64259607048797 -238.89039690654528
v 177.41138285398483 124.8902226958241 -236.92189462404943
v 177.41138285398483 119.09971313743915 -247.75513174589858
v 173.5720688700676 123.37673932512959 -250.61296058297341
v 173.57208079099655 0.49717093450469463 -199.71444226661237
v 177.4113947749138 5.542268837338817 -200.7179729650337
v 177.4113947749138 9.108041140078527 -188.96323351639816
v 173.57208079099655 4.355661804948724 -186.99474017459806
v 173.5720688700676 92.94697518509169 -150.29906266478585
v 177.41138285398483 90.97847290259584 -155.05143603944973
v 177.41138285398483 101.81171002444694 -160.8419336769057
v 173.5720688700676 104.66953886152177 -156.56490748921527
v 173.5720688700676 123.37673932512959 -250.61296058297341
v 177.41138285398483 119.09971313743915 -247.75513174589858
v 177.41138285398483 111.30700927320464 -257.25052887852013
v 173.5720688700676 114.94431954315166 -260.88784629411896
v 173.57208079099655 53.77105630794079 -279.4445176030973
v 177.4113947749138 54.7745892415373 -274.3994137397991
v 177.4113947749138 43.01983563679861 -270.83364143705705
v 173.57208079099655 41.051336334534994 -275.58601481172144
v 173.57208079099655 4.355661804948724 -186.99474017459806
v 177.4113947749138 9.108041140078527 -188.96323351639816
v 177.4113947749138 14.898532817070517 -178.12999341431384
v 173.57208079099655 10.621500668913662 -175.272176498167
v 173.5720688700676 104.66953886152177 -156.56490748921527
v 177.41138285398483 101.81171002444694 -160.8419336769057
v 177.41138285398483 111.30711907799795 -168.63463456090992
v 173.5720688700676 114.94444841452568 -164.99732429096483
v 173.5720688700676 114.94431954315166 -260.88784629411896
v 177.41138285398483 111.30700927320464 -257.25052887852013
v 177.41138285398483 101.8115797990784 -265.0432147475951
v 173.5720688700676 104.66939532159017 -269.32025378741116
v 173.57208079099655 41.051336334534994 -275.58601481172144
v 177.4113947749138 43.01983563679861 -270.83364143705705
v 177.4113947749138 32.186598514947505 -265.0431437996011
v 173.57208079099655 29.328778618571327 -269.32015806636406
v 173.57208079099655 10.621500668913662 -175.272176498167
v 177.4113947749138 14.898532817070517 -178.12999341431384
v 177.4113947749138 22.69121879991353 -168.6345843607604
v 173.57208079099655 19.053908529968446 -164.9972550242327
v 173.5720688700676 114.94444841452568 -164.99732429096483
v 177.41138285398483 111.30711907799795 -168.63463456090992
v 177.41138285398483 119.09979600637811 -178.13005211410575
v 173.5720688700676 123.37683504619224 -175.27224851252294
v 173.5720688700676 104.66939532159017 -269.32025378741116
v 177.41138285398483 101.8115797990784 -265.0432147475951
v 177.41138285398483 90.97832290905473 -270.8336850132732
v 173.5720688700676 92.94681172210171 -275.5860590293544
v 173.57208079099655 29.328778618571327 -269.32015806636406
v 177.4113947749138 32.186598514947505 -265.0431437996011
v 177.4113947749138 22.69119244162679 -257.25045483652633
v 173.57208079099655 19.05387502602801 -260.88776510647335
v 173.57208079099655 19.053908529968446 -164.9972550242327
v 177.4113947749138 22.69121879991353 -168.6345843607604
v 177.4113947749138 32.18663635311275 -160.84188657075458
v 173.57208079099655 29.328820830597103 -156.56487137279643
v 173.5720688700676 123.37683504619224 -175.27224851252294
v 177.41138285398483 119.09979600637811 -178.13005211410575
v 177.41138285398483 124.89029011391467 -188.96330602390108
v 173.5720688700676 129.64266412999825 -186.9948023096929
v 173.5720688700676 92.94681172210171 -275.5860590293544
v 177.41138285398483 90.97832290905473 -270.8336850132732
v 177.41138285398483 79.22356218198192 -274.39941772304235
v 173.5720688700676 80.22708453097816 -279.4445219133314
v 173.57208079099655 19.05387502602801 -260.88776510647335
v 177.4113947749138 22.69119244162679 -257.25045483652633
v 177.4113947749138 14.898509552784084 -247.75502536240057
v 173.57208079099655 10.621476473430569 -250.61285280584227
v 173.57208079099655 29.328820830597103 -156.56487137279643
v 177.4113947749138 32.18663635311275 -160.84188657075458
v 177.4113947749138 43.019890262906145 -155.05140438414696
v 173.57208079099655 41.051386548699895 -150.29901844713447
v 173.5720688700676 129.64266412999825 -186.9948023096929
v 177.41138285398483 124.89029011391467 -188.96330602390108
v 177.41138285398483 128.45603474460995 -200.7180838873112
v 173.5720688700676 133.5011270139709 -199.7145563229066
v 173.5720688700676 80.22708453097816 -279.4445219133314
v 177.41138285398483 79.22356218198192 -274.39941772304235
v 177.4113947749138 66.9991201549004 -275.6034295558909
v 173.57208079099655 66.99911847879561 -280.7473580837227
v 173.57208079099655 10.621476473430569 -250.61285280584227
v 177.4113947749138 14.898509552784084 -247.75502536240057
v 177.4113947749138 9.108027366174063 -236.92178635376837
v 173.57208079099655 4.355647389622625 -238.89031092960127
v 173.57208079099655 41.051386548699895 -150.29901844713447
v 177.4113947749138 43.019890262906145 -155.05140438414696
v 177.4113947749138 54.77464651963447 -151.48564783251922
v 173.57208079099655 53.771116720057634 -146.44054364222896
v 173.5720688700676 133.5011270139709 -199.7145563229066
v 177.41138285398483 128.45603474460995 -200.7180838873112
v 177.41138285398483 129.66003465651497 -212.94261521042017
v 173.5720688700676 134.80397510527575 -212.94261688652836
v 173.57208079099655 4.355647389622625 -238.89031092960127
v 177.4113947749138 9.108027366174063 -236.92178635376837
v 177.4113947749138 5.542270814545454 -225.16703531244647
v 173.57208079099655 0.49717258471665104 -226.17058373847578
v 173.57208079099655 53.771116720057634 -146.44054364222896
v 177.4113947749138 54.77464651963447 -151.48564783251922
v 177.4113947749138 66.9991788713157 -150.28163599968542
v 173.57208079099655 66.99918054742191 -145.13770747185362
v 173.5720688700676 134.80397510527575 -212.94261688652836
v 177.41138285398483 129.66003465651497 -212.94261521042017
v 177.41138285398483 128.4560069194942 -225.1671462347191
v 173.5720688700676 133.5011107827933 -226.17067395290917
v 177.4113947749138 56.48047035681606 -265.8233785181495
v 174.626808822155 57.93675756272745 -258.5021163957896
v 174.626808822155 49.22265056936702 -255.85874136749217
v 177.4113947749138 46.366037240283795 -262.75521287932474
v 177.41138285398483 128.4560069194942 -225.1671462347191
v 177.41138285398483 119.87998361877459 -223.46125915897778
v 177.41138285398483 116.81177923693156 -233.57568706009732
v 177.41138285398483 124.8902226958241 -236.92189462404943
v 177.41138285398483 111.82930327196661 -242.89720598082437
v 177.41138285398483 119.09971313743915 -247.75513174589858
v 177.4113947749138 66.9991201549004 -275.6034295558909
v 177.4113947749138 66.99912300406498 -266.8594043254835
v 177.4113947749138 56.48047035681606 -265.8233785181495
v 177.4113947749138 54.7745892415373 -274.3994137397991
v 177.41138285398483 105.12405358497958 -251.06757117563208
v 177.41138285398483 111.30700927320464 -257.25052887852013
v 177.4113947749138 46.366037240283795 -262.75521287932474
v 177.4113947749138 43.01983563679861 -270.83364143705705
v 177.41138285398483 96.95366832393314 -257.772806279444
v 177.41138285398483 101.8115797990784 -265.0432147475951
v 177.4113947749138 37.044527260253474 -257.7727369143613
v 177.4113947749138 32.186598514947505 -265.0431437996011
v 177.41138285398483 87.63213883901801 -262.75524940474844
v 177.41138285398483 90.97832290905473 -270.8336850132732
v 177.4113947749138 28.87415908521546 -251.0674753064448
v 177.4113947749138 22.69119244162679 -257.25045483652633
v 177.4113947749138 77.51769727217528 -265.8233819455488
v 177.41138285398483 79.22356218198192 -274.39941772304235
v 177.4113947749138 22.168906100007206 -242.8971079267889
v 177.4113947749138 14.898509552784084 -247.75502536240057
v 177.4113947749138 17.186459994465665 -233.57560824419568
v 177.4113947749138 9.108027366174063 -236.92178635376837
v 177.4113947749138 14.118294671109062 -223.46117636310237
v 177.4113947749138 5.542270814545454 -225.16703531244647
v 177.4113947749138 13.08229613304799 -212.94250569900396
v 177.4113947749138 4.338258981711675 -212.94250284983247
v 177.4113947749138 14.118292138058443 -202.42386004077503
v 177.4113947749138 5.542268837338817 -200.7179729650337
v 177.4113947749138 17.186472678042108 -192.3094410803483
v 177.4113947749138 9.108041140078527 -188.96323351639816
v 177.4113947749138 22.168927781381868 -182.98791917938564
v 177.4113947749138 14.898532817070517 -178.12999341431384
v 177.4113947749138 28.874183428831422 -174.81756590550785
v 177.4113947749138 22.69121879991353 -168.6345843607604
v 177.4113947749138 37.04455974918697 -168.11229503890763
v 177.4113947749138 32.18663635311275 -160.84188657075458
v 177.4113947749138 46.36608029340345 -163.12986383453068
v 177.4113947749138 43.019890262906145 -155.05140438414696
v 177.4113947749138 56.48051738990753 -160.06167168908476
v 177.4113947749138 54.77464651963447 -151.48564783251922
v 177.4113947749138 66.99917006167442 -159.0256969928787
v 177.4113947749138 66.9991788713157 -150.28163599968542
v 177.4113947749138 77.51784563316093 -160.06168703742952
v 177.41138285398483 79.22372078797326 -151.48566373670795
v 177.41138285398483 87.63226533864423 -163.12987651811002
v 177.41138285398483 90.97847290259584 -155.05143603944973
v 177.41138285398483 96.9537723384462 -168.11232864121513
v 177.41138285398483 101.81171002444694 -160.8419336769057
v 177.41138285398483 105.12414945417899 -174.817602170062
v 177.41138285398483 111.30711907799795 -168.63463456090992
v 177.41138285398483 111.82939647892081 -182.98798147064588
v 177.41138285398483 119.09979600637811 -178.13005211410575
v 177.41138285398483 116.8118396042277 -192.30949605439983
v 177.41138285398483 124.89029011391467 -188.96330602390108
v 177.41138285398483 119.87999896711352 -202.42396667851125
v 177.41138285398483 128.45603474460995 -200.7180838873112
v 177.41138285398483 120.91599750517865 -212.94261236125436
v 177.41138285398483 129.66003465651497 -212.94261521042017
v 177.41138285398483 105.12405358497958 -251.06757117563208
v 174.62679690122604 99.8457234035958 -245.78922139295338
v 174.62679690122604 92.80651524233753 -251.56614712123533
v 177.41138285398483 96.95366832393314 -257.772806279444
v 177.4113947749138 46.366037240283795 -262.75521287932474
v 174.626808822155 49.22265056936702 -255.85874136749217
v 174.626808822155 41.19169130493087 -251.56608506793287
v 177.4113947749138 37.044527260253474 -257.7727369143613
v 177.41138285398483 96.95366832393314 -257.772806279444
v 174.62679690122604 92.80651524233753 -251.56614712123533
v 174.62679690122604 84.77553371755894 -255.8587531202565
v 177.41138285398483 87.63213883901801 -262.75524940474844
v 177.4113947749138 37.044527260253474 -257.7727369143613
v 174.626808822155 41.19169130493087 -251.56608506793287
v 174.626808822155 34.15249694696423 -245.78915108552354
v 177.4113947749138 28.87415908521546 -251.0674753064448
v 177.41138285398483 87.63213883901801 -262.75524940474844
v 174.62679690122604 84.77553371755894 -255.8587531202565
v 174.626808822155 76.06142139253068 -258.5021193486721
v 177.4113947749138 77.51769727217528 -265.8233819455488
v 177.4113947749138 28.87415908521546 -251.0674753064448
v 174.626808822155 34.15249694696423 -245.78915108552354
v 174.626808822155 28.375574198911607 -238.7499608056592
v 177.4113947749138 22.168906100007206 -242.8971079267889
v 177.4113947749138 77.51769727217528 -265.8233819455488
v 174.626808822155 76.06142139253068 -258.5021193486721
v 174.626808822155 66.99912543637102 -259.39470934867717
v 177.4113947749138 66.99912300406498 -266.8594043254835
v 177.4113947749138 22.168906100007206 -242.8971079267889
v 174.626808822155 28.375574198911607 -238.7499608056592
v 174.626808822155 24.082941377797376 -230.7189971622697
v 177.4113947749138 17.186459994465665 -233.57560824419568
v 177.4113947749138 17.186459994465665 -233.57560824419568
v 174.626808822155 24.082941377797376 -230.7189971622697
v 174.626808822155 21.439554287758376 -222.0048706811349
v 177.4113947749138 14.118294671109062 -223.46117636310237
v 177.4113947749138 14.118294671109062 -223.46117636310237
v 174.626808822155 21.439554287758376 -222.0048706811349
v 174.626808822155 20.5469881296221 -212.9425081313074
v 177.4113947749138 13.08229613304799 -212.94250569900396
v 177.4113947749138 13.08229613304799 -212.94250569900396
v 174.626808822155 20.5469881296221 -212.9425081313074
v 174.626808822155 21.439551280186144 -203.8801472466859
v 177.4113947749138 14.118292138058443 -202.42386004077503
v 177.4113947749138 14.118292138058443 -202.42386004077503
v 174.626808822155 21.439551280186144 -203.8801472466859
v 174.626808822155 24.08295313057142 -195.166054409433
v 177.4113947749138 17.186472678042108 -192.3094410803483
v 177.4113947749138 17.186472678042108 -192.3094410803483
v 174.626808822155 24.08295313057142 -195.166054409433
v 174.626808822155 28.375588568507474 -187.13508024383225
v 177.4113947749138 22.168927781381868 -182.98791917938564
v 177.4113947749138 22.168927781381868 -182.98791917938564
v 174.626808822155 28.375588568507474 -187.13508024383225
v 174.626808822155 34.15251957068164 -180.09590376725856
v 177.4113947749138 28.874183428831422 -174.81756590550785
v 177.4113947749138 28.874183428831422 -174.81756590550785
v 174.626808822155 34.15251957068164 -180.09590376725856
v 174.626808822155 41.1917158110129 -174.31896611804572
v 177.4113947749138 37.04455974918697 -168.11229503890763
v 177.4113947749138 37.04455974918697 -168.11229503890763
v 174.626808822155 41.1917158110129 -174.31896611804572
v 174.626808822155 49.22269733579342 -170.02634819809558
v 177.4113947749138 46.36608029340345 -163.12986383453068
v 177.4113947749138 46.36608029340345 -163.12986383453068
v 174.626808822155 49.22269733579342 -170.02634819809558
v 174.626808822155 57.93679923001856 -167.3829223650335
v 177.4113947749138 56.48051738990753 -160.06167168908476
v 177.4113947749138 56.48051738990753 -160.06167168908476
v 174.626808822155 57.93679923001856 -167.3829223650335
v 174.626808822155 66.9991616689032 -166.49039196968405
v 177.4113947749138 66.99917006167442 -159.0256969928787
v 177.4113947749138 66.99917006167442 -159.0256969928787
v 174.626808822155 66.9991616689032 -166.49039196968405
v 174.626808822155 76.06154650632058 -167.38294915978753
v 177.4113947749138 77.51784563316093 -160.06168703742952
v 177.4113947749138 77.51784563316093 -160.06168703742952
v 174.626808822155 76.06154650632058 -167.38294915978753
v 174.62679690122604 84.77565200955907 -170.02635995087158
v 177.41138285398483 87.63226533864423 -163.12987651811002
v 177.41138285398483 87.63226533864423 -163.12987651811002
v 174.62679690122604 84.77565200955907 -170.02635995087158
v 174.62679690122604 92.80660531353462 -174.318992408572
v 177.41138285398483 96.9537723384462 -168.11232864121513
v 177.41138285398483 96.9537723384462 -168.11232864121513
v 174.62679690122604 92.80660531353462 -174.318992408572
v 174.62679690122604 99.84581755289275 -180.0959383119132
v 177.41138285398483 105.12414945417899 -174.817602170062
v 177.41138285398483 105.12414945417899 -174.817602170062
v 174.62679690122604 99.84581755289275 -180.0959383119132
v 174.62679690122604 105.62272539978224 -187.13514051270406
v 177.41138285398483 111.82939647892081 -182.98798147064588
v 177.41138285398483 111.82939647892081 -182.98798147064588
v 174.62679690122604 105.62272539978224 -187.13514051270406
v 174.62679690122604 109.91535524066181 -195.1661190572543
v 177.41138285398483 116.8118396042277 -192.30949605439983
v 177.41138285398483 116.8118396042277 -192.30949605439983
v 174.62679690122604 109.91535524066181 -195.1661190572543
v 174.62679690122604 112.55873339000749 -203.88022467676194
v 177.41138285398483 119.87999896711352 -202.42396667851125
v 177.41138285398483 119.87999896711352 -202.42396667851125
v 174.62679690122604 112.55873339000749 -203.88022467676194
v 174.62679690122604 113.45129954814395 -212.94258608709205
v 177.41138285398483 120.91599750517865 -212.94261236125436
v 177.41138285398483 120.91599750517865 -212.94261236125436
v 174.62679690122604 113.45129954814395 -212.94258608709205
v 174.62679690122604 112.55871851618241 -222.0049719530659
v 177.41138285398483 119.87998361877459 -223.46125915897778
v 177.41138285398483 119.87998361877459 -223.46125915897778
v 174.62679690122604 112.55871851618241 -222.0049719530659
v 174.62679690122604 109.91530772509896 -230.7190737310141
v 177.41138285398483 116.81177923693156 -233.57568706009732
v 177.41138285398483 116.81177923693156 -233.57568706009732
v 174.62679690122604 109.91530772509896 -230.7190737310141
v 174.62679690122604 105.6226395046107 -238.7500329954483
v 177.41138285398483 111.82930327196661 -242.89720598082437
v 177.4113947749138 66.99912300406498 -266.8594043254835
v 174.626808822155 66.99912543637102 -259.39470934867717
v 174.626808822155 57.93675756272745 -258.5021163957896
v 177.4113947749138 56.48047035681606 -265.8233785181495
v 177.41138285398483 111.82930327196661 -242.89720598082437
v 174.62679690122604 105.6226395046107 -238.7500329954483
v 174.62679690122604 99.8457234035958 -245.78922139295338
v 177.41138285398483 105.12405358497958 -251.06757117563208
v 112.54773831367493 53.77105034747631 -279.44451760309636
v 112.54773831367493 41.051333354302756 -275.58601481172093
v 112.54773831367493 29.32877563833909 -269.32015806636355
v 112.54773831367493 19.053869065563532 -260.8877651064724
v 112.54773831367493 10.621470512966091 -250.6128528058413
v 112.54773831367493 4.355641429158148 -238.8903109296003
v 112.54773831367493 0.4971666242521735 -226.1705837384748
v 112.54773831367493 -0.8056874275135755 -212.94250117372334
v 112.54773831367493 0.4971649740402171 -199.7144422666114
v 112.54773831367493 4.355655844484247 -186.9947401745971
v 112.54773831367493 10.621494708449184 -175.27217649816603
v 112.54773831367493 19.05390256950397 -164.99725502423172
v 112.54773831367493 29.328817850364864 -156.56487137279595
v 112.54773831367493 41.05138356846766 -150.29901844713396
v 112.54773831367493 53.77111075959316 -146.440543642228
v 112.54773831367493 66.99917458695744 -145.13770747185262
v 112.54772639274597 80.22725223145171 -146.44057179433844
v 112.54772639274597 92.94696922462721 -150.29906266478488
v 112.54772639274597 104.66953886152177 -156.56490748921527
v 112.54772639274597 114.94444841452568 -164.99732429096483
v 112.54772639274597 123.37683504619224 -175.27224851252294
v 112.54772639274597 129.64266412999825 -186.9948023096929
v 112.54772639274597 133.5011270139709 -199.7145563229066
v 112.54772639274597 134.80397510527575 -212.94261688652836
v 112.54772639274597 133.5011107827933 -226.17067395290917
v 112.54772639274597 129.64259607048797 -238.89039690654528
v 112.54772639274597 123.37673932512959 -250.61296058297341
v 112.54772639274597 114.94431954315166 -260.88784629411896
v 112.54772639274597 104.66939532159017 -269.32025378741116
v 112.54772639274597 92.94680576163724 -275.5860590293534
v 112.54772639274597 80.22707857051368 -279.44452191333045
v 112.54773831367493 66.99911251833042 -280.74735808372174
vn 9.328846244003023e-9 -0.09801640850064774 -0.9951847987507818
vn 9.328846244003023e-9 -0.09801640850064774 -0.9951847987507818
vn 9.328846244003023e-9 -0.09801640850064774 -0.9951847987507818
vn 9.328846244003023e-9 -0.09801640850064774 -0.9951847987507818
vn 2.296329555732074e-8 -0.29028596287075875 -0.9569399457438257
vn 2.296329555732074e-8 -0.29028596287075875 -0.9569399457438257
vn 2.296329555732074e-8 -0.29028596287075875 -0.9569399457438257
vn 2.296329555732074e-8 -0.29028596287075875 -0.9569399457438257
vn 2.2963290658086176e-8 -0.47139790936855147 -0.8819206376103003
vn 2.2963290658086176e-8 -0.47139790936855147 -0.8819206376103003
vn 2.2963290658086176e-8 -0.47139790936855147 -0.8819206376103003
vn 2.2963290658086176e-8 -0.47139790936855147 -0.8819206376103003
vn 4.5926635904203487e-8 -0.6343931616234983 -0.7730105539288191
vn 4.5926635904203487e-8 -0.6343931616234983 -0.7730105539288191
vn 4.5926635904203487e-8 -0.6343931616234983 -0.7730105539288191
vn 4.5926635904203487e-8 -0.6343931616234983 -0.7730105539288191
vn 4.592660325205279e-8 -0.7730106302164936 -0.6343930686666567
vn 4.592660325205279e-8 -0.7730106302164936 -0.6343930686666567
vn 4.592660325205279e-8 -0.7730106302164936 -0.6343930686666567
vn 4.592660325205279e-8 -0.7730106302164936 -0.6343930686666567
vn 9.18533558546616e-8 -0.881921281257663 -0.4713967051908973
vn 9.18533558546616e-8 -0.881921281257663 -0.4713967051908973
vn 9.18533558546616e-8 -0.881921281257663 -0.4713967051908973
vn 9.18533558546616e-8 -0.881921281257663 -0.4713967051908973
vn 0 -0.9569405937876005 -0.29028382655848184
vn 0 -0.9569405937876005 -0.29028382655848184
vn 0 -0.9569405937876005 -0.29028382655848184
vn 0 -0.9569405937876005 -0.29028382655848184
vn 0 -0.9951847139876786 -0.0980172691175512
vn 0 -0.9951847139876786 -0.0980172691175512
vn 0 -0.9951847139876786 -0.0980172691175512
vn 0 -0.9951847139876786 -0.0980172691175512
vn 9.185325441423764e-8 -0.995184711120353 0.09801729822990943
vn 9.185325441423764e-8 -0.995184711120353 0.09801729822990943
vn 9.185325441423764e-8 -0.995184711120353 0.09801729822990943
vn 9.185325441423764e-8 -0.995184711120353 0.09801729822990943
vn 0 -0.9569400965264496 0.29028546580900233
vn 0 -0.9569400965264496 0.29028546580900233
vn 0 -0.9569400965264496 0.29028546580900233
vn 0 -0.9569400965264496 0.29028546580900233
vn 0 -0.8819213408502978 0.4713965937009015
vn 0 -0.8819213408502978 0.4713965937009015
vn 0 -0.8819213408502978 0.4713965937009015
vn 0 -0.8819213408502978 0.4713965937009015
vn 0 -0.7730105059524905 0.63439322008284
vn 0 -0.7730105059524905 0.63439322008284
vn 0 -0.7730105059524905 0.63439322008284
vn 0 -0.7730105059524905 0.63439322008284
vn 4.592662999524996e-8 -0.6343924494345747 0.7730111384064258
vn 4.592662999524996e-8 -0.6343924494345747 0.7730111384064258
vn 4.592662999524996e-8 -0.6343924494345747 0.7730111384064258
vn 4.592662999524996e-8 -0.6343924494345747 0.7730111384064258
vn 2.2963281051081595e-8 -0.47139743496410025 0.8819208911854093
vn 2.2963281051081595e-8 -0.47139743496410025 0.8819208911854093
vn 2.2963281051081595e-8 -0.47139743496410025 0.8819208911854093
vn 2.2963281051081595e-8 -0.47139743496410025 0.8819208911854093
vn 1.7222469993161497e-8 -0.29028378271019756 0.9569406070887881
vn 1.7222469993161497e-8 -0.29028378271019756 0.9569406070887881
vn 1.7222469993161497e-8 -0.29028378271019756 0.9569406070887881
vn 1.7222469993161497e-8 -0.29028378271019756 0.9569406070887881
vn 9.328844153270878e-9 -0.09801606790536412 0.9951848322961776
vn 9.328844153270878e-9 -0.09801606790536412 0.9951848322961776
vn 9.328844153270878e-9 -0.09801606790536412 0.9951848322961776
vn 9.328844153270878e-9 -0.09801606790536412 0.9951848322961776
vn -1.0046435078583188e-8 0.09801798291199677 0.99518464368471
vn -1.0046435078583188e-8 0.09801798291199677 0.99518464368471
vn -1.0046435078583188e-8 0.09801798291199677 0.99518464368471
vn -1.0046435078583188e-8 0.09801798291199677 0.99518464368471
vn -2.8704132194675557e-8 0.29028499603815444 0.9569402390301747
vn -2.8704132194675557e-8 0.29028499603815444 0.9569402390301747
vn -2.8704132194675557e-8 0.29028499603815444 0.9569402390301747
vn -2.8704132194675557e-8 0.29028499603815444 0.9569402390301747
vn -2.2963286158899467e-8 0.4713970852764818 0.8819210780976021
vn -2.2963286158899467e-8 0.4713970852764818 0.8819210780976021
vn -2.2963286158899467e-8 0.4713970852764818 0.8819210780976021
vn -2.2963286158899467e-8 0.4713970852764818 0.8819210780976021
vn 0 0.634393845701223 0.7730099925204156
vn 0 0.634393845701223 0.7730099925204156
vn 0 0.634393845701223 0.7730099925204156
vn 0 0.634393845701223 0.7730099925204156
vn 0 0.7730114921842055 0.6343920183539102
vn 0 0.7730114921842055 0.6343920183539102
vn 0 0.7730114921842055 0.6343920183539102
vn 0 0.7730114921842055 0.6343920183539102
vn 0 0.8819214829160696 0.4713963279143364
vn 0 0.8819214829160696 0.4713963279143364
vn 0 0.8819214829160696 0.4713963279143364
vn 0 0.8819214829160696 0.4713963279143364
vn 0 0.9569410115275582 0.2902824494464207
vn 0 0.9569410115275582 0.2902824494464207
vn 0 0.9569410115275582 0.2902824494464207
vn 0 0.9569410115275582 0.2902824494464207
vn 0 0.9951847416048601 0.09801698871556686
vn 0 0.9951847416048601 0.09801698871556686
vn 0 0.9951847416048601 0.09801698871556686
vn 0 0.9951847416048601 0.09801698871556686
vn 0 0.9951846218814588 -0.09801820428194846
vn 0 0.9951846218814588 -0.09801820428194846
vn 0 0.9951846218814588 -0.09801820428194846
vn 0 0.9951846218814588 -0.09801820428194846
vn 0 0.9569397352434948 -0.29028665679309085
vn 0 0.9569397352434948 -0.29028665679309085
vn 0 0.9569397352434948 -0.29028665679309085
vn 0 0.9569397352434948 -0.29028665679309085
vn 0 0.8819207756094337 -0.47139765119106714
vn 0 0.8819207756094337 -0.47139765119106714
vn 0 0.8819207756094337 -0.47139765119106714
vn 0 0.8819207756094337 -0.47139765119106714
vn 0 0.7730089469079827 -0.6343951197796305
vn 0 0.7730089469079827 -0.6343951197796305
vn 0 0.7730089469079827 -0.6343951197796305
vn 0 0.7730089469079827 -0.6343951197796305
vn 0 0.6343932047457514 -0.7730105185393115
vn 0 0.6343932047457514 -0.7730105185393115
vn 0 0.6343932047457514 -0.7730105185393115
vn 0 0.6343932047457514 -0.7730105185393115
vn -2.296328905026095e-8 0.4713939299738227 -0.8819227646363565
vn -2.296328905026095e-8 0.4713939299738227 -0.8819227646363565
vn -2.296328905026095e-8 0.4713939299738227 -0.8819227646363565
vn -2.296328905026095e-8 0.4713939299738227 -0.8819227646363565
vn -1.0046521015811913e-8 0.09801666560443016 -0.9951847734284268
vn -1.0046521015811913e-8 0.09801666560443016 -0.9951847734284268
vn -1.0046521015811913e-8 0.09801666560443016 -0.9951847734284268
vn -1.0046521015811913e-8 0.09801666560443016 -0.9951847734284268
vn -2.2963298035728268e-8 0.290283149192778 -0.9569407992633205
vn -2.2963298035728268e-8 0.290283149192778 -0.9569407992633205
vn -2.2963298035728268e-8 0.290283149192778 -0.9569407992633205
vn -2.2963298035728268e-8 0.290283149192778 -0.9569407992633205
vn 0.8000050837728231 -0.5971040862251547 -0.058809660353223665
vn 0.8000050837728231 -0.5971040862251547 -0.058809660353223665
vn 0.8000050837728231 -0.5971040862251547 -0.058809660353223665
vn 0.8000050837728231 -0.5971040862251547 -0.058809660353223665
vn 0.8000042945832907 0.05881086275845168 0.5971050251588056
vn 0.8000042945832907 0.05881086275845168 0.5971050251588056
vn 0.8000042945832907 0.05881086275845168 0.5971050251588056
vn 0.8000042945832907 0.05881086275845168 0.5971050251588056
vn 0.8000045626144564 0.5741580758078415 -0.1741700427188587
vn 0.8000045626144564 0.5741580758078415 -0.1741700427188587
vn 0.8000045626144564 0.5741580758078415 -0.1741700427188587
vn 0.8000045626144564 0.5741580758078415 -0.1741700427188587
vn 0.8000045015097137 -0.5971048673276076 0.05880965038048573
vn 0.8000045015097137 -0.5971048673276076 0.05880965038048573
vn 0.8000045015097137 -0.5971048673276076 0.05880965038048573
vn 0.8000045015097137 -0.5971048673276076 0.05880965038048573
vn 0.8000042771340026 0.1741696113913935 0.5741586044248339
vn 0.8000042771340026 0.1741696113913935 0.5741586044248339
vn 0.8000042771340026 0.1741696113913935 0.5741586044248339
vn 0.8000042771340026 0.1741696113913935 0.5741586044248339
vn 0.8000045361163941 -0.05880952253931066 -0.5971048335526108
vn 0.8000045361163941 -0.05880952253931066 -0.5971048335526108
vn 0.8000045361163941 -0.05880952253931066 -0.5971048335526108
vn 0.8000045361163941 -0.05880952253931066 -0.5971048335526108
vn 0.8000046683907232 0.529146888647704 -0.28283581949163294
vn 0.8000046683907232 0.529146888647704 -0.28283581949163294
vn 0.8000046683907232 0.529146888647704 -0.28283581949163294
vn 0.8000046683907232 0.529146888647704 -0.28283581949163294
vn 0.8000045379212524 -0.5741582796775813 0.17416948407538074
vn 0.8000045379212524 -0.5741582796775813 0.17416948407538074
vn 0.8000045379212524 -0.5741582796775813 0.17416948407538074
vn 0.8000045379212524 -0.5741582796775813 0.17416948407538074
vn 0.8000046871022842 0.2828354088745022 0.5291470798380818
vn 0.8000046871022842 0.2828354088745022 0.5291470798380818
vn 0.8000046871022842 0.2828354088745022 0.5291470798380818
vn 0.8000046871022842 0.2828354088745022 0.5291470798380818
vn 0.8000049400576915 0.4638003572414475 -0.38063279483774803
vn 0.8000049400576915 0.4638003572414475 -0.38063279483774803
vn 0.8000049400576915 0.4638003572414475 -0.38063279483774803
vn 0.8000049400576915 0.4638003572414475 -0.38063279483774803
vn 0.8000047336493653 -0.17416966849625157 -0.5741579510156711
vn 0.8000047336493653 -0.17416966849625157 -0.5741579510156711
vn 0.8000047336493653 -0.17416966849625157 -0.5741579510156711
vn 0.8000047336493653 -0.17416966849625157 -0.5741579510156711
vn 0.8000046291824718 -0.5291472991907662 0.2828351623220379
vn 0.8000046291824718 -0.5291472991907662 0.2828351623220379
vn 0.8000046291824718 -0.5291472991907662 0.2828351623220379
vn 0.8000046291824718 -0.5291472991907662 0.2828351623220379
vn 0.8000051349101176 0.3806319382013834 0.46380072416772145
vn 0.8000051349101176 0.3806319382013834 0.46380072416772145
vn 0.8000051349101176 0.3806319382013834 0.46380072416772145
vn 0.8000051349101176 0.3806319382013834 0.46380072416772145
vn 0.8000047732913161 0.3806317568178532 -0.463801496777301
vn 0.8000047732913161 0.3806317568178532 -0.463801496777301
vn 0.8000047732913161 0.3806317568178532 -0.463801496777301
vn 0.8000047732913161 0.3806317568178532 -0.463801496777301
vn 0.8000043175624157 -0.28283591130260083 -0.5291473699822391
vn 0.8000043175624157 -0.28283591130260083 -0.5291473699822391
vn 0.8000043175624157 -0.28283591130260083 -0.5291473699822391
vn 0.8000043175624157 -0.28283591130260083 -0.5291473699822391
vn 0.8000052679160118 -0.4638007572153352 0.3806316183833287
vn 0.8000052679160118 -0.4638007572153352 0.3806316183833287
vn 0.8000052679160118 -0.4638007572153352 0.3806316183833287
vn 0.8000052679160118 -0.4638007572153352 0.3806316183833287
vn 0.8000046318175289 0.4638019952622755 0.3806314467581894
vn 0.8000046318175289 0.4638019952622755 0.3806314467581894
vn 0.8000046318175289 0.4638019952622755 0.3806314467581894
vn 0.8000046318175289 0.4638019952622755 0.3806314467581894
vn 0.8000046575365398 0.28283379549225485 -0.5291479869065825
vn 0.8000046575365398 0.28283379549225485 -0.5291479869065825
vn 0.8000046575365398 0.28283379549225485 -0.5291479869065825
vn 0.8000046575365398 0.28283379549225485 -0.5291479869065825
vn 0.8000042983144217 -0.38063235442032683 -0.4638018256183222
vn 0.8000042983144217 -0.38063235442032683 -0.4638018256183222
vn 0.8000042983144217 -0.38063235442032683 -0.4638018256183222
vn 0.8000042983144217 -0.38063235442032683 -0.4638018256183222
vn 0.8000047091005797 -0.3806319618089033 0.4638014392672821
vn 0.8000047091005797 -0.3806319618089033 0.4638014392672821
vn 0.8000047091005797 -0.3806319618089033 0.4638014392672821
vn 0.8000047091005797 -0.3806319618089033 0.4638014392672821
vn 0.8000045752356308 0.529147355668089 0.2828352092500623
vn 0.8000045752356308 0.529147355668089 0.2828352092500623
vn 0.8000045752356308 0.529147355668089 0.2828352092500623
vn 0.8000045752356308 0.529147355668089 0.2828352092500623
vn 0.8000044797631221 0.1741677922884159 -0.5741588739088823
vn 0.8000044797631221 0.1741677922884159 -0.5741588739088823
vn 0.8000044797631221 0.1741677922884159 -0.5741588739088823
vn 0.8000044797631221 0.1741677922884159 -0.5741588739088823
vn 0.8000049941021544 -0.46380136735993016 -0.38063145041716046
vn 0.8000049941021544 -0.46380136735993016 -0.38063145041716046
vn 0.8000049941021544 -0.46380136735993016 -0.38063145041716046
vn 0.8000049941021544 -0.46380136735993016 -0.38063145041716046
vn 0.8000046072108419 -0.28283519075232916 0.5291473172128159
vn 0.8000046072108419 -0.28283519075232916 0.5291473172128159
vn 0.8000046072108419 -0.28283519075232916 0.5291473172128159
vn 0.8000046072108419 -0.28283519075232916 0.5291473172128159
vn 0.8000041562223257 0.574159289654238 0.17416790786693653
vn 0.8000041562223257 0.574159289654238 0.17416790786693653
vn 0.8000041562223257 0.574159289654238 0.17416790786693653
vn 0.8000041562223257 0.574159289654238 0.17416790786693653
vn 0.8000046334998469 0.05881043585351026 -0.5971046131236099
vn 0.8000046334998469 0.05881043585351026 -0.5971046131236099
vn 0.8000046334998469 0.05881043585351026 -0.5971046131236099
vn 0.8000046334998469 0.05881043585351026 -0.5971046131236099
vn 0.8000051353060115 -0.5291467752502217 -0.2828347109643754
vn 0.8000051353060115 -0.5291467752502217 -0.2828347109643754
vn 0.8000051353060115 -0.5291467752502217 -0.2828347109643754
vn 0.8000051353060115 -0.5291467752502217 -0.2828347109643754
vn 0.8000051403907505 -0.1741682274303912 0.5741578214238058
vn 0.8000051403907505 -0.1741682274303912 0.5741578214238058
vn 0.8000051403907505 -0.1741682274303912 0.5741578214238058
vn 0.8000051403907505 -0.1741682274303912 0.5741578214238058
vn 0.8000047098204924 0.5971046104827322 0.05880942445981285
vn 0.8000047098204924 0.5971046104827322 0.05880942445981285
vn 0.8000047098204924 0.5971046104827322 0.05880942445981285
vn 0.8000047098204924 0.5971046104827322 0.05880942445981285
vn 0.8000051788447693 -0.574157746639534 -0.17416829733152164
vn 0.8000051788447693 -0.574157746639534 -0.17416829733152164
vn 0.8000051788447693 -0.574157746639534 -0.17416829733152164
vn 0.8000051788447693 -0.574157746639534 -0.17416829733152164
vn 0.800004557573632 -0.058809325173594704 0.5971048242428154
vn 0.800004557573632 -0.058809325173594704 0.5971048242428154
vn 0.800004557573632 -0.058809325173594704 0.5971048242428154
vn 0.800004557573632 -0.058809325173594704 0.5971048242428154
vn 0.8000050019400388 0.597104125193723 -0.05881037788993861
vn 0.8000050019400388 0.597104125193723 -0.05881037788993861
vn 0.8000050019400388 0.597104125193723 -0.05881037788993861
vn 0.8000050019400388 0.597104125193723 -0.05881037788993861
vn 0.9363786406627463 0.10188690546552825 0.33587810259861506
vn 0.9363786406627463 0.10188690546552825 0.33587810259861506
vn 0.9363786406627463 0.10188690546552825 0.33587810259861506
vn 0.9363786406627463 0.10188690546552825 0.33587810259861506
vn 0.999999999999999 -7.62982245497753e-15 -4.6831516442579655e-8
vn 0.999999999999999 -7.629803933040742e-15 -4.683140275574194e-8
vn 1 -9.016978111266944e-21 -5.5345817176216634e-14
vn 1 1.1791432914733696e-20 7.23752993842833e-14
vn 0.999999999999999 -7.629774413703984e-15 -4.683122156734432e-8
vn 0.999999999999999 -7.629795829693395e-15 -4.6831353017750437e-8
vn 0.9999999999999059 2.9313037447804847e-7 -3.199129616944883e-7
vn 0.9999999999999059 2.931306018516822e-7 -3.199132174899102e-7
vn 0.9999999999999996 -3.814897625441437e-15 -2.341567473251839e-8
vn 0.9999999999999996 -3.814896178415127e-15 -2.3415665850734195e-8
vn 1 0 0
vn 1 0 0
vn 0.9999999999999976 -1.1444690850487454e-14 -7.024701176305716e-8
vn 0.9999999999999976 -1.1444689692866404e-14 -7.02470046576298e-8
vn 0.9999999999999996 -3.814896178415127e-15 -2.3415665850734195e-8
vn 0.9999999999999996 -3.814898204251963e-15 -2.341567828523207e-8
vn 0.999999999999999 -7.629785411103951e-15 -4.683128906890422e-8
vn 0.999999999999999 -7.62979872374602e-15 -4.683137078131884e-8
vn 0.9999999999998963 3.490001836947694e-7 -2.9269622815944235e-7
vn 0.9999999999998963 3.4899961526064564e-7 -2.9269583025541774e-7
vn 0.999999999999999 7.62980624828284e-15 4.683141696659665e-8
vn 0.999999999999999 7.629790620398674e-15 4.683132104332733e-8
vn 0.9999999999996203 6.421303346138887e-7 -5.891933392618849e-7
vn 0.9999999999996203 6.421302777704606e-7 -5.891933961052945e-7
vn 0.999999999999999 -7.629818403303858e-15 -4.683149157358391e-8
vn 0.999999999999999 -7.629827664272252e-15 -4.683154841700278e-8
vn 0.9999999999999957 -1.5259641437091862e-14 -9.366301156887692e-8
vn 0.9999999999999957 -1.5259615969428774e-14 -9.366285524947505e-8
vn 0.9999999999999957 1.525957545269205e-14 9.366260655951755e-8
vn 0.9999999999999957 1.5259605550839332e-14 9.366279130062883e-8
vn 0.9999999999999957 1.525959050176569e-14 9.366269893007318e-8
vn 0.9999999999999957 1.5259583556039396e-14 9.366265629750904e-8
vn 0.999999999999999 -7.629795829693395e-15 -4.6831353017750437e-8
vn 0.999999999999999 -7.629802775419691e-15 -4.6831395650314576e-8
vn 0.999999999999999 -7.629803354230217e-15 -4.683139920302826e-8
vn 0.999999999999999 -7.629795250882871e-15 -4.683134946503675e-8
vn 1 0 0
vn 1 0 0
vn 0.999999999999999 -7.629777307756608e-15 -4.683123933091271e-8
vn 0.999999999999999 -7.629791199209198e-15 -4.6831324596041006e-8
vn 0.9999999999999996 -3.814893284362503e-15 -2.3415648087165798e-8
vn 0.9999999999999996 -3.814886338636207e-15 -2.3415605454601656e-8
vn 0.9999999999999983 9.537229448637834e-15 5.853909712527551e-8
vn 0.9999999999999983 9.537231185069409e-15 5.853910778341655e-8
vn 0.9999999999999996 -4.3751957636831755e-15 -2.685476019337293e-8
vn 0.9999999999999996 -4.3752009729778975e-15 -2.6854792167796037e-8
vn 0.9999999999999184 2.9312748753731775e-7 2.7754806295990417e-7
vn 0.9999999999999184 2.931276296458927e-7 2.7754823349013756e-7
vn 0.9999999999996552 6.421286974513234e-7 5.268517020097094e-7
vn 0.9999999999996552 6.421285837645134e-7 5.268518725399846e-7
vn 0.9999999999999216 3.4900108612980095e-7 1.8732539784406246e-7
vn 0.9999999999999216 3.49001000864668e-7 1.8732536942236692e-7
vn 1 0 0
vn 1 0 0
vn 0.999999999999999 -7.62979640850392e-15 -4.6831356570464115e-8
vn 0.999999999999999 -7.6297888839671e-15 -4.683131038518629e-8
vn 0.999999999999999 -7.629788305156575e-15 -4.6831306832472606e-8
vn 0.999999999999999 -7.629796987314446e-15 -4.683136012317779e-8
vn 1 0 0
vn 1 0 0
vn 1 0 0
vn 1 0 0
vn 0.9999999999999957 -1.5259603235597233e-14 -9.366277708977413e-8
vn 0.9999999999999957 -1.525959165938674e-14 -9.366270603550056e-8
vn 0.9363786183417611 -0.22266641933310893 0.2713203803877376
vn 0.9363786183417611 -0.22266641933310893 0.2713203803877376
vn 0.9363786183417611 -0.22266641933310893 0.2713203803877376
vn 0.9363786183417611 -0.22266641933310893 0.2713203803877376
vn 0.9363785361156974 0.16545704535909178 0.30954677068718184
vn 0.9363785361156974 0.16545704535909178 0.30954677068718184
vn 0.9363785361156974 0.16545704535909178 0.30954677068718184
vn 0.9363785361156974 0.16545704535909178 0.30954677068718184
vn 0.9363786496788756 -0.16545533854199643 0.30954733947091045
vn 0.9363786496788756 -0.16545533854199643 0.30954733947091045
vn 0.9363786496788756 -0.16545533854199643 0.30954733947091045
vn 0.9363786496788756 -0.16545533854199643 0.30954733947091045
vn 0.9363786282578909 0.22266698620812633 0.2713198809428835
vn 0.9363786282578909 0.22266698620812633 0.2713198809428835
vn 0.9363786282578909 0.22266698620812633 0.2713198809428835
vn 0.9363786282578909 0.22266698620812633 0.2713198809428835
vn 0.9363788016857093 -0.10188488866832356 0.33587826546931915
vn 0.9363788016857093 -0.10188488866832356 0.33587826546931915
vn 0.9363788016857093 -0.10188488866832356 0.33587826546931915
vn 0.9363788016857093 -0.10188488866832356 0.33587826546931915
vn 0.9363786255424428 0.2713200123148018 0.2226668375505015
vn 0.9363786255424428 0.2713200123148018 0.2226668375505015
vn 0.9363786255424428 0.2713200123148018 0.2226668375505015
vn 0.9363786255424428 0.2713200123148018 0.2226668375505015
vn 0.9363786971349033 -0.03440432818115047 0.3493011276167667
vn 0.9363786971349033 -0.03440432818115047 0.3493011276167667
vn 0.9363786971349033 -0.03440432818115047 0.3493011276167667
vn 0.9363786971349033 -0.03440432818115047 0.3493011276167667
vn 0.9363786500731439 0.30954682286366203 0.16545630281802282
vn 0.9363786500731439 0.30954682286366203 0.16545630281802282
vn 0.9363786500731439 0.30954682286366203 0.16545630281802282
vn 0.9363786500731439 0.30954682286366203 0.16545630281802282
vn 0.9363786788895452 0.3358779279353524 0.10188712993761281
vn 0.9363786788895452 0.3358779279353524 0.10188712993761281
vn 0.9363786788895452 0.3358779279353524 0.10188712993761281
vn 0.9363786788895452 0.3358779279353524 0.10188712993761281
vn 0.9363787373382674 0.34930114261378664 0.03440308168602174
vn 0.9363787373382674 0.34930114261378664 0.03440308168602174
vn 0.9363787373382674 0.34930114261378664 0.03440308168602174
vn 0.9363787373382674 0.34930114261378664 0.03440308168602174
vn 0.9363787271059999 0.34930116495692914 -0.03440313333229083
vn 0.9363787271059999 0.34930116495692914 -0.03440313333229083
vn 0.9363787271059999 0.34930116495692914 -0.03440313333229083
vn 0.9363787271059999 0.34930116495692914 -0.03440313333229083
vn 0.9363786220235826 0.33587787433844496 -0.10188782923933673
vn 0.9363786220235826 0.33587787433844496 -0.10188782923933673
vn 0.9363786220235826 0.33587787433844496 -0.10188782923933673
vn 0.9363786220235826 0.33587787433844496 -0.10188782923933673
vn 0.9363786778530058 0.3095468973439255 -0.16545600625848073
vn 0.9363786778530058 0.3095468973439255 -0.16545600625848073
vn 0.9363786778530058 0.3095468973439255 -0.16545600625848073
vn 0.9363786778530058 0.3095468973439255 -0.16545600625848073
vn 0.9363786982684713 0.2713195388618006 -0.2226671086192641
vn 0.9363786982684713 0.2713195388618006 -0.2226671086192641
vn 0.9363786982684713 0.2713195388618006 -0.2226671086192641
vn 0.9363786982684713 0.2713195388618006 -0.2226671086192641
vn 0.9363786760109737 0.22266704326686015 -0.27131966931044665
vn 0.9363786760109737 0.22266704326686015 -0.27131966931044665
vn 0.9363786760109737 0.22266704326686015 -0.27131966931044665
vn 0.9363786760109737 0.22266704326686015 -0.27131966931044665
vn 0.9363787503307591 0.16545530109148868 -0.3095470550170532
vn 0.9363787503307591 0.16545530109148868 -0.3095470550170532
vn 0.9363787503307591 0.16545530109148868 -0.3095470550170532
vn 0.9363787503307591 0.16545530109148868 -0.3095470550170532
vn 0.9363786593344301 0.10188811873702237 -0.3358776825025528
vn 0.9363786593344301 0.10188811873702237 -0.3358776825025528
vn 0.9363786593344301 0.10188811873702237 -0.3358776825025528
vn 0.9363786593344301 0.10188811873702237 -0.3358776825025528
vn 0.9363787141565907 0.03440221065179546 -0.34930129054545317
vn 0.9363787141565907 0.03440221065179546 -0.34930129054545317
vn 0.9363787141565907 0.03440221065179546 -0.34930129054545317
vn 0.9363787141565907 0.03440221065179546 -0.34930129054545317
vn 0.9363786452391143 -0.03440279942819026 -0.34930141730554787
vn 0.9363786452391143 -0.03440279942819026 -0.34930141730554787
vn 0.9363786452391143 -0.03440279942819026 -0.34930141730554787
vn 0.9363786452391143 -0.03440279942819026 -0.34930141730554787
vn 0.9363787708738762 -0.10188681918568077 -0.33587776576152395
vn 0.9363787708738762 -0.10188681918568077 -0.33587776576152395
vn 0.9363787708738762 -0.10188681918568077 -0.33587776576152395
vn 0.9363787708738762 -0.10188681918568077 -0.33587776576152395
vn 0.936378729324513 -0.16545620290557525 -0.3095466365326548
vn 0.936378729324513 -0.16545620290557525 -0.3095466365326548
vn 0.936378729324513 -0.16545620290557525 -0.3095466365326548
vn 0.936378729324513 -0.16545620290557525 -0.3095466365326548
vn 0.9363786738499524 -0.22266690837017528 -0.271319787475725
vn 0.9363786738499524 -0.22266690837017528 -0.271319787475725
vn 0.9363786738499524 -0.22266690837017528 -0.271319787475725
vn 0.9363786738499524 -0.22266690837017528 -0.271319787475725
vn 0.9363786216771909 -0.2713203688226142 -0.22266641939880555
vn 0.9363786216771909 -0.2713203688226142 -0.22266641939880555
vn 0.9363786216771909 -0.2713203688226142 -0.22266641939880555
vn 0.9363786216771909 -0.2713203688226142 -0.22266641939880555
vn 0.93637875881673 -0.30954678960151266 -0.16545574962580495
vn 0.93637875881673 -0.30954678960151266 -0.16545574962580495
vn 0.93637875881673 -0.30954678960151266 -0.16545574962580495
vn 0.93637875881673 -0.30954678960151266 -0.16545574962580495
vn 0.9363787288817929 -0.3358779244873251 -0.10188668185687778
vn 0.9363787288817929 -0.3358779244873251 -0.10188668185687778
vn 0.9363787288817929 -0.3358779244873251 -0.10188668185687778
vn 0.9363787288817929 -0.3358779244873251 -0.10188668185687778
vn 0.936378709677795 -0.349301199467919 -0.034403257293759294
vn 0.936378709677795 -0.349301199467919 -0.034403257293759294
vn 0.936378709677795 -0.349301199467919 -0.034403257293759294
vn 0.936378709677795 -0.349301199467919 -0.034403257293759294
vn 0.9363787857615803 -0.349300955986566 0.034403658563291285
vn 0.9363787857615803 -0.349300955986566 0.034403658563291285
vn 0.9363787857615803 -0.349300955986566 0.034403658563291285
vn 0.9363787857615803 -0.349300955986566 0.034403658563291285
vn 0.9363786475642234 -0.3358777344882045 0.10188805553580367
vn 0.9363786475642234 -0.3358777344882045 0.10188805553580367
vn 0.9363786475642234 -0.3358777344882045 0.10188805553580367
vn 0.9363786475642234 -0.3358777344882045 0.10188805553580367
vn 0.9363786769512863 -0.3095463904061898 0.1654569597734023
vn 0.9363786769512863 -0.3095463904061898 0.1654569597734023
vn 0.9363786769512863 -0.3095463904061898 0.1654569597734023
vn 0.9363786769512863 -0.3095463904061898 0.1654569597734023
vn 0.9363787129987263 0.0344041758951834 0.3493011000896248
vn 0.9363787129987263 0.0344041758951834 0.3493011000896248
vn 0.9363787129987263 0.0344041758951834 0.3493011000896248
vn 0.9363787129987263 0.0344041758951834 0.3493011000896248
vn 0.9363788133866319 -0.271319644354135 0.22266649597141638
vn 0.9363788133866319 -0.271319644354135 0.22266649597141638
vn 0.9363788133866319 -0.271319644354135 0.22266649597141638
vn 0.9363788133866319 -0.271319644354135 0.22266649597141638
vn -0.9999999999999938 -1.1156582333112121e-7 1.0383504247343712e-8
vn -0.9999999999999938 -1.1156582333112121e-7 1.0383504247343712e-8
vn -0.9999999999999938 -1.1156582333112121e-7 1.0383504247343712e-8
vn -0.9999999999999938 -1.1156582333112121e-7 1.0383504247343712e-8
vn -0.9999999999999938 -1.1156582333112121e-7 1.0383504247343712e-8
vn -0.9999999999999938 -1.1156582333112121e-7 1.0383504247343712e-8
vn -0.9999999999999938 -1.1156582333112121e-7 1.0383504247343712e-8
vn -0.9999999999999938 -1.1156582333112121e-7 1.0383504247343712e-8
vn -0.9999999999999938 -1.1156582333112121e-7 1.0383504247343712e-8
vn -0.9999999999999938 -1.1156582333112121e-7 1.0383504247343712e-8
vn -0.9999999999999938 -1.1156582333112121e-7 1.0383504247343712e-8
vn -0.9999999999999938 -1.1156582333112121e-7 1.0383504247343712e-8
vn -0.9999999999999938 -1.1156582333112121e-7 1.0383504247343712e-8
vn -0.9999999999999938 -1.1156582333112121e-7 1.0383504247343712e-8
vn -0.9999999999999938 -1.1156582333112121e-7 1.0383504247343712e-8
vn -0.9999999999999938 -1.1156582333112121e-7 1.0383504247343712e-8
vn -0.9999999999999938 -1.1156582333112121e-7 1.0383504247343712e-8
vn -0.9999999999999938 -1.1156582333112121e-7 1.0383504247343712e-8
vn -0.9999999999999938 -1.1156582333112121e-7 1.0383504247343712e-8
vn -0.9999999999999938 -1.1156582333112121e-7 1.0383504247343712e-8
vn -0.9999999999999938 -1.1156582333112121e-7 1.0383504247343712e-8
vn -0.9999999999999938 -1.1156582333112121e-7 1.0383504247343712e-8
vn -0.9999999999999938 -1.1156582333112121e-7 1.0383504247343712e-8
vn -0.9999999999999938 -1.1156582333112121e-7 1.0383504247343712e-8
vn -0.9999999999999938 -1.1156582333112121e-7 1.0383504247343712e-8
vn -0.9999999999999938 -1.1156582333112121e-7 1.0383504247343712e-8
vn -0.9999999999999938 -1.1156582333112121e-7 1.0383504247343712e-8
vn -0.9999999999999938 -1.1156582333112121e-7 1.0383504247343712e-8
vn -0.9999999999999938 -1.1156582333112121e-7 1.0383504247343712e-8
vn -0.9999999999999938 -1.1156582333112121e-7 1.0383504247343712e-8
vn -0.9999999999999938 -1.1156582333112121e-7 1.0383504247343712e-8
vn -0.9999999999999938 -1.1156582333112121e-7 1.0383504247343712e-8
f 961//961 962//962 963//963
f 961//961 963//963 964//964
f 965//965 966//966 967//967
f 965//965 967//967 968//968
f 969//969 970//970 971//971
f 969//969 971//971 972//972
f 973//973 974//974 975//975
f 973//973 975//975 976//976
f 977//977 978//978 979//979
f 977//977 979//979 980//980
f 981//981 982//982 983//983
f 981//981 983//983 984//984
f 985//985 986//986 987//987
f 985//985 987//987 988//988
f 989//989 990//990 991//991
f 989//989 991//991 992//992
f 993//993 994//994 995//995
f 993//993 995//995 996//996
f 997//997 998//998 999//999
f 997//997 999//999 1000//1000
f 1001//1001 1002//1002 1003//1003
f 1001//1001 1003//1003 1004//1004
f 1005//1005 1006//1006 1007//1007
f 1005//1005 1007//1007 1008//1008
f 1009//1009 1010//1010 1011//1011
f 1009//1009 1011//1011 1012//1012
f 1013//1013 1014//1014 1015//1015
f 1013//1013 1015//1015 1016//1016
f 1017//1017 1018//1018 1019//1019
f 1017//1017 1019//1019 1020//1020
f 1021//1021 1022//1022 1023//1023
f 1021//1021 1023//1023 1024//1024
f 1025//1025 1026//1026 1027//1027
f 1025//1025 1027//1027 1028//1028
f 1029//1029 1030//1030 1031//1031
f 1029//1029 1031//1031 1032//1032
f 1033//1033 1034//1034 1035//1035
f 1033//1033 1035//1035 1036//1036
f 1037//1037 1038//1038 1039//1039
f 1037//1037 1039//1039 1040//1040
f 1041//1041 1042//1042 1043//1043
f 1041//1041 1043//1043 1044//1044
f 1045//1045 1046//1046 1047//1047
f 1045//1045 1047//1047 1048//1048
f 1049//1049 1050//1050 1051//1051
f 1049//1049 1051//1051 1052//1052
f 1053//1053 1054//1054 1055//1055
f 1053//1053 1055//1055 1056//1056
f 1057//1057 1058//1058 1059//1059
f 1057//1057 1059//1059 1060//1060
f 1061//1061 1062//1062 1063//1063
f 1061//1061 1063//1063 1064//1064
f 1065//1065 1066//1066 1067//1067
f 1065//1065 1067//1067 1068//1068
f 1069//1069 1070//1070 1071//1071
f 1069//1069 1071//1071 1072//1072
f 1073//1073 1074//1074 1075//1075
f 1073//1073 1075//1075 1076//1076
f 1077//1077 1078//1078 1079//1079
f 1077//1077 1079//1079 1080//1080
f 1081//1081 1082//1082 1083//1083
f 1081//1081 1083//1083 1084//1084
f 1085//1085 1086//1086 1087//1087
f 1085//1085 1087//1087 1088//1088
f 1089//1089 1090//1090 1091//1091
f 1089//1089 1091//1091 1092//1092
f 1093//1093 1094//1094 1095//1095
f 1093//1093 1095//1095 1096//1096
f 1097//1097 1098//1098 1099//1099
f 1097//1097 1099//1099 1100//1100
f 1101//1101 1102//1102 1103//1103
f 1101//1101 1103//1103 1104//1104
f 1105//1105 1106//1106 1107//1107
f 1105//1105 1107//1107 1108//1108
f 1109//1109 1110//1110 1111//1111
f 1109//1109 1111//1111 1112//1112
f 1113//1113 1114//1114 1115//1115
f 1113//1113 1115//1115 1116//1116
f 1117//1117 1118//1118 1119//1119
f 1117//1117 1119//1119 1120//1120
f 1121//1121 1122//1122 1123//1123
f 1121//1121 1123//1123 1124//1124
f 1125//1125 1126//1126 1127//1127
f 1125//1125 1127//1127 1128//1128
f 1129//1129 1130//1130 1131//1131
f 1129//1129 1131//1131 1132//1132
f 1133//1133 1134//1134 1135//1135
f 1133//1133 1135//1135 1136//1136
f 1137//1137 1138//1138 1139//1139
f 1137//1137 1139//1139 1140//1140
f 1141//1141 1142//1142 1143//1143
f 1141//1141 1143//1143 1144//1144
f 1145//1145 1146//1146 1147//1147
f 1145//1145 1147//1147 1148//1148
f 1149//1149 1150//1150 1151//1151
f 1149//1149 1151//1151 1152//1152
f 1153//1153 1154//1154 1155//1155
f 1153//1153 1155//1155 1156//1156
f 1157//1157 1158//1158 1159//1159
f 1157//1157 1159//1159 1160//1160
f 1161//1161 1162//1162 1163//1163
f 1161//1161 1163//1163 1164//1164
f 1165//1165 1166//1166 1167//1167
f 1165//1165 1167//1167 1168//1168
f 1169//1169 1170//1170 1171//1171
f 1169//1169 1171//1171 1172//1172
f 1173//1173 1174//1174 1175//1175
f 1173//1173 1175//1175 1176//1176
f 1177//1177 1178//1178 1179//1179
f 1177//1177 1179//1179 1180//1180
f 1181//1181 1182//1182 1183//1183
f 1181//1181 1183//1183 1184//1184
f 1185//1185 1186//1186 1187//1187
f 1185//1185 1187//1187 1188//1188
f 1189//1189 1190//1190 1191//1191
f 1189//1189 1191//1191 1192//1192
f 1193//1193 1194//1194 1195//1195
f 1193//1193 1195//1195 1196//1196
f 1197//1197 1198//1198 1199//1199
f 1197//1197 1199//1199 1200//1200
f 1201//1201 1202//1202 1203//1203
f 1201//1201 1203//1203 1204//1204
f 1205//1205 1206//1206 1207//1207
f 1205//1205 1207//1207 1208//1208
f 1209//1209 1210//1210 1211//1211
f 1209//1209 1211//1211 1212//1212
f 1213//1213 1214//1214 1215//1215
f 1213//1213 1215//1215 1216//1216
f 1217//1217 1218//1218 1219//1219
f 1217//1217 1219//1219 1220//1220
f 1221//1221 1222//1222 1223//1223
f 1221//1221 1223//1223 1224//1224
f 1224//1224 1223//1223 1225//1225
f 1224//1224 1225//1225 1226//1226
f 1227//1227 1228//1228 1229//1229
f 1227//1227 1229//1229 1230//1230
f 1226//1226 1225//1225 1231//1231
f 1226//1226 1231//1231 1232//1232
f 1230//1230 1229//1229 1233//1233
f 1230//1230 1233//1233 1234//1234
f 1232//1232 1231//1231 1235//1235
f 1232//1232 1235//1235 1236//1236
f 1234//1234 1233//1233 1237//1237
f 1234//1234 1237//1237 1238//1238
f 1236//1236 1235//1235 1239//1239
f 1236//1236 1239//1239 1240//1240
f 1238//1238 1237//1237 1241//1241
f 1238//1238 1241//1241 1242//1242
f 1240//1240 1239//1239 1243//1243
f 1240//1240 1243//1243 1244//1244
f 1242//1242 1241//1241 1245//1245
f 1242//1242 1245//1245 1246//1246
f 1244//1244 1243//1243 1228//1228
f 1244//1244 1228//1228 1227//1227
f 1246//1246 1245//1245 1247//1247
f 1246//1246 1247//1247 1248//1248
f 1248//1248 1247//1247 1249//1249
f 1248//1248 1249//1249 1250//1250
f 1250//1250 1249//1249 1251//1251
f 1250//1250 1251//1251 1252//1252
f 1252//1252 1251//1251 1253//1253
f 1252//1252 1253//1253 1254//1254
f 1254//1254 1253//1253 1255//1255
f 1254//1254 1255//1255 1256//1256
f 1256//1256 1255//1255 1257//1257
f 1256//1256 1257//1257 1258//1258
f 1258//1258 1257//1257 1259//1259
f 1258//1258 1259//1259 1260//1260
f 1260//1260 1259//1259 1261//1261
f 1260//1260 1261//1261 1262//1262
f 1262//1262 1261//1261 1263//1263
f 1262//1262 1263//1263 1264//1264
f 1264//1264 1263//1263 1265//1265
f 1264//1264 1265//1265 1266//1266
f 1266//1266 1265//1265 1267//1267
f 1266//1266 1267//1267 1268//1268
f 1268//1268 1267//1267 1269//1269
f 1268//1268 1269//1269 1270//1270
f 1270//1270 1269//1269 1271//1271
f 1270//1270 1271//1271 1272//1272
f 1272//1272 1271//1271 1273//1273
f 1272//1272 1273//1273 1274//1274
f 1274//1274 1273//1273 1275//1275
f 1274//1274 1275//1275 1276//1276
f 1276//1276 1275//1275 1277//1277
f 1276//1276 1277//1277 1278//1278
f 1278//1278 1277//1277 1279//1279
f 1278//1278 1279//1279 1280//1280
f 1280//1280 1279//1279 1281//1281
f 1280//1280 1281//1281 1282//1282
f 1282//1282 1281//1281 1283//1283
f 1282//1282 1283//1283 1284//1284
f 1284//1284 1283//1283 1222//1222
f 1284//1284 1222//1222 1221//1221
f 1285//1285 1286//1286 1287//1287
f 1285//1285 1287//1287 1288//1288
f 1289//1289 1290//1290 1291//1291
f 1289//1289 1291//1291 1292//1292
f 1293//1293 1294//1294 1295//1295
f 1293//1293 1295//1295 1296//1296
f 1297//1297 1298//1298 1299//1299
f 1297//1297 1299//1299 1300//1300
f 1301//1301 1302//1302 1303//1303
f 1301//1301 1303//1303 1304//1304
f 1305//1305 1306//1306 1307//1307
f 1305//1305 1307//1307 1308//1308
f 1309//1309 1310//1310 1311//1311
f 1309//1309 1311//1311 1312//1312
f 1313//1313 1314//1314 1315//1315
f 1313//1313 1315//1315 1316//1316
f 1317//1317 1318//1318 1319//1319
f 1317//1317 1319//1319 1320//1320
f 1321//1321 1322//1322 1323//1323
f 1321//1321 1323//1323 1324//1324
f 1325//1325 1326//1326 1327//1327
f 1325//1325 1327//1327 1328//1328
f 1329//1329 1330//1330 1331//1331
f 1329//1329 1331//1331 1332//1332
f 1333//1333 1334//1334 1335//1335
f 1333//1333 1335//1335 1336//1336
f 1337//1337 1338//1338 1339//1339
f 1337//1337 1339//1339 1340//1340
f 1341//1341 1342//1342 1343//1343
f 1341//1341 1343//1343 1344//1344
f 1345//1345 1346//1346 1347//1347
f 1345//1345 1347//1347 1348//1348
f 1349//1349 1350//1350 1351//1351
f 1349//1349 1351//1351 1352//1352
f 1353//1353 1354//1354 1355//1355
f 1353//1353 1355//1355 1356//1356
f 1357//1357 1358//1358 1359//1359
f 1357//1357 1359//1359 1360//1360
f 1361//1361 1362//1362 1363//1363
f 1361//1361 1363//1363 1364//1364
f 1365//1365 1366//1366 1367//1367
f 1365//1365 1367//1367 1368//1368
f 1369//1369 1370//1370 1371//1371
f 1369//1369 1371//1371 1372//1372
f 1373//1373 1374//1374 1375//1375
f 1373//1373 1375//1375 1376//1376
f 1377//1377 1378//1378 1379//1379
f 1377//1377 1379//1379 1380//1380
f 1381//1381 1382//1382 1383//1383
f 1381//1381 1383//1383 1384//1384
f 1385//1385 1386//1386 1387//1387
f 1385//1385 1387//1387 1388//1388
f 1389//1389 1390//1390 1391//1391
f 1389//1389 1391//1391 1392//1392
f 1393//1393 1394//1394 1395//1395
f 1393//1393 1395//1395 1396//1396
f 1397//1397 1398//1398 1399//1399
f 1397//1397 1399//1399 1400//1400
f 1401//1401 1402//1402 1403//1403
f 1401//1401 1403//1403 1404//1404
f 1405//1405 1406//1406 1407//1407
f 1405//1405 1407//1407 1408//1408
f 1425//1425 1423//1423 1424//1424
f 1423//1423 1425//1425 1422//1422
f 1422//1422 1425//1425 1426//1426
f 1422//1422 1426//1426 1421//1421
f 1421//1421 1426//1426 1427//1427
f 1421//1421 1427//1427 1420//1420
f 1420//1420 1427//1427 1428//1428
f 1420//1420 1428//1428 1419//1419
f 1419//1419 1428//1428 1429//1429
f 1419//1419 1429//1429 1418//1418
f 1418//1418 1429//1429 1430//1430
f 1418//1418 1430//1430 1417//1417
f 1417//1417 1430//1430 1431//1431
f 1417//1417 1431//1431 1416//1416
f 1416//1416 1431//1431 1432//1432
f 1416//1416 1432//1432 1415//1415
f 1415//1415 1432//1432 1433//1433
f 1415//1415 1433//1433 1414//1414
f 1414//1414 1433//1433 1434//1434
f 1414//1414 1434//1434 1413//1413
f 1413//1413 1434//1434 1435//1435
f 1413//1413 1435//1435 1412//1412
f 1412//1412 1435//1435 1436//1436
f 1412//1412 1436//1436 1411//1411
f 1411//1411 1436//1436 1437//1437
f 1411//1411 1437//1437 1410//1410
f 1410//1410 1437//1437 1438//1438
f 1410//1410 1438//1438 1409//1409
f 1409//1409 1438//1438 1439//1439
f 1409//1409 1439//1439 1440//1440
o WRL_Material031_0
usemtl Material.031
v 175.41096752882004 38.72934763006663 -241.21230189374816
v 161.2083619683981 57.03676302846204 -222.9049125772292
v 161.2083619683981 55.28461927801446 -220.76992085457198
v 175.41096752882004 33.75738246967565 -235.1539434277101
v 175.41096752882004 27.019632339483593 -212.94251024036282
v 135.11863297224045 35.33994849570506 -216.11033269549512
v 129.52934002876282 45.5289199555663 -216.11036005999233
v 161.2083619683981 52.910213649274056 -212.94254251844353
v 175.41096752882004 33.75738246967565 -235.1539434277101
v 161.2083619683981 55.28461927801446 -220.76992085457198
v 161.2083619683981 53.982665733269826 -218.33414032586555
v 175.41096752882004 30.062882076567455 -228.2420213246398
v 161.2083619683981 66.99915112362744 -198.85361748933988
v 129.52934002876282 63.8313392809472 -191.47233273632978
v 129.52934002876282 62.749652051599725 -191.5788699021721
v 161.2083619683981 64.25053638339695 -199.12432941717458
v 175.41096752882004 27.019632339483593 -212.94251024036282
v 161.2083619683981 52.910213649274056 -212.94254251844353
v 161.2083619683981 53.180932433184566 -210.19393404453592
v 175.41096752882004 27.78782721276186 -205.14290918836295
v 175.41096752882004 27.78782721276186 -205.14290918836295
v 161.2083619683981 53.180932433184566 -210.19393404453592
v 161.2083619683981 53.982670470307596 -207.5509448302607
v 175.41096752882004 30.062896002471767 -197.64303517580746
v 161.2083619683981 64.25053638339695 -199.12432941717458
v 129.52934002876282 62.749652051599725 -191.5788699021721
v 129.52934002876282 61.7095271070082 -191.89437946925216
v 161.2083619683981 61.60754709414454 -199.9260814942636
v 175.41095560789108 95.26896090932587 -184.6727875036876
v 135.1186210513115 87.14561613277783 -188.3161543647933
v 129.52932810783386 79.94091991303755 -195.52083929625073
v 161.2083619683981 76.96152911965218 -202.98018278066837
v 175.41095560789108 82.29867124318655 -176.00629090184296
v 135.1186210513115 82.04128948659435 -184.90553850624207
v 135.1186210513115 84.76141277915227 -186.3594750494125
v 175.41095560789108 89.21059214243591 -179.7007905669088
v 175.41096752882004 38.72936876245704 -184.67275445036097
v 161.2083619683981 57.0367692548458 -202.98017655428072
v 161.2083619683981 59.17175501704145 -201.22801492243875
v 175.41096752882004 44.78772722849705 -179.70077736904102
v 175.41096752882004 44.78772722849705 -179.70077736904102
v 161.2083619683981 59.17175501704145 -201.22801492243875
v 161.2083619683981 61.60754709414454 -199.9260814942636
v 175.41096752882004 51.699667212960264 -176.006279956168
v 175.41095560789108 89.21059214243591 -179.7007905669088
v 135.1186210513115 84.76141277915227 -186.3594750494125
v 135.1186210513115 87.14561613277783 -188.3161543647933
v 175.41095560789108 95.26896090932587 -184.6727875036876
v 175.41096752882004 66.99915955984727 -172.9630391597778
v 161.2083619683981 66.99915112362744 -198.85361748933988
v 161.2083619683981 69.74776548267056 -199.1243303127869
v 175.41096752882004 74.79879648557252 -173.73122509236518
v 175.41096752882004 74.79879648557252 -173.73122509236518
v 161.2083619683981 69.74776548267056 -199.1243303127869
v 161.2083619683981 72.39074855021386 -199.92608623130235
v 175.41095560789108 82.29867124318655 -176.00629090184296
v 161.2083619683981 53.982665733269826 -218.33414032586555
v 129.52934002876282 45.9509696687219 -218.23216627346733
v 135.11863297224045 36.53758662246773 -222.1313087485883
v 175.41096752882004 30.062882076567455 -228.2420213246398
v 161.2083619683981 61.607538382494425 -225.95900614636213
v 129.52934002876282 55.85615304679046 -231.56615719451105
v 135.11863297224045 51.95700117140667 -240.97953897026184
v 175.41096752882004 51.69963133574148 -249.8787984955918
v 175.41095560789108 95.26896090932587 -184.6727875036876
v 161.2083619683981 76.96152911965218 -202.98018278066837
v 161.2083619683981 78.7136609491708 -205.11517450332363
v 175.41095560789108 100.24090222785847 -190.73114894995402
v 161.2083619683981 57.0367692548458 -202.98017655428072
v 129.52934002876282 49.577420555019664 -200.00079842688152
v 129.52934002876282 48.887887065283714 -200.8409868774123
v 161.2083619683981 55.28462480873384 -205.1151423740429
v 175.41095560789108 100.24090222785847 -190.73114894995402
v 161.2083619683981 78.7136609491708 -205.11517450332363
v 161.20835004746914 80.01561896426404 -207.5509535419147
v 175.41095560789108 103.93541156165949 -197.64309489488366
v 175.41095560789108 95.26888017228875 -241.21234686799406
v 135.1186210513115 91.62551629141237 -233.0890199728399
v 129.52932810783386 84.42083732042042 -225.88431779263612
v 161.2083619683981 76.9615050118711 -222.90494264547183
v 161.2083619683981 55.28462480873384 -205.1151423740429
v 129.52934002876282 48.887887065283714 -200.8409868774123
v 129.52934002876282 48.375513461692066 -201.7995725330718
v 161.2083619683981 53.982670470307596 -207.5509448302607
v 175.41095560789108 106.97865235805021 -212.94258397803614
v 161.20835004746914 81.08806508779139 -212.9425755418113
v 161.20835004746914 80.81735226434536 -215.69118403763127
v 175.41095560789108 106.21045450453565 -220.74221001139085
v 175.41096752882004 66.99912754543101 -252.92205023765447
v 135.11863297224045 70.16692624772642 -244.60174302212587
v 129.52934002876282 70.16692977036766 -234.41275964133177
v 161.2083619683981 66.99913598164723 -227.03148680925358
v 175.41095560789108 106.21045450453565 -220.74221001139085
v 161.20835004746914 80.81735226434536 -215.69118403763127
v 161.20835004746914 80.01560826675791 -218.33417287937647
v 175.41095560789108 103.9353648531986 -228.24209296463965
v 161.2083619683981 72.39074855021386 -199.92608623130235
v 129.52934002876282 78.14213314085977 -194.3189351831533
v 135.1186210513115 82.04128948659435 -184.90553850624207
v 175.41095560789108 82.29867124318655 -176.00629090184296
v 175.41096752882004 66.99912754543101 -252.92205023765447
v 161.2083619683981 66.99913598164723 -227.03148680925358
v 161.2083619683981 64.25052145003774 -226.7607620648776
v 175.41096752882004 59.199513543936106 -252.15386430507084
v 175.41095560789108 103.93541156165949 -197.64309489488366
v 135.1186210513115 97.46069509482977 -203.75381045116546
v 135.1186210513115 98.35601896337242 -206.705312651962
v 175.41095560789108 106.21045704597229 -205.14298305979193
v 175.41096752882004 59.199513543936106 -252.15386430507084
v 161.2083619683981 64.25052145003774 -226.7607620648776
v 161.2083619683981 61.607538382494425 -225.95900614636213
v 175.41096752882004 51.69963133574148 -249.8787984955918
v 175.41095560789108 95.26888017228875 -241.21234686799406
v 161.2083619683981 76.9615050118711 -222.90494264547183
v 161.2083619683981 74.82650732875038 -224.65708043545396
v 175.41095560789108 89.21052170624874 -246.18432394931398
v 175.41095560789108 106.21045704597229 -205.14298305979193
v 135.1186210513115 98.35601896337242 -206.705312651962
v 135.1186210513115 98.65833918205716 -209.7747850141435
v 175.41095560789108 106.97865235805021 -212.94258397803614
v 175.41095560789108 89.21052170624874 -246.18432394931398
v 161.2083619683981 74.82650732875038 -224.65708043545396
v 161.2083619683981 72.39071599670194 -225.9590347252549
v 175.41095560789108 82.29856384039014 -249.87883328311307
v 161.2083619683981 52.910213649274056 -212.94254251844353
v 129.52934002876282 45.5289199555663 -216.11036005999233
v 129.52934002876282 45.63545712140959 -217.19204132887532
v 161.2083619683981 53.18093153757421 -215.69115122288056
v 174.62679690122604 84.77553371755894 -255.8587531202565
v 175.41095560789108 82.29856384039014 -249.87883328311307
v 175.41096752882004 74.79868685135472 -252.15386684649874
v 174.626808822155 76.06142139253068 -258.5021193486721
v 174.626808822155 41.19169130493087 -251.56608506793287
v 175.41096752882004 44.78770447602958 -246.18428690959604
v 175.41096752882004 38.72934763006663 -241.21230189374816
v 174.626808822155 34.15249694696423 -245.78915108552354
v 174.62679690122604 92.80651524233753 -251.56614712123533
v 175.41095560789108 89.21052170624874 -246.18432394931398
v 175.41095560789108 82.29856384039014 -249.87883328311307
v 174.62679690122604 84.77553371755894 -255.8587531202565
v 174.626808822155 49.22265056936702 -255.85874136749217
v 175.41096752882004 51.69963133574148 -249.8787984955918
v 175.41096752882004 44.78770447602958 -246.18428690959604
v 174.626808822155 41.19169130493087 -251.56608506793287
v 174.62679690122604 99.8457234035958 -245.78922139295338
v 175.41095560789108 95.26888017228875 -241.21234686799406
v 175.41095560789108 89.21052170624874 -246.18432394931398
v 174.62679690122604 92.80651524233753 -251.56614712123533
v 174.626808822155 57.93675756272745 -258.5021163957896
v 175.41096752882004 59.199513543936106 -252.15386430507084
v 175.41096752882004 51.69963133574148 -249.8787984955918
v 174.626808822155 49.22265056936702 -255.85874136749217
v 174.62679690122604 105.6226395046107 -238.7500329954483
v 175.41095560789108 100.24084134627486 -235.15401386388513
v 175.41095560789108 95.26888017228875 -241.21234686799406
v 174.62679690122604 99.8457234035958 -245.78922139295338
v 174.626808822155 66.99912543637102 -259.39470934867717
v 175.41096752882004 66.99912754543101 -252.92205023765447
v 175.41096752882004 59.199513543936106 -252.15386430507084
v 174.626808822155 57.93675756272745 -258.5021163957896
v 174.62679690122604 109.91530772509896 -230.7190737310141
v 175.41095560789108 103.9353648531986 -228.24209296463965
v 175.41095560789108 100.24084134627486 -235.15401386388513
v 174.62679690122604 105.6226395046107 -238.7500329954483
v 174.62679690122604 112.55871851618241 -222.0049719530659
v 175.41095560789108 106.21045450453565 -220.74221001139085
v 175.41095560789108 103.9353648531986 -228.24209296463965
v 174.62679690122604 109.91530772509896 -230.7190737310141
v 174.62679690122604 113.45129954814395 -212.94258608709205
v 175.41095560789108 106.97865235805021 -212.94258397803614
v 175.41095560789108 106.21045450453565 -220.74221001139085
v 174.62679690122604 112.55871851618241 -222.0049719530659
v 174.62679690122604 112.55873339000749 -203.88022467676194
v 175.41095560789108 106.21045704597229 -205.14298305979193
v 175.41095560789108 106.97865235805021 -212.94258397803614
v 174.62679690122604 113.45129954814395 -212.94258608709205
v 174.62679690122604 109.91535524066181 -195.1661190572543
v 175.41095560789108 103.93541156165949 -197.64309489488366
v 175.41095560789108 106.21045704597229 -205.14298305979193
v 174.62679690122604 112.55873339000749 -203.88022467676194
v 174.62679690122604 105.62272539978224 -187.13514051270406
v 175.41095560789108 100.24090222785847 -190.73114894995402
v 175.41095560789108 103.93541156165949 -197.64309489488366
v 174.62679690122604 109.91535524066181 -195.1661190572543
v 174.62679690122604 99.84581755289275 -180.0959383119132
v 175.41095560789108 95.26896090932587 -184.6727875036876
v 175.41095560789108 100.24090222785847 -190.73114894995402
v 174.62679690122604 105.62272539978224 -187.13514051270406
v 174.62679690122604 92.80660531353462 -174.318992408572
v 175.41095560789108 89.21059214243591 -179.7007905669088
v 175.41095560789108 95.26896090932587 -184.6727875036876
v 174.62679690122604 99.84581755289275 -180.0959383119132
v 174.62679690122604 84.77565200955907 -170.02635995087158
v 175.41095560789108 82.29867124318655 -176.00629090184296
v 175.41095560789108 89.21059214243591 -179.7007905669088
v 174.62679690122604 92.80660531353462 -174.318992408572
v 174.626808822155 76.06154650632058 -167.38294915978753
v 175.41096752882004 74.79879648557252 -173.73122509236518
v 175.41095560789108 82.29867124318655 -176.00629090184296
v 174.62679690122604 84.77565200955907 -170.02635995087158
v 174.626808822155 66.9991616689032 -166.49039196968405
v 175.41096752882004 66.99915955984727 -172.9630391597778
v 175.41096752882004 74.79879648557252 -173.73122509236518
v 174.626808822155 76.06154650632058 -167.38294915978753
v 174.626808822155 57.93679923001856 -167.3829223650335
v 175.41096752882004 59.199551652582116 -173.73121062999667
v 175.41096752882004 66.99915955984727 -172.9630391597778
v 174.626808822155 66.9991616689032 -166.49039196968405
v 174.626808822155 49.22269733579342 -170.02634819809558
v 175.41096752882004 51.699667212960264 -176.006279956168
v 175.41096752882004 59.199551652582116 -173.73121062999667
v 174.626808822155 57.93679923001856 -167.3829223650335
v 174.626808822155 41.1917158110129 -174.31896611804572
v 175.41096752882004 44.78772722849705 -179.70077736904102
v 175.41096752882004 51.699667212960264 -176.006279956168
v 174.626808822155 49.22269733579342 -170.02634819809558
v 174.626808822155 34.15251957068164 -180.09590376725856
v 175.41096752882004 38.72936876245704 -184.67275445036097
v 175.41096752882004 44.78772722849705 -179.70077736904102
v 174.626808822155 41.1917158110129 -174.31896611804572
v 174.626808822155 28.375588568507474 -187.13508024383225
v 175.41096752882004 33.75739566753955 -190.73110235562913
v 175.41096752882004 38.72936876245704 -184.67275445036097
v 174.626808822155 34.15251957068164 -180.09590376725856
v 174.626808822155 24.08295313057142 -195.166054409433
v 175.41096752882004 30.062896002471767 -197.64303517580746
v 175.41096752882004 33.75739566753955 -190.73110235562913
v 174.626808822155 28.375588568507474 -187.13508024383225
v 174.626808822155 21.439551280186144 -203.8801472466859
v 175.41096752882004 27.78782721276186 -205.14290918836295
v 175.41096752882004 30.062896002471767 -197.64303517580746
v 174.626808822155 24.08295313057142 -195.166054409433
v 174.626808822155 20.5469881296221 -212.9425081313074
v 175.41096752882004 27.019632339483593 -212.94251024036282
v 175.41096752882004 27.78782721276186 -205.14290918836295
v 174.626808822155 21.439551280186144 -203.8801472466859
v 174.626808822155 21.439554287758376 -222.0048706811349
v 175.41096752882004 27.78782765155745 -220.74213613996233
v 175.41096752882004 27.019632339483593 -212.94251024036282
v 174.626808822155 20.5469881296221 -212.9425081313074
v 174.626808822155 24.082941377797376 -230.7189971622697
v 175.41096752882004 30.062882076567455 -228.2420213246398
v 175.41096752882004 27.78782765155745 -220.74213613996233
v 174.626808822155 21.439554287758376 -222.0048706811349
v 174.626808822155 28.375574198911607 -238.7499608056592
v 175.41096752882004 33.75738246967565 -235.1539434277101
v 175.41096752882004 30.062882076567455 -228.2420213246398
v 174.626808822155 24.082941377797376 -230.7189971622697
v 174.626808822155 76.06142139253068 -258.5021193486721
v 175.41096752882004 74.79868685135472 -252.15386684649874
v 175.41096752882004 66.99912754543101 -252.92205023765447
v 174.626808822155 66.99912543637102 -259.39470934867717
v 174.626808822155 34.15249694696423 -245.78915108552354
v 175.41096752882004 38.72934763006663 -241.21230189374816
v 175.41096752882004 33.75738246967565 -235.1539434277101
v 174.626808822155 28.375574198911607 -238.7499608056592
v 135.11863297224045 73.2363568866556 -244.29942876389882
v 129.52934002876282 71.24860507878424 -234.30623439641647
v 129.52934002876282 70.16692977036766 -234.41275964133177
v 135.11863297224045 70.16692624772642 -244.60174302212587
v 135.11863297224045 36.53758662246773 -222.1313087485883
v 129.52934002876282 45.9509696687219 -218.23216627346733
v 129.52934002876282 45.63545712140959 -217.19204132887532
v 135.11863297224045 35.6422627539292 -219.17978121581774
v 135.11863297224045 35.6422627539292 -219.17978121581774
v 129.52934002876282 45.63545712140959 -217.19204132887532
v 129.52934002876282 45.5289199555663 -216.11036005999233
v 135.11863297224045 35.33994849570506 -216.11033269549512
v 135.11863297224045 38.96213168594288 -197.90041097193324
v 129.52934002876282 48.375513461692066 -201.7995725330718
v 129.52934002876282 48.887887065283714 -200.8409868774123
v 135.11863297224045 40.41606524888207 -195.18028171891035
v 135.11863297224045 40.41606524888207 -195.18028171891035
v 129.52934002876282 48.887887065283714 -200.8409868774123
v 129.52934002876282 49.577420555019664 -200.00079842688152
v 135.11863297224045 42.37273264333293 -192.79608432574733
v 135.11863297224045 57.81038500441528 -182.48100238346254
v 129.52934002876282 61.7095271070082 -191.89437946925216
v 129.52934002876282 62.749652051599725 -191.5788699021721
v 135.11863297224045 60.76188832280377 -181.58564871259767
v 135.11863297224045 60.76188832280377 -181.58564871259767
v 129.52934002876282 62.749652051599725 -191.5788699021721
v 129.52934002876282 63.8313392809472 -191.47233273632978
v 135.11863297224045 63.831342803588925 -181.28334637530347
v 135.1186210513115 82.04128948659435 -184.90553850624207
v 129.52934002876282 78.14213314085977 -194.3189351831533
v 129.52932810783386 79.10071283605673 -194.831296865815
v 135.1186210513115 84.76141277915227 -186.3594750494125
v 135.1186210513115 84.76141277915227 -186.3594750494125
v 129.52932810783386 79.10071283605673 -194.831296865815
v 129.52932810783386 79.94091991303755 -195.52083929625073
v 135.1186210513115 87.14561613277783 -188.3161543647933
v 135.1186210513115 97.46069509482977 -203.75381045116546
v 129.52932810783386 88.04731502880807 -207.6529514361708
v 129.52932810783386 88.36283055635263 -208.6930763807633
v 135.1186210513115 98.35601896337242 -206.705312651962
v 135.1186210513115 98.35601896337242 -206.705312651962
v 129.52932810783386 88.36283055635263 -208.6930763807633
v 129.52932810783386 88.46936772219593 -209.77475764964632
v 135.1186210513115 98.65833918205716 -209.7747850141435
v 135.1186210513115 95.03612320926302 -227.9847171685129
v 129.52932810783386 85.62274143351529 -224.0855466666776
v 129.52932810783386 85.11037379038811 -225.04413232233807
v 135.1186210513115 93.58218070562906 -230.70483450060536
v 135.1186210513115 93.58218070562906 -230.70483450060536
v 129.52932810783386 85.11037379038811 -225.04413232233807
v 129.52932810783386 84.42083732042042 -225.88431779263612
v 135.1186210513115 91.62551629141237 -233.0890199728399
v 135.11863297224045 51.95700117140667 -240.97953897026184
v 129.52934002876282 55.85615304679046 -231.56615719451105
v 129.52934002876282 54.89757335159349 -231.05379551184933
v 135.11863297224045 49.23688085908294 -239.5255905061629
v 135.11863297224045 49.23688085908294 -239.5255905061629
v 129.52934002876282 54.89757335159349 -231.05379551184933
v 129.52934002876282 54.05737670542358 -230.3642650023443
v 135.11863297224045 46.85268048568524 -237.56893801287276
v 135.11863297224045 76.18785945998215 -243.40409893489175
v 129.52934002876282 72.2887300233777 -233.99071290840746
v 129.52934002876282 71.24860507878424 -234.30623439641647
v 135.11863297224045 73.2363568866556 -244.29942876389882
v 175.41096752882004 59.199551652582116 -173.73121062999667
v 135.11863297224045 60.76188832280377 -181.58564871259767
v 135.11863297224045 63.831342803588925 -181.28334637530347
v 175.41096752882004 66.99915955984727 -172.9630391597778
v 161.2083619683981 72.39071599670194 -225.9590347252549
v 129.52934002876282 72.2887300233777 -233.99071290840746
v 135.11863297224045 76.18785945998215 -243.40409893489175
v 175.41095560789108 82.29856384039014 -249.87883328311307
v 175.41096752882004 51.699667212960264 -176.006279956168
v 135.11863297224045 57.81038500441528 -182.48100238346254
v 135.11863297224045 60.76188832280377 -181.58564871259767
v 175.41096752882004 59.199551652582116 -173.73121062999667
v 161.2083619683981 74.82653945803114 -201.228044295017
v 129.52932810783386 79.10071283605673 -194.831296865815
v 129.52934002876282 78.14213314085977 -194.3189351831533
v 161.2083619683981 72.39074855021386 -199.92608623130235
v 175.41096752882004 38.72934763006663 -241.21230189374816
v 135.11863297224045 46.85268048568524 -237.56893801287276
v 129.52934002876282 54.05737670542358 -230.3642650023443
v 161.2083619683981 57.03676302846204 -222.9049125772292
v 161.2083619683981 76.96152911965218 -202.98018278066837
v 129.52932810783386 79.94091991303755 -195.52083929625073
v 129.52932810783386 79.10071283605673 -194.831296865815
v 161.2083619683981 74.82653945803114 -201.228044295017
v 161.20835004746914 80.01561896426404 -207.5509535419147
v 129.52932810783386 88.04731502880807 -207.6529514361708
v 135.1186210513115 97.46069509482977 -203.75381045116546
v 175.41095560789108 103.93541156165949 -197.64309489488366
v 161.2083619683981 53.982670470307596 -207.5509448302607
v 129.52934002876282 48.375513461692066 -201.7995725330718
v 135.11863297224045 38.96213168594288 -197.90041097193324
v 175.41096752882004 30.062896002471767 -197.64303517580746
v 175.41096752882004 33.75739566753955 -190.73110235562913
v 135.11863297224045 40.41606524888207 -195.18028171891035
v 135.11863297224045 42.37273264333293 -192.79608432574733
v 175.41096752882004 38.72936876245704 -184.67275445036097
v 175.41096752882004 30.062896002471767 -197.64303517580746
v 135.11863297224045 38.96213168594288 -197.90041097193324
v 135.11863297224045 40.41606524888207 -195.18028171891035
v 175.41096752882004 33.75739566753955 -190.73110235562913
v 161.20835004746914 80.81735912042019 -210.19396685928757
v 129.52932810783386 88.36283055635263 -208.6930763807633
v 129.52932810783386 88.04731502880807 -207.6529514361708
v 161.20835004746914 80.01561896426404 -207.5509535419147
v 161.20835004746914 81.08806508779139 -212.9425755418113
v 129.52932810783386 88.46936772219593 -209.77475764964632
v 129.52932810783386 88.36283055635263 -208.6930763807633
v 161.20835004746914 80.81735912042019 -210.19396685928757
v 175.41095560789108 82.29856384039014 -249.87883328311307
v 135.11863297224045 76.18785945998215 -243.40409893489175
v 135.11863297224045 73.2363568866556 -244.29942876389882
v 175.41096752882004 74.79868685135472 -252.15386684649874
v 175.41096752882004 38.72936876245704 -184.67275445036097
v 135.11863297224045 42.37273264333293 -192.79608432574733
v 129.52934002876282 49.577420555019664 -200.00079842688152
v 161.2083619683981 57.0367692548458 -202.98017655428072
v 175.41096752882004 27.78782765155745 -220.74213613996233
v 135.11863297224045 35.6422627539292 -219.17978121581774
v 135.11863297224045 35.33994849570506 -216.11033269549512
v 175.41096752882004 27.019632339483593 -212.94251024036282
v 175.41096752882004 44.78770447602958 -246.18428690959604
v 135.11863297224045 49.23688085908294 -239.5255905061629
v 135.11863297224045 46.85268048568524 -237.56893801287276
v 175.41096752882004 38.72934763006663 -241.21230189374816
v 175.41096752882004 30.062882076567455 -228.2420213246398
v 135.11863297224045 36.53758662246773 -222.1313087485883
v 135.11863297224045 35.6422627539292 -219.17978121581774
v 175.41096752882004 27.78782765155745 -220.74213613996233
v 175.41095560789108 106.97865235805021 -212.94258397803614
v 135.1186210513115 98.65833918205716 -209.7747850141435
v 129.52932810783386 88.46936772219593 -209.77475764964632
v 161.20835004746914 81.08806508779139 -212.9425755418113
v 161.2083619683981 78.71364349752247 -220.7699529838508
v 129.52932810783386 85.11037379038811 -225.04413232233807
v 129.52932810783386 85.62274143351529 -224.0855466666776
v 161.20835004746914 80.01560826675791 -218.33417287937647
v 175.41096752882004 51.69963133574148 -249.8787984955918
v 135.11863297224045 51.95700117140667 -240.97953897026184
v 135.11863297224045 49.23688085908294 -239.5255905061629
v 175.41096752882004 44.78770447602958 -246.18428690959604
v 175.41096752882004 74.79868685135472 -252.15386684649874
v 135.11863297224045 73.2363568866556 -244.29942876389882
v 135.11863297224045 70.16692624772642 -244.60174302212587
v 175.41096752882004 66.99912754543101 -252.92205023765447
v 161.2083619683981 76.9615050118711 -222.90494264547183
v 129.52932810783386 84.42083732042042 -225.88431779263612
v 129.52932810783386 85.11037379038811 -225.04413232233807
v 161.2083619683981 78.71364349752247 -220.7699529838508
v 161.2083619683981 61.60754709414454 -199.9260814942636
v 129.52934002876282 61.7095271070082 -191.89437946925216
v 135.11863297224045 57.81038500441528 -182.48100238346254
v 175.41096752882004 51.699667212960264 -176.006279956168
v 161.2083619683981 59.17174672961861 -224.6570510628796
v 129.52934002876282 54.89757335159349 -231.05379551184933
v 129.52934002876282 55.85615304679046 -231.56615719451105
v 161.2083619683981 61.607538382494425 -225.95900614636213
v 175.41095560789108 100.24084134627486 -235.15401386388513
v 135.1186210513115 93.58218070562906 -230.70483450060536
v 135.1186210513115 91.62551629141237 -233.0890199728399
v 175.41095560789108 95.26888017228875 -241.21234686799406
v 161.2083619683981 57.03676302846204 -222.9049125772292
v 129.52934002876282 54.05737670542358 -230.3642650023443
v 129.52934002876282 54.89757335159349 -231.05379551184933
v 161.2083619683981 59.17174672961861 -224.6570510628796
v 161.2083619683981 69.74773266791792 -226.76076296048697
v 129.52934002876282 71.24860507878424 -234.30623439641647
v 129.52934002876282 72.2887300233777 -233.99071290840746
v 161.2083619683981 72.39071599670194 -225.9590347252549
v 161.2083619683981 66.99913598164723 -227.03148680925358
v 129.52934002876282 70.16692977036766 -234.41275964133177
v 129.52934002876282 71.24860507878424 -234.30623439641647
v 161.2083619683981 69.74773266791792 -226.76076296048697
v 175.41095560789108 103.9353648531986 -228.24209296463965
v 135.1186210513115 95.03612320926302 -227.9847171685129
v 135.1186210513115 93.58218070562906 -230.70483450060536
v 175.41095560789108 100.24084134627486 -235.15401386388513
v 161.20835004746914 80.01560826675791 -218.33417287937647
v 129.52932810783386 85.62274143351529 -224.0855466666776
v 135.1186210513115 95.03612320926302 -227.9847171685129
v 175.41095560789108 103.9353648531986 -228.24209296463965
v 175.41096752882004 66.99915955984727 -172.9630391597778
v 135.11863297224045 63.831342803588925 -181.28334637530347
v 129.52934002876282 63.8313392809472 -191.47233273632978
v 161.2083619683981 66.99915112362744 -198.85361748933988
v 161.2083619683981 53.18093153757421 -215.69115122288056
v 129.52934002876282 45.63545712140959 -217.19204132887532
v 129.52934002876282 45.9509696687219 -218.23216627346733
v 161.2083619683981 53.982665733269826 -218.33414032586555
v 161.2083619683981 66.99913598164723 -227.03148680925358
v 161.2083619683981 69.74773266791792 -226.76076296048697
v 161.2083619683981 72.39071599670194 -225.9590347252549
v 161.2083619683981 74.82650732875038 -224.65708043545396
v 161.2083619683981 76.9615050118711 -222.90494264547183
v 161.2083619683981 78.71364349752247 -220.7699529838508
v 161.20835004746914 80.01560826675791 -218.33417287937647
v 161.20835004746914 80.81735226434536 -215.69118403763127
v 161.20835004746914 81.08806508779139 -212.9425755418113
v 161.20835004746914 80.81735912042019 -210.19396685928757
v 161.20835004746914 80.01561896426404 -207.5509535419147
v 161.2083619683981 78.7136609491708 -205.11517450332363
v 161.2083619683981 76.96152911965218 -202.98018278066837
v 161.2083619683981 74.82653945803114 -201.228044295017
v 161.2083619683981 72.39074855021386 -199.92608623130235
v 161.2083619683981 69.74776548267056 -199.1243303127869
v 161.2083619683981 66.99915112362744 -198.85361748933988
v 161.2083619683981 64.25053638339695 -199.12432941717458
v 161.2083619683981 61.60754709414454 -199.9260814942636
v 161.2083619683981 59.17175501704145 -201.22801492243875
v 161.2083619683981 57.0367692548458 -202.98017655428072
v 161.2083619683981 55.28462480873384 -205.1151423740429
v 161.2083619683981 53.982670470307596 -207.5509448302607
v 161.2083619683981 53.180932433184566 -210.19393404453592
v 161.2083619683981 52.910213649274056 -212.94254251844353
v 161.2083619683981 53.18093153757421 -215.69115122288056
v 161.2083619683981 53.982665733269826 -218.33414032586555
v 161.2083619683981 55.28461927801446 -220.76992085457198
v 161.2083619683981 57.03676302846204 -222.9049125772292
v 161.2083619683981 59.17174672961861 -224.6570510628796
v 161.2083619683981 61.607538382494425 -225.95900614636213
v 161.2083619683981 64.25052145003774 -226.7607620648776
vn 0.8757654860223701 0.37316049894831815 0.3062450906000683
vn 0.8757654860223701 0.37316049894831815 0.3062450906000683
vn 0.8757654860223701 0.37316049894831815 0.3062450906000683
vn 0.8757654860223701 0.37316049894831815 0.3062450906000683
vn 0.08821463694145695 0.04838963058596211 -0.9949254351362424
vn 0.08821463694145695 0.04838963058596211 -0.9949254351362424
vn 0.08821463694145695 0.04838963058596211 -0.9949254351362424
vn 0.08821463694145695 0.04838963058596211 -0.9949254351362424
vn 0.8757655013334664 0.42573577921060946 0.2275606138462396
vn 0.8757655013334664 0.42573577921060946 0.2275606138462396
vn 0.8757655013334664 0.42573577921060946 0.2275606138462396
vn 0.8757655013334664 0.42573577921060946 0.2275606138462396
vn 0.23491827806520837 -0.09527329850168828 0.9673346893518735
vn 0.23491827806520837 -0.09527329850168828 0.9673346893518735
vn 0.23491827806520837 -0.09527329850168828 0.9673346893518735
vn 0.23491827806520837 -0.09527329850168828 0.9673346893518735
vn 0.8757655468810368 0.480412166263478 -0.04731656583260132
vn 0.8757655468810368 0.480412166263478 -0.04731656583260132
vn 0.8757655468810368 0.480412166263478 -0.04731656583260132
vn 0.8757655468810368 0.480412166263478 -0.04731656583260132
vn 0.8757655649985353 0.461950130195466 -0.14013119700904783
vn 0.8757655649985353 0.461950130195466 -0.14013119700904783
vn 0.8757655649985353 0.461950130195466 -0.14013119700904783
vn 0.8757655649985353 0.461950130195466 -0.14013119700904783
vn 0.23491840909796122 -0.28216176197512693 0.9301602448750296
vn 0.23491840909796122 -0.28216176197512693 0.9301602448750296
vn 0.23491840909796122 -0.28216176197512693 0.9301602448750296
vn 0.23491840909796122 -0.28216176197512693 0.9301602448750296
vn 0.0882144830699787 -0.7377354885319287 0.6693015418608065
vn 0.0882144830699787 -0.7377354885319287 0.6693015418608065
vn 0.0882144830699787 -0.7377354885319287 0.6693015418608065
vn 0.0882144830699787 -0.7377354885319287 0.6693015418608065
vn 0.1940391206239119 -0.462437441286294 -0.8651591949254681
vn 0.1940391206239119 -0.462437441286294 -0.8651591949254681
vn 0.1940391206239119 -0.462437441286294 -0.8651591949254681
vn 0.1940391206239119 -0.462437441286294 -0.8651591949254681
vn 0.8757655216908853 0.3062458779334044 -0.373159769088644
vn 0.8757655216908853 0.3062458779334044 -0.373159769088644
vn 0.8757655216908853 0.3062458779334044 -0.373159769088644
vn 0.8757655216908853 0.3062458779334044 -0.373159769088644
vn 0.875765607772261 0.22755904649255793 -0.4257363980242706
vn 0.875765607772261 0.22755904649255793 -0.4257363980242706
vn 0.875765607772261 0.22755904649255793 -0.4257363980242706
vn 0.875765607772261 0.22755904649255793 -0.4257363980242706
vn 0.1940390576612801 -0.6223381076623814 -0.7583166382541852
vn 0.1940390576612801 -0.6223381076623814 -0.7583166382541852
vn 0.1940390576612801 -0.6223381076623814 -0.7583166382541852
vn 0.1940390576612801 -0.6223381076623814 -0.7583166382541852
vn 0.8757655226981766 -0.04731590837005922 -0.4804122751016109
vn 0.8757655226981766 -0.04731590837005922 -0.4804122751016109
vn 0.8757655226981766 -0.04731590837005922 -0.4804122751016109
vn 0.8757655226981766 -0.04731590837005922 -0.4804122751016109
vn 0.8757657627303407 -0.1401308179697365 -0.46194987031546764
vn 0.8757657627303407 -0.1401308179697365 -0.46194987031546764
vn 0.8757657627303407 -0.1401308179697365 -0.46194987031546764
vn 0.8757657627303407 -0.1401308179697365 -0.46194987031546764
vn 0.08821427047014738 -0.3360333109823639 0.9377098999134272
vn 0.08821427047014738 -0.3360333109823639 0.9377098999134272
vn 0.08821427047014738 -0.3360333109823639 0.9377098999134272
vn 0.08821427047014738 -0.3360333109823639 0.9377098999134272
vn 0.08821471484348097 -0.9006725746235461 0.4254492653725895
vn 0.08821471484348097 -0.9006725746235461 0.4254492653725895
vn 0.08821471484348097 -0.9006725746235461 0.4254492653725895
vn 0.08821471484348097 -0.9006725746235461 0.4254492653725895
vn 0.8757657304541553 -0.37316109755669863 -0.3062436621913665
vn 0.8757657304541553 -0.37316109755669863 -0.3062436621913665
vn 0.8757657304541553 -0.37316109755669863 -0.3062436621913665
vn 0.8757657304541553 -0.37316109755669863 -0.3062436621913665
vn 0.23491831074495703 -0.7513736777547547 0.6166449413187706
vn 0.23491831074495703 -0.7513736777547547 0.6166449413187706
vn 0.23491831074495703 -0.7513736777547547 0.6166449413187706
vn 0.23491831074495703 -0.7513736777547547 0.6166449413187706
vn 0.8757656378250617 -0.4257350417273927 -0.22756146828986282
vn 0.8757656378250617 -0.4257350417273927 -0.22756146828986282
vn 0.8757656378250617 -0.4257350417273927 -0.22756146828986282
vn 0.8757656378250617 -0.4257350417273927 -0.22756146828986282
vn 0.0882144422335504 0.6693015115963109 0.7377355208720243
vn 0.0882144422335504 0.6693015115963109 0.7377355208720243
vn 0.0882144422335504 0.6693015115963109 0.7377355208720243
vn 0.0882144422335504 0.6693015115963109 0.7377355208720243
vn 0.2349182367293497 -0.8572419135199493 0.45820271033313303
vn 0.2349182367293497 -0.8572419135199493 0.45820271033313303
vn 0.2349182367293497 -0.8572419135199493 0.45820271033313303
vn 0.2349182367293497 -0.8572419135199493 0.45820271033313303
vn 0.8757655377765236 -0.48041219396597584 0.04731645307706692
vn 0.8757655377765236 -0.48041219396597584 0.04731645307706692
vn 0.8757655377765236 -0.48041219396597584 0.04731645307706692
vn 0.8757655377765236 -0.48041219396597584 0.04731645307706692
vn 0.08821400968294825 0.9949254436631372 0.04839059874982348
vn 0.08821400968294825 0.9949254436631372 0.04839059874982348
vn 0.08821400968294825 0.9949254436631372 0.04839059874982348
vn 0.08821400968294825 0.9949254436631372 0.04839059874982348
vn 0.8757654738992741 -0.4619500241755266 0.14013211584148158
vn 0.8757654738992741 -0.4619500241755266 0.14013211584148158
vn 0.8757654738992741 -0.4619500241755266 0.14013211584148158
vn 0.8757654738992741 -0.4619500241755266 0.14013211584148158
vn 0.08821452917165527 0.9006725210701868 -0.4254494172426345
vn 0.08821452917165527 0.9006725210701868 -0.4254494172426345
vn 0.08821452917165527 0.9006725210701868 -0.4254494172426345
vn 0.08821452917165527 0.9006725210701868 -0.4254494172426345
vn 0.8757654848811935 0.047316486967188834 0.4804122870534141
vn 0.8757654848811935 0.047316486967188834 0.4804122870534141
vn 0.8757654848811935 0.047316486967188834 0.4804122870534141
vn 0.8757654848811935 0.047316486967188834 0.4804122870534141
vn 0.1940388940796956 -0.9387532162804179 -0.28476535341838843
vn 0.1940388940796956 -0.9387532162804179 -0.28476535341838843
vn 0.1940388940796956 -0.9387532162804179 -0.28476535341838843
vn 0.1940388940796956 -0.9387532162804179 -0.28476535341838843
vn 0.8757655232788537 0.14013172677521704 0.4619500485843804
vn 0.8757655232788537 0.14013172677521704 0.4619500485843804
vn 0.8757655232788537 0.14013172677521704 0.4619500485843804
vn 0.8757655232788537 0.14013172677521704 0.4619500485843804
vn 0.8757655975741689 -0.3062447809398572 0.37316049128043793
vn 0.8757655975741689 -0.3062447809398572 0.37316049128043793
vn 0.8757655975741689 -0.3062447809398572 0.37316049128043793
vn 0.8757655975741689 -0.3062447809398572 0.37316049128043793
vn 0.1940388460474311 -0.9762700446821038 -0.09615469869426298
vn 0.1940388460474311 -0.9762700446821038 -0.09615469869426298
vn 0.1940388460474311 -0.9762700446821038 -0.09615469869426298
vn 0.1940388460474311 -0.9762700446821038 -0.09615469869426298
vn 0.8757657024990961 -0.227560098113555 0.4257356410647499
vn 0.8757657024990961 -0.227560098113555 0.4257356410647499
vn 0.8757657024990961 -0.227560098113555 0.4257356410647499
vn 0.8757657024990961 -0.227560098113555 0.4257356410647499
vn 0.23491872649836915 -0.967334395332454 -0.09527517802229502
vn 0.23491872649836915 -0.967334395332454 -0.09527517802229502
vn 0.23491872649836915 -0.967334395332454 -0.09527517802229502
vn 0.23491872649836915 -0.967334395332454 -0.09527517802229502
vn 0.9926714871566306 0.03508011966326804 -0.11564040725738627
vn 0.9926714871566306 0.03508011966326804 -0.11564040725738627
vn 0.9926714871566306 0.03508011966326804 -0.11564040725738627
vn 0.9926714871566306 0.03508011966326804 -0.11564040725738627
vn 0.992671550052244 -0.07666260786534203 -0.09341326603946526
vn 0.992671550052244 -0.07666260786534203 -0.09341326603946526
vn 0.992671550052244 -0.07666260786534203 -0.09341326603946526
vn 0.992671550052244 -0.07666260786534203 -0.09341326603946526
vn 0.9926715412919487 0.05696510976337305 -0.10657479710848113
vn 0.9926715412919487 0.05696510976337305 -0.10657479710848113
vn 0.9926715412919487 0.05696510976337305 -0.10657479710848113
vn 0.9926715412919487 0.05696510976337305 -0.10657479710848113
vn 0.9926715493905192 -0.056965517483573674 -0.10657450374481921
vn 0.9926715493905192 -0.056965517483573674 -0.10657450374481921
vn 0.9926715493905192 -0.056965517483573674 -0.10657450374481921
vn 0.9926715493905192 -0.056965517483573674 -0.10657450374481921
vn 0.9926715603327722 0.07666235010078276 -0.09341336833411157
vn 0.9926715603327722 0.07666235010078276 -0.09341336833411157
vn 0.9926715603327722 0.07666235010078276 -0.09341336833411157
vn 0.9926715603327722 0.07666235010078276 -0.09341336833411157
vn 0.992671517641767 -0.03507898657353457 -0.11564048929231015
vn 0.992671517641767 -0.03507898657353457 -0.11564048929231015
vn 0.992671517641767 -0.03507898657353457 -0.11564048929231015
vn 0.992671517641767 -0.03507898657353457 -0.11564048929231015
vn 0.9926715426510557 0.09341341619621824 -0.07666252073422182
vn 0.9926715426510557 0.09341341619621824 -0.07666252073422182
vn 0.9926715426510557 0.09341341619621824 -0.07666252073422182
vn 0.9926715426510557 0.09341341619621824 -0.07666252073422182
vn 0.992671540101274 -0.01184491991983731 -0.12026184492621654
vn 0.992671540101274 -0.01184491991983731 -0.12026184492621654
vn 0.992671540101274 -0.01184491991983731 -0.12026184492621654
vn 0.992671540101274 -0.01184491991983731 -0.12026184492621654
vn 0.9926715486971576 0.1065744664174627 -0.05696559940016483
vn 0.9926715486971576 0.1065744664174627 -0.05696559940016483
vn 0.9926715486971576 0.1065744664174627 -0.05696559940016483
vn 0.9926715486971576 0.1065744664174627 -0.05696559940016483
vn 0.9926715412637807 0.11564016421852893 -0.035079389739583904
vn 0.9926715412637807 0.11564016421852893 -0.035079389739583904
vn 0.9926715412637807 0.11564016421852893 -0.035079389739583904
vn 0.9926715412637807 0.11564016421852893 -0.035079389739583904
vn 0.9926715404820813 0.12026185242294937 -0.011844811890964764
vn 0.9926715404820813 0.12026185242294937 -0.011844811890964764
vn 0.9926715404820813 0.12026185242294937 -0.011844811890964764
vn 0.9926715404820813 0.12026185242294937 -0.011844811890964764
vn 0.9926715454464885 0.12026181218043078 0.011844804428889922
vn 0.9926715454464885 0.12026181218043078 0.011844804428889922
vn 0.9926715454464885 0.12026181218043078 0.011844804428889922
vn 0.9926715454464885 0.12026181218043078 0.011844804428889922
vn 0.9926715377505617 0.11564030189938732 0.0350790352853903
vn 0.9926715377505617 0.11564030189938732 0.0350790352853903
vn 0.9926715377505617 0.11564030189938732 0.0350790352853903
vn 0.9926715377505617 0.11564030189938732 0.0350790352853903
vn 0.9926715638657315 0.10657459196712092 0.056965100187785334
vn 0.9926715638657315 0.10657459196712092 0.056965100187785334
vn 0.9926715638657315 0.10657459196712092 0.056965100187785334
vn 0.9926715638657315 0.10657459196712092 0.056965100187785334
vn 0.9926715718711173 0.09341343831669037 0.0766621154207158
vn 0.9926715718711173 0.09341343831669037 0.0766621154207158
vn 0.9926715718711173 0.09341343831669037 0.0766621154207158
vn 0.9926715718711173 0.09341343831669037 0.0766621154207158
vn 0.9926715366094433 0.07666257242170127 0.09341343797941576
vn 0.9926715366094433 0.07666257242170127 0.09341343797941576
vn 0.9926715366094433 0.07666257242170127 0.09341343797941576
vn 0.9926715366094433 0.07666257242170127 0.09341343797941576
vn 0.9926715207436739 0.056965393209944815 0.10657483699672189
vn 0.9926715207436739 0.056965393209944815 0.10657483699672189
vn 0.9926715207436739 0.056965393209944815 0.10657483699672189
vn 0.9926715207436739 0.056965393209944815 0.10657483699672189
vn 0.9926715426208589 0.035080529726306195 0.11563980674856829
vn 0.9926715426208589 0.035080529726306195 0.11563980674856829
vn 0.9926715426208589 0.035080529726306195 0.11563980674856829
vn 0.9926715426208589 0.035080529726306195 0.11563980674856829
vn 0.9926715319139696 0.011844630400960293 0.12026194102141108
vn 0.9926715319139696 0.011844630400960293 0.12026194102141108
vn 0.9926715319139696 0.011844630400960293 0.12026194102141108
vn 0.9926715319139696 0.011844630400960293 0.12026194102141108
vn 0.9926715959580739 -0.011844364736200493 0.12026143854971326
vn 0.9926715959580739 -0.011844364736200493 0.12026143854971326
vn 0.9926715959580739 -0.011844364736200493 0.12026143854971326
vn 0.9926715959580739 -0.011844364736200493 0.12026143854971326
vn 0.992671527570418 -0.035079301040212105 0.11564030867108072
vn 0.992671527570418 -0.035079301040212105 0.11564030867108072
vn 0.992671527570418 -0.035079301040212105 0.11564030867108072
vn 0.992671527570418 -0.035079301040212105 0.11564030867108072
vn 0.9926715362975409 -0.05696512810321085 0.10657483382517907
vn 0.9926715362975409 -0.05696512810321085 0.10657483382517907
vn 0.9926715362975409 -0.05696512810321085 0.10657483382517907
vn 0.9926715362975409 -0.05696512810321085 0.10657483382517907
vn 0.9926715570325132 -0.07666254071361255 0.09341324697268226
vn 0.9926715570325132 -0.07666254071361255 0.09341324697268226
vn 0.9926715570325132 -0.07666254071361255 0.09341324697268226
vn 0.9926715570325132 -0.07666254071361255 0.09341324697268226
vn 0.9926715591766037 -0.09341322964520268 0.07666253406419055
vn 0.9926715591766037 -0.09341322964520268 0.07666253406419055
vn 0.9926715591766037 -0.09341322964520268 0.07666253406419055
vn 0.9926715591766037 -0.09341322964520268 0.07666253406419055
vn 0.9926715569950798 -0.1065745939682717 0.056965216171467575
vn 0.9926715569950798 -0.1065745939682717 0.056965216171467575
vn 0.9926715569950798 -0.1065745939682717 0.056965216171467575
vn 0.9926715569950798 -0.1065745939682717 0.056965216171467575
vn 0.992671552309878 -0.11564011335129108 0.035079244843604356
vn 0.992671552309878 -0.11564011335129108 0.035079244843604356
vn 0.992671552309878 -0.11564011335129108 0.035079244843604356
vn 0.992671552309878 -0.11564011335129108 0.035079244843604356
vn 0.9926715501516297 -0.12026178653920984 0.011844670445301915
vn 0.9926715501516297 -0.12026178653920984 0.011844670445301915
vn 0.9926715501516297 -0.12026178653920984 0.011844670445301915
vn 0.9926715501516297 -0.12026178653920984 0.011844670445301915
vn 0.9926715341962061 -0.12026192257614123 -0.011844626412021497
vn 0.9926715341962061 -0.12026192257614123 -0.011844626412021497
vn 0.9926715341962061 -0.12026192257614123 -0.011844626412021497
vn 0.9926715341962061 -0.12026192257614123 -0.011844626412021497
vn 0.992671535237522 -0.11564033140895094 -0.035079009119547915
vn 0.992671535237522 -0.11564033140895094 -0.035079009119547915
vn 0.992671535237522 -0.11564033140895094 -0.035079009119547915
vn 0.992671535237522 -0.11564033140895094 -0.035079009119547915
vn 0.992671534258024 -0.1065746696934984 -0.056965470712900756
vn 0.992671534258024 -0.1065746696934984 -0.056965470712900756
vn 0.992671534258024 -0.1065746696934984 -0.056965470712900756
vn 0.992671534258024 -0.1065746696934984 -0.056965470712900756
vn 0.9926715701099513 0.011844971870148959 -0.12026159211002961
vn 0.9926715701099513 0.011844971870148959 -0.12026159211002961
vn 0.9926715701099513 0.011844971870148959 -0.12026159211002961
vn 0.9926715701099513 0.011844971870148959 -0.12026159211002961
vn 0.9926715414614211 -0.09341343177190753 -0.0766625171593084
vn 0.9926715414614211 -0.09341343177190753 -0.0766625171593084
vn 0.9926715414614211 -0.09341343177190753 -0.0766625171593084
vn 0.9926715414614211 -0.09341343177190753 -0.0766625171593084
vn 0.8757655189583881 -0.04731553928827439 0.48041231826984304
vn 0.8757655189583881 -0.04731553928827439 0.48041231826984304
vn 0.8757655189583881 -0.04731553928827439 0.48041231826984304
vn 0.8757655189583881 -0.04731553928827439 0.48041231826984304
vn 0.8757651599601882 0.4619514058211993 0.14012952315527155
vn 0.8757651599601882 0.4619514058211993 0.14012952315527155
vn 0.8757651599601882 0.4619514058211993 0.14012952315527155
vn 0.8757651599601882 0.4619514058211993 0.14012952315527155
vn 0.8757654073367354 0.4804124714438242 0.047316050062942115
vn 0.8757654073367354 0.4804124714438242 0.047316050062942115
vn 0.8757654073367354 0.4804124714438242 0.047316050062942115
vn 0.8757654073367354 0.4804124714438242 0.047316050062942115
vn 0.8757656628499795 0.4257360840835159 -0.2275594218707927
vn 0.8757656628499795 0.4257360840835159 -0.2275594218707927
vn 0.8757656628499795 0.4257360840835159 -0.2275594218707927
vn 0.8757656628499795 0.4257360840835159 -0.2275594218707927
vn 0.8757657399452315 0.373159537094896 -0.3062455364789897
vn 0.8757657399452315 0.373159537094896 -0.3062455364789897
vn 0.8757657399452315 0.373159537094896 -0.3062455364789897
vn 0.8757657399452315 0.373159537094896 -0.3062455364789897
vn 0.8757654346200747 0.14013335437928368 -0.4619497229300195
vn 0.8757654346200747 0.14013335437928368 -0.4619497229300195
vn 0.8757654346200747 0.14013335437928368 -0.4619497229300195
vn 0.8757654346200747 0.14013335437928368 -0.4619497229300195
vn 0.8757658710160816 0.04731507654643761 -0.48041172206228316
vn 0.8757658710160816 0.04731507654643761 -0.48041172206228316
vn 0.8757658710160816 0.04731507654643761 -0.48041172206228316
vn 0.8757658710160816 0.04731507654643761 -0.48041172206228316
vn 0.8757656425607999 -0.22755712240686463 -0.42573735489380854
vn 0.8757656425607999 -0.22755712240686463 -0.42573735489380854
vn 0.8757656425607999 -0.22755712240686463 -0.42573735489380854
vn 0.8757656425607999 -0.22755712240686463 -0.42573735489380854
vn 0.8757652299808794 -0.3062460315343641 -0.373160327642142
vn 0.8757652299808794 -0.3062460315343641 -0.373160327642142
vn 0.8757652299808794 -0.3062460315343641 -0.373160327642142
vn 0.8757652299808794 -0.3062460315343641 -0.373160327642142
vn 0.8757650811970092 -0.46195106789011176 -0.1401311294152057
vn 0.8757650811970092 -0.46195106789011176 -0.1401311294152057
vn 0.8757650811970092 -0.46195106789011176 -0.1401311294152057
vn 0.8757650811970092 -0.46195106789011176 -0.1401311294152057
vn 0.8757653741126352 -0.4804124830207147 -0.04731654745675894
vn 0.8757653741126352 -0.4804124830207147 -0.04731654745675894
vn 0.8757653741126352 -0.4804124830207147 -0.04731654745675894
vn 0.8757653741126352 -0.4804124830207147 -0.04731654745675894
vn 0.8757653840848013 -0.42573591380456643 0.2275608132693139
vn 0.8757653840848013 -0.42573591380456643 0.2275608132693139
vn 0.8757653840848013 -0.42573591380456643 0.2275608132693139
vn 0.8757653840848013 -0.42573591380456643 0.2275608132693139
vn 0.8757650575226348 -0.3731595002900821 0.3062475328319109
vn 0.8757650575226348 -0.3731595002900821 0.3062475328319109
vn 0.8757650575226348 -0.3731595002900821 0.3062475328319109
vn 0.8757650575226348 -0.3731595002900821 0.3062475328319109
vn 0.8757652584045618 0.22756107980880697 0.4257360298680877
vn 0.8757652584045618 0.22756107980880697 0.4257360298680877
vn 0.8757652584045618 0.22756107980880697 0.4257360298680877
vn 0.8757652584045618 0.22756107980880697 0.4257360298680877
vn 0.8757652549475756 0.3062443802944447 0.3731616241853914
vn 0.8757652549475756 0.3062443802944447 0.3731616241853914
vn 0.8757652549475756 0.3062443802944447 0.3731616241853914
vn 0.8757652549475756 0.3062443802944447 0.3731616241853914
vn 0.8757652203432763 -0.14013170421331111 0.4619506297337041
vn 0.8757652203432763 -0.14013170421331111 0.4619506297337041
vn 0.8757652203432763 -0.14013170421331111 0.4619506297337041
vn 0.8757652203432763 -0.14013170421331111 0.4619506297337041
vn 0.19403884114161768 0.09615117207235786 -0.9762703929944461
vn 0.19403884114161768 0.09615117207235786 -0.9762703929944461
vn 0.19403884114161768 0.09615117207235786 -0.9762703929944461
vn 0.19403884114161768 0.09615117207235786 -0.9762703929944461
vn 0.08821406095558419 -0.9377103271911654 -0.3360321736512176
vn 0.08821406095558419 -0.9377103271911654 -0.3360321736512176
vn 0.08821406095558419 -0.9377103271911654 -0.3360321736512176
vn 0.08821406095558419 -0.9377103271911654 -0.3360321736512176
vn 0.1940391727279245 0.2847697953323505 -0.9387518112437568
vn 0.1940391727279245 0.2847697953323505 -0.9387518112437568
vn 0.1940391727279245 0.2847697953323505 -0.9387518112437568
vn 0.1940391727279245 0.2847697953323505 -0.9387518112437568
vn 0.23491850835560835 0.4582035514401491 0.8572413895045028
vn 0.23491850835560835 0.4582035514401491 0.8572413895045028
vn 0.23491850835560835 0.4582035514401491 0.8572413895045028
vn 0.23491850835560835 0.4582035514401491 0.8572413895045028
vn 0.08821452634610426 0.7377356554089446 -0.669301352217271
vn 0.08821452634610426 0.7377356554089446 -0.669301352217271
vn 0.08821452634610426 0.7377356554089446 -0.669301352217271
vn 0.08821452634610426 0.7377356554089446 -0.669301352217271
vn 0.23491879514655195 0.6166397159670601 0.7513778146704596
vn 0.23491879514655195 0.6166397159670601 0.7513778146704596
vn 0.23491879514655195 0.6166397159670601 0.7513778146704596
vn 0.23491879514655195 0.6166397159670601 0.7513778146704596
vn 0.08821454301468949 0.33603261219664493 -0.9377101246872666
vn 0.08821454301468949 0.33603261219664493 -0.9377101246872666
vn 0.08821454301468949 0.33603261219664493 -0.9377101246872666
vn 0.08821454301468949 0.33603261219664493 -0.9377101246872666
vn 0.08821434615670105 0.4254495459930931 0.9006724781775098
vn 0.08821434615670105 0.4254495459930931 0.9006724781775098
vn 0.08821434615670105 0.4254495459930931 0.9006724781775098
vn 0.08821434615670105 0.4254495459930931 0.9006724781775098
vn 0.19403870430358686 0.7583175490121347 -0.6223371080792258
vn 0.19403870430358686 0.7583175490121347 -0.6223371080792258
vn 0.19403870430358686 0.7583175490121347 -0.6223371080792258
vn 0.19403870430358686 0.7583175490121347 -0.6223371080792258
vn 0.1940388429900295 0.8651596962328691 -0.4624366199008685
vn 0.1940388429900295 0.8651596962328691 -0.4624366199008685
vn 0.1940388429900295 0.8651596962328691 -0.4624366199008685
vn 0.1940388429900295 0.8651596962328691 -0.4624366199008685
vn 0.2349186109085241 0.9301612306028196 0.28215834443138066
vn 0.2349186109085241 0.9301612306028196 0.28215834443138066
vn 0.2349186109085241 0.9301612306028196 0.28215834443138066
vn 0.2349186109085241 0.9301612306028196 0.28215834443138066
vn 0.2349187098631915 0.9673346879694368 0.09527224783370061
vn 0.2349187098631915 0.9673346879694368 0.09527224783370061
vn 0.2349187098631915 0.9673346879694368 0.09527224783370061
vn 0.2349187098631915 0.9673346879694368 0.09527224783370061
vn 0.19403901130666815 -0.2847651498268151 0.938753253808072
vn 0.19403901130666815 -0.2847651498268151 0.938753253808072
vn 0.19403901130666815 -0.2847651498268151 0.938753253808072
vn 0.19403901130666815 -0.2847651498268151 0.938753253808072
vn 0.08821454888373606 -0.6693014132322972 -0.7377355973588972
vn 0.08821454888373606 -0.6693014132322972 -0.7377355973588972
vn 0.08821454888373606 -0.6693014132322972 -0.7377355973588972
vn 0.08821454888373606 -0.6693014132322972 -0.7377355973588972
vn 0.19403895436115004 0.9762700802031449 0.09615411946753422
vn 0.19403895436115004 0.9762700802031449 0.09615411946753422
vn 0.19403895436115004 0.9762700802031449 0.09615411946753422
vn 0.19403895436115004 0.9762700802031449 0.09615411946753422
vn 0.19403906395436515 0.6223361131009733 0.7583182735435606
vn 0.19403906395436515 0.6223361131009733 0.7583182735435606
vn 0.19403906395436515 0.6223361131009733 0.7583182735435606
vn 0.19403906395436515 0.6223361131009733 0.7583182735435606
vn 0.1940387913821804 0.938753164467896 0.28476559420065817
vn 0.1940387913821804 0.938753164467896 0.28476559420065817
vn 0.1940387913821804 0.938753164467896 0.28476559420065817
vn 0.1940387913821804 0.938753164467896 0.28476559420065817
vn 0.08821433182523511 -0.048390103893936325 0.9949254391690674
vn 0.08821433182523511 -0.048390103893936325 0.9949254391690674
vn 0.08821433182523511 -0.048390103893936325 0.9949254391690674
vn 0.08821433182523511 -0.048390103893936325 0.9949254391690674
vn 0.23491806333233653 0.8572406324417561 -0.45820519596687476
vn 0.23491806333233653 0.8572406324417561 -0.45820519596687476
vn 0.23491806333233653 0.8572406324417561 -0.45820519596687476
vn 0.23491806333233653 0.8572406324417561 -0.45820519596687476
vn 0.1940392303331529 0.4624391471800887 0.8651582584978714
vn 0.1940392303331529 0.4624391471800887 0.8651582584978714
vn 0.1940392303331529 0.4624391471800887 0.8651582584978714
vn 0.1940392303331529 0.4624391471800887 0.8651582584978714
vn 0.19403877724404847 -0.09615378503224828 0.9762701483450198
vn 0.19403877724404847 -0.09615378503224828 0.9762701483450198
vn 0.19403877724404847 -0.09615378503224828 0.9762701483450198
vn 0.19403877724404847 -0.09615378503224828 0.9762701483450198
vn 0.23491825232096708 0.7513763517964974 -0.6166417052774236
vn 0.23491825232096708 0.7513763517964974 -0.6166417052774236
vn 0.23491825232096708 0.7513763517964974 -0.6166417052774236
vn 0.23491825232096708 0.7513763517964974 -0.6166417052774236
vn 0.08821432258846709 0.9377099591381259 0.3360331320322923
vn 0.08821432258846709 0.9377099591381259 0.3360331320322923
vn 0.08821432258846709 0.9377099591381259 0.3360331320322923
vn 0.08821432258846709 0.9377099591381259 0.3360331320322923
vn 0.23491847451811546 -0.45820247142412746 -0.8572419760551294
vn 0.23491847451811546 -0.45820247142412746 -0.8572419760551294
vn 0.23491847451811546 -0.45820247142412746 -0.8572419760551294
vn 0.23491847451811546 -0.45820247142412746 -0.8572419760551294
vn 0.1940388093471911 -0.7583173148376562 0.6223373606690596
vn 0.1940388093471911 -0.7583173148376562 0.6223373606690596
vn 0.1940388093471911 -0.7583173148376562 0.6223373606690596
vn 0.1940388093471911 -0.7583173148376562 0.6223373606690596
vn 0.23491879594538315 -0.6166400756917262 -0.7513775192022141
vn 0.23491879594538315 -0.6166400756917262 -0.7513775192022141
vn 0.23491879594538315 -0.6166400756917262 -0.7513775192022141
vn 0.23491879594538315 -0.6166400756917262 -0.7513775192022141
vn 0.2349183712666741 0.28215895091321463 -0.930161107153469
vn 0.2349183712666741 0.28215895091321463 -0.930161107153469
vn 0.2349183712666741 0.28215895091321463 -0.930161107153469
vn 0.2349183712666741 0.28215895091321463 -0.930161107153469
vn 0.23491826082194384 0.09527402630149737 -0.9673346218577595
vn 0.23491826082194384 0.09527402630149737 -0.9673346218577595
vn 0.23491826082194384 0.09527402630149737 -0.9673346218577595
vn 0.23491826082194384 0.09527402630149737 -0.9673346218577595
vn 0.19403874097554316 -0.8651580306939276 0.46243977870251485
vn 0.19403874097554316 -0.8651580306939276 0.46243977870251485
vn 0.19403874097554316 -0.8651580306939276 0.46243977870251485
vn 0.19403874097554316 -0.8651580306939276 0.46243977870251485
vn 0.08821454243327913 -0.4254503332072053 -0.9006720870978323
vn 0.08821454243327913 -0.4254503332072053 -0.9006720870978323
vn 0.08821454243327913 -0.4254503332072053 -0.9006720870978323
vn 0.08821454243327913 -0.4254503332072053 -0.9006720870978323
vn 0.08821452397012666 -0.9949253862817349 -0.04839084100183309
vn 0.08821452397012666 -0.9949253862817349 -0.04839084100183309
vn 0.08821452397012666 -0.9949253862817349 -0.04839084100183309
vn 0.08821452397012666 -0.9949253862817349 -0.04839084100183309
vn 0.23491881462447733 -0.9301613310127479 -0.28215784381091386
vn 0.23491881462447733 -0.9301613310127479 -0.28215784381091386
vn 0.23491881462447733 -0.9301613310127479 -0.28215784381091386
vn 0.23491881462447733 -0.9301613310127479 -0.28215784381091386
vn 0.9999999999999678 2.543296487435351e-7 -9.394801845737303e-10
vn 0.9999999999999678 2.543296487435351e-7 -9.394801845737303e-10
vn 0.9999999999999678 2.543296487435351e-7 -9.394801845737303e-10
vn 0.9999999999999678 2.543296487435351e-7 -9.394801845737303e-10
vn 0.9999999999999678 2.543296487435351e-7 -9.394801845737303e-10
vn 0.9999999999999678 2.543296487435351e-7 -9.394801845737303e-10
vn 0.9999999999999678 2.543296487435351e-7 -9.394801845737303e-10
vn 0.9999999999999678 2.543296487435351e-7 -9.394801845737303e-10
vn 0.9999999999999678 2.543296487435351e-7 -9.394801845737303e-10
vn 0.9999999999999678 2.543296487435351e-7 -9.394801845737303e-10
vn 0.9999999999999678 2.543296487435351e-7 -9.394801845737303e-10
vn 0.9999999999999678 2.543296487435351e-7 -9.394801845737303e-10
vn 0.9999999999999678 2.543296487435351e-7 -9.394801845737303e-10
vn 0.9999999999999678 2.543296487435351e-7 -9.394801845737303e-10
vn 0.9999999999999678 2.543296487435351e-7 -9.394801845737303e-10
vn 0.9999999999999678 2.543296487435351e-7 -9.394801845737303e-10
vn 0.9999999999999678 2.543296487435351e-7 -9.394801845737303e-10
vn 0.9999999999999678 2.543296487435351e-7 -9.394801845737303e-10
vn 0.9999999999999678 2.543296487435351e-7 -9.394801845737303e-10
vn 0.9999999999999678 2.543296487435351e-7 -9.394801845737303e-10
vn 0.9999999999999678 2.543296487435351e-7 -9.394801845737303e-10
vn 0.9999999999999678 2.543296487435351e-7 -9.394801845737303e-10
vn 0.9999999999999678 2.543296487435351e-7 -9.394801845737303e-10
vn 0.9999999999999678 2.543296487435351e-7 -9.394801845737303e-10
vn 0.9999999999999678 2.543296487435351e-7 -9.394801845737303e-10
vn 0.9999999999999678 2.543296487435351e-7 -9.394801845737303e-10
vn 0.9999999999999678 2.543296487435351e-7 -9.394801845737303e-10
vn 0.9999999999999678 2.543296487435351e-7 -9.394801845737303e-10
vn 0.9999999999999678 2.543296487435351e-7 -9.394801845737303e-10
vn 0.9999999999999678 2.543296487435351e-7 -9.394801845737303e-10
vn 0.9999999999999678 2.543296487435351e-7 -9.394801845737303e-10
vn 0.9999999999999678 2.543296487435351e-7 -9.394801845737303e-10
f 1441//1441 1442//1442 1443//1443
f 1441//1441 1443//1443 1444//1444
f 1445//1445 1446//1446 1447//1447
f 1445//1445 1447//1447 1448//1448
f 1449//1449 1450//1450 1451//1451
f 1449//1449 1451//1451 1452//1452
f 1453//1453 1454//1454 1455//1455
f 1453//1453 1455//1455 1456//1456
f 1457//1457 1458//1458 1459//1459
f 1457//1457 1459//1459 1460//1460
f 1461//1461 1462//1462 1463//1463
f 1461//1461 1463//1463 1464//1464
f 1465//1465 1466//1466 1467//1467
f 1465//1465 1467//1467 1468//1468
f 1469//1469 1470//1470 1471//1471
f 1469//1469 1471//1471 1472//1472
f 1473//1473 1474//1474 1475//1475
f 1473//1473 1475//1475 1476//1476
f 1477//1477 1478//1478 1479//1479
f 1477//1477 1479//1479 1480//1480
f 1481//1481 1482//1482 1483//1483
f 1481//1481 1483//1483 1484//1484
f 1485//1485 1486//1486 1487//1487
f 1485//1485 1487//1487 1488//1488
f 1489//1489 1490//1490 1491//1491
f 1489//1489 1491//1491 1492//1492
f 1493//1493 1494//1494 1495//1495
f 1493//1493 1495//1495 1496//1496
f 1497//1497 1498//1498 1499//1499
f 1497//1497 1499//1499 1500//1500
f 1501//1501 1502//1502 1503//1503
f 1501//1501 1503//1503 1504//1504
f 1505//1505 1506//1506 1507//1507
f 1505//1505 1507//1507 1508//1508
f 1509//1509 1510//1510 1511//1511
f 1509//1509 1511//1511 1512//1512
f 1513//1513 1514//1514 1515//1515
f 1513//1513 1515//1515 1516//1516
f 1517//1517 1518//1518 1519//1519
f 1517//1517 1519//1519 1520//1520
f 1521//1521 1522//1522 1523//1523
f 1521//1521 1523//1523 1524//1524
f 1525//1525 1526//1526 1527//1527
f 1525//1525 1527//1527 1528//1528
f 1529//1529 1530//1530 1531//1531
f 1529//1529 1531//1531 1532//1532
f 1533//1533 1534//1534 1535//1535
f 1533//1533 1535//1535 1536//1536
f 1537//1537 1538//1538 1539//1539
f 1537//1537 1539//1539 1540//1540
f 1541//1541 1542//1542 1543//1543
f 1541//1541 1543//1543 1544//1544
f 1545//1545 1546//1546 1547//1547
f 1545//1545 1547//1547 1548//1548
f 1549//1549 1550//1550 1551//1551
f 1549//1549 1551//1551 1552//1552
f 1553//1553 1554//1554 1555//1555
f 1553//1553 1555//1555 1556//1556
f 1557//1557 1558//1558 1559//1559
f 1557//1557 1559//1559 1560//1560
f 1561//1561 1562//1562 1563//1563
f 1561//1561 1563//1563 1564//1564
f 1565//1565 1566//1566 1567//1567
f 1565//1565 1567//1567 1568//1568
f 1569//1569 1570//1570 1571//1571
f 1569//1569 1571//1571 1572//1572
f 1573//1573 1574//1574 1575//1575
f 1573//1573 1575//1575 1576//1576
f 1577//1577 1578//1578 1579//1579
f 1577//1577 1579//1579 1580//1580
f 1581//1581 1582//1582 1583//1583
f 1581//1581 1583//1583 1584//1584
f 1585//1585 1586//1586 1587//1587
f 1585//1585 1587//1587 1588//1588
f 1589//1589 1590//1590 1591//1591
f 1589//1589 1591//1591 1592//1592
f 1593//1593 1594//1594 1595//1595
f 1593//1593 1595//1595 1596//1596
f 1597//1597 1598//1598 1599//1599
f 1597//1597 1599//1599 1600//1600
f 1601//1601 1602//1602 1603//1603
f 1601//1601 1603//1603 1604//1604
f 1605//1605 1606//1606 1607//1607
f 1605//1605 1607//1607 1608//1608
f 1609//1609 1610//1610 1611//1611
f 1609//1609 1611//1611 1612//1612
f 1613//1613 1614//1614 1615//1615
f 1613//1613 1615//1615 1616//1616
f 1617//1617 1618//1618 1619//1619
f 1617//1617 1619//1619 1620//1620
f 1621//1621 1622//1622 1623//1623
f 1621//1621 1623//1623 1624//1624
f 1625//1625 1626//1626 1627//1627
f 1625//1625 1627//1627 1628//1628
f 1629//1629 1630//1630 1631//1631
f 1629//1629 1631//1631 1632//1632
f 1633//1633 1634//1634 1635//1635
f 1633//1633 1635//1635 1636//1636
f 1637//1637 1638//1638 1639//1639
f 1637//1637 1639//1639 1640//1640
f 1641//1641 1642//1642 1643//1643
f 1641//1641 1643//1643 1644//1644
f 1645//1645 1646//1646 1647//1647
f 1645//1645 1647//1647 1648//1648
f 1649//1649 1650//1650 1651//1651
f 1649//1649 1651//1651 1652//1652
f 1653//1653 1654//1654 1655//1655
f 1653//1653 1655//1655 1656//1656
f 1657//1657 1658//1658 1659//1659
f 1657//1657 1659//1659 1660//1660
f 1661//1661 1662//1662 1663//1663
f 1661//1661 1663//1663 1664//1664
f 1665//1665 1666//1666 1667//1667
f 1665//1665 1667//1667 1668//1668
f 1669//1669 1670//1670 1671//1671
f 1669//1669 1671//1671 1672//1672
f 1673//1673 1674//1674 1675//1675
f 1673//1673 1675//1675 1676//1676
f 1677//1677 1678//1678 1679//1679
f 1677//1677 1679//1679 1680//1680
f 1681//1681 1682//1682 1683//1683
f 1681//1681 1683//1683 1684//1684
f 1685//1685 1686//1686 1687//1687
f 1685//1685 1687//1687 1688//1688
f 1689//1689 1690//1690 1691//1691
f 1689//1689 1691//1691 1692//1692
f 1693//1693 1694//1694 1695//1695
f 1693//1693 1695//1695 1696//1696
f 1697//1697 1698//1698 1699//1699
f 1697//1697 1699//1699 1700//1700
f 1701//1701 1702//1702 1703//1703
f 1701//1701 1703//1703 1704//1704
f 1705//1705 1706//1706 1707//1707
f 1705//1705 1707//1707 1708//1708
f 1709//1709 1710//1710 1711//1711
f 1709//1709 1711//1711 1712//1712
f 1713//1713 1714//1714 1715//1715
f 1713//1713 1715//1715 1716//1716
f 1717//1717 1718//1718 1719//1719
f 1717//1717 1719//1719 1720//1720
f 1721//1721 1722//1722 1723//1723
f 1721//1721 1723//1723 1724//1724
f 1725//1725 1726//1726 1727//1727
f 1725//1725 1727//1727 1728//1728
f 1729//1729 1730//1730 1731//1731
f 1729//1729 1731//1731 1732//1732
f 1733//1733 1734//1734 1735//1735
f 1733//1733 1735//1735 1736//1736
f 1737//1737 1738//1738 1739//1739
f 1737//1737 1739//1739 1740//1740
f 1741//1741 1742//1742 1743//1743
f 1741//1741 1743//1743 1744//1744
f 1745//1745 1746//1746 1747//1747
f 1745//1745 1747//1747 1748//1748
f 1749//1749 1750//1750 1751//1751
f 1749//1749 1751//1751 1752//1752
f 1753//1753 1754//1754 1755//1755
f 1753//1753 1755//1755 1756//1756
f 1757//1757 1758//1758 1759//1759
f 1757//1757 1759//1759 1760//1760
f 1761//1761 1762//1762 1763//1763
f 1761//1761 1763//1763 1764//1764
f 1765//1765 1766//1766 1767//1767
f 1765//1765 1767//1767 1768//1768
f 1769//1769 1770//1770 1771//1771
f 1769//1769 1771//1771 1772//1772
f 1773//1773 1774//1774 1775//1775
f 1773//1773 1775//1775 1776//1776
f 1777//1777 1778//1778 1779//1779
f 1777//1777 1779//1779 1780//1780
f 1781//1781 1782//1782 1783//1783
f 1781//1781 1783//1783 1784//1784
f 1785//1785 1786//1786 1787//1787
f 1785//1785 1787//1787 1788//1788
f 1789//1789 1790//1790 1791//1791
f 1789//1789 1791//1791 1792//1792
f 1793//1793 1794//1794 1795//1795
f 1793//1793 1795//1795 1796//1796
f 1797//1797 1798//1798 1799//1799
f 1797//1797 1799//1799 1800//1800
f 1801//1801 1802//1802 1803//1803
f 1801//1801 1803//1803 1804//1804
f 1805//1805 1806//1806 1807//1807
f 1805//1805 1807//1807 1808//1808
f 1809//1809 1810//1810 1811//1811
f 1809//1809 1811//1811 1812//1812
f 1813//1813 1814//1814 1815//1815
f 1813//1813 1815//1815 1816//1816
f 1817//1817 1818//1818 1819//1819
f 1817//1817 1819//1819 1820//1820
f 1821//1821 1822//1822 1823//1823
f 1821//1821 1823//1823 1824//1824
f 1825//1825 1826//1826 1827//1827
f 1825//1825 1827//1827 1828//1828
f 1829//1829 1830//1830 1831//1831
f 1829//1829 1831//1831 1832//1832
f 1833//1833 1834//1834 1835//1835
f 1833//1833 1835//1835 1836//1836
f 1837//1837 1838//1838 1839//1839
f 1837//1837 1839//1839 1840//1840
f 1841//1841 1842//1842 1843//1843
f 1841//1841 1843//1843 1844//1844
f 1845//1845 1846//1846 1847//1847
f 1845//1845 1847//1847 1848//1848
f 1849//1849 1850//1850 1851//1851
f 1849//1849 1851//1851 1852//1852
f 1853//1853 1854//1854 1855//1855
f 1853//1853 1855//1855 1856//1856
f 1857//1857 1858//1858 1859//1859
f 1857//1857 1859//1859 1860//1860
f 1861//1861 1862//1862 1863//1863
f 1861//1861 1863//1863 1864//1864
f 1865//1865 1866//1866 1867//1867
f 1865//1865 1867//1867 1868//1868
f 1869//1869 1870//1870 1871//1871
f 1869//1869 1871//1871 1872//1872
f 1873//1873 1874//1874 1875//1875
f 1873//1873 1875//1875 1876//1876
f 1877//1877 1878//1878 1879//1879
f 1877//1877 1879//1879 1880//1880
f 1881//1881 1882//1882 1883//1883
f 1881//1881 1883//1883 1884//1884
f 1885//1885 1886//1886 1887//1887
f 1885//1885 1887//1887 1888//1888
f 1906//1906 1904//1904 1905//1905
f 1904//1904 1906//1906 1907//1907
f 1904//1904 1907//1907 1903//1903
f 1903//1903 1907//1907 1908//1908
f 1903//1903 1908//1908 1902//1902
f 1902//1902 1908//1908 1909//1909
f 1902//1902 1909//1909 1901//1901
f 1901//1901 1909//1909 1910//1910
f 1901//1901 1910//1910 1900//1900
f 1900//1900 1910//1910 1911//1911
f 1900//1900 1911//1911 1899//1899
f 1899//1899 1911//1911 1912//1912
f 1899//1899 1912//1912 1898//1898
f 1898//1898 1912//1912 1913//1913
f 1898//1898 1913//1913 1897//1897
f 1897//1897 1913//1913 1914//1914
f 1897//1897 1914//1914 1896//1896
f 1896//1896 1914//1914 1915//1915
f 1896//1896 1915//1915 1895//1895
f 1895//1895 1915//1915 1916//1916
f 1895//1895 1916//1916 1894//1894
f 1894//1894 1916//1916 1917//1917
f 1894//1894 1917//1917 1893//1893
f 1893//1893 1917//1917 1918//1918
f 1893//1893 1918//1918 1892//1892
f 1892//1892 1918//1918 1919//1919
f 1892//1892 1919//1919 1891//1891
f 1891//1891 1919//1919 1920//1920
f 1891//1891 1920//1920 1890//1890
f 1890//1890 1920//1920 1889//1889
o WFL_Material027_0
usemtl Material.027
v 172.52752429246902 65.03430531176967 229.06513595581282
v 172.52752429246902 52.25909271534604 230.32339208836765
v 113.59229779243469 52.259086754881565 230.32339208836862
v 113.59229779243469 65.0342993513052 229.06513595581382
v 172.52752429246902 52.25909271534604 230.32339208836765
v 172.52752429246902 39.97482637375661 234.04981091597688
v 113.59229779243469 39.974823393524375 234.0498109159774
v 113.59229779243469 52.259086754881565 230.32339208836862
v 172.52752429246902 39.97482637375661 234.04981091597688
v 172.52752429246902 28.653580735649946 240.10113855847666
v 113.59229779243469 28.653577755417707 240.10113855847715
v 113.59229779243469 39.974823393524375 234.0498109159774
v 172.52752429246902 28.653580735649946 240.10113855847666
v 172.52752429246902 18.730430926985356 248.24485722571544
v 113.59229779243469 18.73042496652088 248.2448572257164
v 113.59229779243469 28.653577755417707 240.10113855847715
v 172.52752429246902 18.730430926985356 248.24485722571544
v 172.52752429246902 10.586703572194054 258.16803054956745
v 113.59229779243469 10.586697611729576 258.16803054956847
v 113.59229779243469 18.73042496652088 248.2448572257164
v 172.52752429246902 10.586703572194054 258.16803054956745
v 172.52752429246902 4.53537961862272 269.4892662385174
v 113.59229779243469 4.5353736581582424 269.4892662385184
v 113.59229779243469 10.586697611729576 258.16803054956847
v 172.52752429246902 4.53537961862272 269.4892662385174
v 172.52752429246902 0.8089945960563938 281.77352336350987
v 113.59229779243469 0.8089886355919162 281.77352336351083
v 113.59229779243469 4.5353736581582424 269.4892662385184
v 172.52752429246902 0.8089945960563938 281.77352336350987
v 172.52752429246902 -0.4492573738028369 294.54875414829655
v 113.59229779243469 -0.4492573738028369 294.54875414829655
v 113.59229779243469 0.8089886355919162 281.77352336351083
v 172.52752429246902 -0.4492573738028369 294.54875414829655
v 172.52750045061111 0.8089927982825742 307.32393649522436
v 113.59228587150574 0.8089868378180967 307.3239364952253
v 113.59229779243469 -0.4492573738028369 294.54875414829655
v 172.52750045061111 0.8089927982825742 307.32393649522436
v 172.52750045061111 4.535393744503956 319.60823710948745
v 113.59228587150574 4.535387784039479 319.6082371094884
v 113.59228587150574 0.8089868378180967 307.3239364952253
v 172.52750045061111 4.535393744503956 319.60823710948745
v 172.52750045061111 10.586727347470145 330.92949466852207
v 113.59228587150574 10.586721387005667 330.92949466852303
v 113.59228587150574 4.535387784039479 319.6082371094884
v 172.52750045061111 10.586727347470145 330.92949466852207
v 172.52750045061111 18.73046389610576 340.85266533880946
v 113.59228587150574 18.730457935641283 340.8526653388104
v 113.59228587150574 10.586721387005667 330.92949466852303
v 172.52750045061111 18.73046389610576 340.85266533880946
v 172.52750045061111 28.653622318784947 348.99632116802945
v 113.59228587150574 28.65361933855271 348.9963211680299
v 113.59228587150574 18.730457935641283 340.8526653388104
v 172.52750045061111 28.653622318784947 348.99632116802945
v 172.52750045061111 39.97487886936831 355.0476928053132
v 113.59228587150574 39.97487588913607 355.04769280531366
v 113.59228587150574 28.65361933855271 348.9963211680299
v 172.52750045061111 39.97487886936831 355.0476928053132
v 172.52750045061111 52.25915238563322 358.77404802555446
v 113.59228587150574 52.259146425168744 358.77404802555543
v 113.59228587150574 39.97487588913607 355.04769280531366
v 172.52750045061111 52.25915238563322 358.77404802555446
v 172.52750045061111 65.034371828136 360.03227615355763
v 113.59228587150574 65.03436586767437 360.0322761535586
v 113.59228587150574 52.259146425168744 358.77404802555543
v 172.52750045061111 65.034371828136 360.03227615355763
v 172.52750045061111 77.80958935920467 358.7740438628599
v 113.59228587150574 77.80958339874019 358.7740438628609
v 113.59228587150574 65.03436586767437 360.0322761535586
v 172.52750045061111 77.80958935920467 358.7740438628599
v 172.52748852968216 90.09386166126633 355.04767271896554
v 113.59227395057678 90.09385570080185 355.0476727189665
v 113.59228587150574 77.80958339874019 358.7740438628609
v 172.52748852968216 90.09386166126633 355.04767271896554
v 172.52748852968216 101.4151132598297 348.99629739274894
v 113.59227395057678 101.4151132598297 348.99629739274894
v 113.59227395057678 90.09385570080185 355.0476727189665
v 172.52748852968216 101.4151132598297 348.99629739274894
v 172.52748852968216 111.33826008825915 340.85256084411725
v 113.59227395057678 111.33826008825915 340.85256084411725
v 113.59227395057678 101.4151132598297 348.99629739274894
v 172.52748852968216 111.33826008825915 340.85256084411725
v 172.52748852968216 119.48197552212149 330.92938752026714
v 113.59227395057678 119.48197552212149 330.92938752026714
v 113.59227395057678 111.33826008825915 340.85256084411725
v 172.52748852968216 119.48197552212149 330.92938752026714
v 172.52748852968216 125.53329947568895 319.6081279894593
v 113.59227395057678 125.53329947568895 319.6081279894593
v 113.59227395057678 119.48197552212149 330.92938752026714
v 172.52748852968216 125.53329947568895 319.6081279894593
v 172.52748852968216 129.2596785377908 307.32387086446784
v 113.59227395057678 129.2596785377908 307.32387086446784
v 113.59227395057678 125.53329947568895 319.6081279894593
v 172.52748852968216 129.2596785377908 307.32387086446784
v 172.52751237154007 130.51790666579208 294.5486399482005
v 113.59228587150574 130.51790666579208 294.5486399482005
v 113.59227395057678 129.2596785377908 307.32387086446784
v 172.52751237154007 130.51790666579208 294.5486399482005
v 172.52751237154007 129.2596386123055 281.7734100490443
v 113.59228587150574 129.2596386123055 281.7734100490443
v 113.59228587150574 130.51790666579208 294.5486399482005
v 172.52751237154007 129.2596386123055 281.7734100490443
v 172.52751237154007 125.53321978469845 269.4891571185
v 113.59228587150574 125.53321978469845 269.4891571185
v 113.59228587150574 129.2596386123055 281.7734100490443
v 172.52751237154007 125.53321978469845 269.4891571185
v 172.52751237154007 119.48188022126779 258.16789955946626
v 113.59228587150574 119.48188022126779 258.16789955946626
v 113.59228587150574 125.53321978469845 269.4891571185
v 172.52751237154007 119.48188022126779 258.16789955946626
v 172.52751237154007 111.33814367263994 248.24477657289475
v 113.59228587150574 111.33814367263994 248.24477657289475
v 113.59228587150574 119.48188022126779 258.16789955946626
v 172.52751237154007 111.33814367263994 248.24477657289475
v 172.52751237154007 101.41497034878694 240.101043257639
v 113.59228587150574 101.41497034878694 240.101043257639
v 113.59228587150574 111.33814367263994 248.24477657289475
v 172.52751237154007 101.41497034878694 240.101043257639
v 172.52751237154007 90.09369889705015 234.04971930407345
v 113.59228587150574 90.09369293658567 234.04971930407444
v 113.59228587150574 101.41497034878694 240.101043257639
v 172.52752429246902 77.80942836102136 230.32338792568962
v 172.52752429246902 65.03430531176967 229.06513595581282
v 113.59229779243469 65.0342993513052 229.06513595581382
v 113.59229779243469 77.80942240055688 230.3233879256906
v 172.52751237154007 90.09369889705015 234.04971930407345
v 172.52752429246902 77.80942836102136 230.32338792568962
v 113.59229779243469 77.80942240055688 230.3233879256906
v 113.59228587150574 90.09369293658567 234.04971930407444
v 172.52752429246902 18.730430926985356 248.24485722571544
v 176.36683827638626 22.243228258896004 251.75764149208462
v 176.36683827638626 14.717311865251055 260.9280110320015
v 172.52752429246902 10.586703572194054 258.16803054956745
v 172.52751237154007 90.09369889705015 234.04971930407345
v 176.3668263554573 88.19259608865117 238.63942031265503
v 176.36683827638626 76.84025316043495 235.19575784982374
v 172.52752429246902 77.80942836102136 230.32338792568962
v 176.36683827638626 22.243228258896004 251.75764149208462
v 176.36683827638626 28.214523873237084 257.72892920026743
v 176.36683827638626 21.73882323065296 265.6196077073805
v 176.36683827638626 14.717311865251055 260.9280110320015
v 176.3668263554573 88.19259608865117 238.63942031265503
v 176.3668263554573 84.96096614035052 246.44129333099102
v 176.36683827638626 75.19279553926623 243.47818113763793
v 176.36683827638626 76.84025316043495 235.19575784982374
v 172.52750045061111 28.653622318784947 348.99632116802945
v 176.3668263554573 31.41360280121995 344.8657188354369
v 176.3668263554573 41.87598465800341 350.4580156385891
v 172.52750045061111 39.97487886936831 355.0476928053132
v 172.52748852968216 125.53329947568895 319.6081279894593
v 176.36681443452835 120.94361038803657 317.7070266711745
v 176.36681443452835 124.38728477179575 306.3546770374338
v 172.52748852968216 129.2596785377908 307.32387086446784
v 172.52752429246902 77.80942836102136 230.32338792568962
v 176.36683827638626 76.84025316043495 235.19575784982374
v 176.36683827638626 65.0343069304952 234.03296852112027
v 172.52752429246902 65.03430531176967 229.06513595581282
v 172.52752429246902 10.586703572194054 258.16803054956745
v 176.36683827638626 14.717311865251055 260.9280110320015
v 176.36683827638626 9.125062745810602 271.39036755680314
v 172.52752429246902 4.53537961862272 269.4892662385174
v 172.52750045061111 39.97487886936831 355.0476928053132
v 176.3668263554573 41.87598465800341 350.4580156385891
v 176.3668263554573 53.22832311587127 353.9016781014211
v 172.52750045061111 52.25915238563322 358.77404802555446
v 172.52748852968216 129.2596785377908 307.32387086446784
v 176.36681443452835 124.38728477179575 306.3546770374338
v 176.3668263554573 125.55007410048466 294.5486415669282
v 172.52751237154007 130.51790666579208 294.5486399482005
v 172.52752429246902 4.53537961862272 269.4892662385174
v 176.36683827638626 9.125062745810602 271.39036755680314
v 176.36683827638626 5.681376441118601 282.7426933486879
v 172.52752429246902 0.8089945960563938 281.77352336350987
v 172.52750045061111 52.25915238563322 358.77404802555446
v 176.3668263554573 53.22832311587127 353.9016781014211
v 176.3668263554573 65.03437020942074 355.0644674301081
v 172.52750045061111 65.034371828136 360.03227615355763
v 172.52751237154007 130.51790666579208 294.5486399482005
v 176.3668263554573 125.55007410048466 294.5486415669282
v 176.3668263554573 124.38725708304335 282.74260695381986
v 172.52751237154007 129.2596386123055 281.7734100490443
v 172.52752429246902 0.8089945960563938 281.77352336350987
v 176.36683827638626 5.681376441118601 282.7426933486879
v 176.36683827638626 4.518581151969059 294.5487525295707
v 172.52752429246902 -0.4492573738028369 294.54875414829655
v 172.52750045061111 65.034371828136 360.03227615355763
v 176.3668263554573 65.03437020942074 355.0644674301081
v 176.3668263554573 76.84040512041807 353.90167425452466
v 172.52750045061111 77.80958935920467 358.7740438628599
v 172.52751237154007 129.2596386123055 281.7734100490443
v 176.3668263554573 124.38725708304335 282.74260695381986
v 176.3668263554573 120.94354323743272 271.39025993229325
v 172.52751237154007 125.53321978469845 269.4891571185
v 172.52752429246902 -0.4492573738028369 294.54875414829655
v 176.36683827638626 4.518581151969059 294.5487525295707
v 176.3668263554573 5.6813743275486175 306.3547634323067
v 172.52750045061111 0.8089927982825742 307.32393649522436
v 172.52750045061111 77.80958935920467 358.7740438628599
v 176.3668263554573 76.84040512041807 353.90167425452466
v 176.36681443452835 88.19274543642797 350.457996171702
v 172.52748852968216 90.09386166126633 355.04767271896554
v 172.52752429246902 65.03430531176967 229.06513595581282
v 176.36683827638626 65.0343069304952 234.03296852112027
v 176.36683827638626 53.22827248378427 235.19576169670364
v 172.52752429246902 52.25909271534604 230.32339208836765
v 172.52751237154007 125.53321978469845 269.4891571185
v 176.3668263554573 120.94354323743272 271.39025993229325
v 176.3668263554573 115.35127878799128 260.9278813878222
v 172.52751237154007 119.48188022126779 258.16789955946626
v 172.52750045061111 0.8089927982825742 307.32393649522436
v 176.3668263554573 5.6813743275486175 306.3547634323067
v 176.3668263554573 9.125082212694757 317.7071104538343
v 172.52750045061111 4.535393744503956 319.60823710948745
v 172.52748852968216 90.09386166126633 355.04767271896554
v 176.36681443452835 88.19274543642797 350.457996171702
v 176.36681443452835 98.65512547100928 344.86569595947344
v 172.52748852968216 101.4151132598297 348.99629739274894
v 172.52751237154007 119.48188022126779 258.16789955946626
v 176.3668263554573 115.35127878799128 260.9278813878222
v 176.3668263554573 107.8253594062698 251.7575679443409
v 172.52751237154007 111.33814367263994 248.24477657289475
v 172.52752429246902 52.25909271534604 230.32339208836765
v 176.36683827638626 53.22827248378427 235.19576169670364
v 176.36683827638626 41.8759366381305 238.6394874632414
v 172.52752429246902 39.97482637375661 234.04981091597688
v 172.52750045061111 4.535393744503956 319.60823710948745
v 176.3668263554573 9.125082212694757 317.7071104538343
v 176.3668263554573 14.71733474121114 328.16951284016517
v 172.52750045061111 10.586727347470145 330.92949466852207
v 172.52748852968216 101.4151132598297 348.99629739274894
v 176.36681443452835 98.65512547100928 344.86569595947344
v 176.36681443452835 107.82545679588402 337.33977657774903
v 172.52748852968216 111.33826008825915 340.85256084411725
v 172.52751237154007 111.33814367263994 248.24477657289475
v 176.3668263554573 107.8253594062698 251.7575679443409
v 176.3668263554573 98.65499582682028 244.23166943208844
v 172.52751237154007 101.41497034878694 240.101043257639
v 172.52752429246902 39.97482637375661 234.04981091597688
v 176.36683827638626 41.8759366381305 238.6394874632414
v 176.36683827638626 31.413565544238125 244.2317399917527
v 172.52752429246902 28.653580735649946 240.10113855847666
v 172.52750045061111 10.586727347470145 330.92949466852207
v 176.3668263554573 14.71733474121114 328.16951284016517
v 176.3668263554573 22.24325412293649 337.33985012550437
v 172.52750045061111 18.73046389610576 340.85266533880946
v 172.52748852968216 111.33826008825915 340.85256084411725
v 176.36681443452835 107.82545679588402 337.33977657774903
v 176.36681443452835 115.35136126860002 328.1694070378341
v 172.52748852968216 119.48197552212149 330.92938752026714
v 172.52751237154007 101.41497034878694 240.101043257639
v 176.3668263554573 98.65499582682028 244.23166943208844
v 176.3668263554573 88.19259608865117 238.63942031265503
v 172.52751237154007 90.09369889705015 234.04971930407345
v 172.52752429246902 28.653580735649946 240.10113855847666
v 176.36683827638626 31.413565544238125 244.2317399917527
v 176.36683827638626 22.243228258896004 251.75764149208462
v 172.52752429246902 18.730430926985356 248.24485722571544
v 172.52750045061111 18.73046389610576 340.85266533880946
v 176.3668263554573 22.24325412293649 337.33985012550437
v 176.3668263554573 31.41360280121995 344.8657188354369
v 172.52750045061111 28.653622318784947 348.99632116802945
v 172.52748852968216 119.48197552212149 330.92938752026714
v 176.36681443452835 115.35136126860002 328.1694070378341
v 176.36681443452835 120.94361038803657 317.7070266711745
v 172.52748852968216 125.53329947568895 319.6081279894593
v 176.36683827638626 13.963805689399223 284.3901628907846
v 173.58224040269852 21.034433727106595 285.7965921918952
v 173.58224040269852 20.172426819807477 294.5487474288987
v 176.36683827638626 12.963277816778898 294.54874977793963
v 176.36683827638626 65.03430968212461 242.47765922546563
v 176.36683827638626 65.0343069304952 234.03296852112027
v 176.36683827638626 16.926950665309732 274.62200942603033
v 176.36683827638626 9.125062745810602 271.39036755680314
v 176.36683827638626 13.963805689399223 284.3901628907846
v 176.36683827638626 5.681376441118601 282.7426933486879
v 176.36683827638626 12.963277816778898 294.54874977793963
v 176.36683827638626 4.518581151969059 294.5487525295707
v 176.3668263554573 13.963808999479077 304.7072882112189
v 176.3668263554573 5.6813743275486175 306.3547634323067
v 176.3668263554573 16.926960138497577 314.47548690405665
v 176.3668263554573 9.125082212694757 317.7071104538343
v 176.3668263554573 21.738844577887704 323.47786023270737
v 176.3668263554573 14.71733474121114 328.16951284016517
v 176.3668263554573 28.214547791584764 331.3685604716268
v 176.3668263554573 22.24325412293649 337.33985012550437
v 176.3668263554573 36.1052173579909 337.84419852933536
v 176.3668263554573 31.41360280121995 344.8657188354369
v 176.3668263554573 45.10762354700175 342.6561485807161
v 176.3668263554573 41.87598465800341 350.4580156385891
v 176.3668263554573 54.875798618429535 345.61923097174605
v 176.3668263554573 53.22832311587127 353.9016781014211
v 176.3668263554573 65.03436149732899 346.6197767257637
v 176.3668263554573 65.03437020942074 355.0644674301081
v 176.3668263554573 75.19292989932832 345.61922766166526
v 176.3668263554573 76.84040512041807 353.90167425452466
v 176.36681443452835 84.96109208433087 342.65613612729743
v 176.36681443452835 88.19274543642797 350.457996171702
v 176.36681443452835 93.9635026658724 337.8441771820953
v 176.36681443452835 98.65512547100928 344.86569595947344
v 176.36681443452835 101.85415522107458 331.3684650277093
v 176.36681443452835 107.82545679588402 337.33977657774903
v 176.36681443452835 108.32985288343035 323.47781036245465
v 176.36681443452835 115.35136126860002 328.1694070378341
v 176.36681443452835 113.14173140923417 314.4753848019459
v 176.36681443452835 120.94361038803657 317.7070266711745
v 176.36681443452835 116.10486148397959 304.70720749533615
v 176.36681443452835 124.38728477179575 306.3546770374338
v 176.3668263554573 117.1053833961393 294.54864431855833
v 176.3668263554573 125.55007410048466 294.5486415669282
v 176.3668263554573 116.10483433204183 284.39008217490573
v 176.3668263554573 124.38725708304335 282.74260695381986
v 176.3668263554573 113.14167127209826 274.6219073239278
v 176.3668263554573 120.94354323743272 271.39025993229325
v 176.3668263554573 108.3297838524759 265.6195339952776
v 176.3668263554573 115.35127878799128 260.9278813878222
v 176.36683827638626 54.87575366533462 243.47818444770417
v 176.36683827638626 53.22827248378427 235.19576169670364
v 176.3668263554573 101.85407169808602 257.72885759821753
v 176.3668263554573 107.8253594062698 251.7575679443409
v 176.36683827638626 45.10758104953185 246.44135346811186
v 176.36683827638626 41.8759366381305 238.6394874632414
v 176.3668263554573 93.9633872305148 251.25319569865349
v 176.3668263554573 98.65499582682028 244.23166943208844
v 176.36683827638626 36.10519132960434 251.2532408877369
v 176.36683827638626 31.413565544238125 244.2317399917527
v 176.36683827638626 12.963277816778898 294.54874977793963
v 173.58224040269852 20.172426819807477 294.5487474288987
v 173.58222848176956 21.034436578912995 303.3008551160893
v 176.3668263554573 13.963808999479077 304.7072882112189
v 176.3668263554573 13.963808999479077 304.7072882112189
v 173.58222848176956 21.034436578912995 303.3008551160893
v 173.58222848176956 23.587343628765097 311.7166252308687
v 176.3668263554573 16.926960138497577 314.47548690405665
v 176.3668263554573 16.926960138497577 314.47548690405665
v 173.58222848176956 23.587343628765097 311.7166252308687
v 173.58222848176956 27.733029730679483 319.47266554580347
v 176.3668263554573 21.738844577887704 323.47786023270737
v 176.3668263554573 21.738844577887704 323.47786023270737
v 173.58222848176956 27.733029730679483 319.47266554580347
v 173.58222848176956 33.31218652177132 326.2709081594876
v 176.3668263554573 28.214547791584764 331.3685604716268
v 176.3668263554573 28.214547791584764 331.3685604716268
v 173.58222848176956 33.31218652177132 326.2709081594876
v 173.58222848176956 40.1104056213899 331.8499941900931
v 176.3668263554573 36.1052173579909 337.84419852933536
v 176.3668263554573 36.1052173579909 337.84419852933536
v 173.58222848176956 40.1104056213899 331.8499941900931
v 173.58222848176956 47.86644430694109 335.99575823103953
v 176.3668263554573 45.10762354700175 342.6561485807161
v 176.3668263554573 45.10762354700175 342.6561485807161
v 173.58222848176956 47.86644430694109 335.99575823103953
v 173.58222848176956 56.282227919539125 338.5485969735742
v 176.3668263554573 54.875798618429535 345.61923097174605
v 176.3668263554573 54.875798618429535 345.61923097174605
v 173.58222848176956 56.282227919539125 338.5485969735742
v 173.58222848176956 65.03435914827755 339.4105979204128
v 176.3668263554573 65.03436149732899 346.6197767257637
v 176.3668263554573 65.03436149732899 346.6197767257637
v 173.58222848176956 65.03435914827755 339.4105979204128
v 173.58222848176956 73.78649084373322 338.5485941217678
v 176.3668263554573 75.19292989932832 345.61922766166526
v 176.3668263554573 75.19292989932832 345.61922766166526
v 173.58222848176956 73.78649084373322 338.5485941217678
v 173.5822165608406 82.20227213439327 335.99574667655867
v 176.36681443452835 84.96109208433087 342.65613612729743
v 176.36681443452835 84.96109208433087 342.65613612729743
v 173.5822165608406 82.20227213439327 335.99574667655867
v 173.5822165608406 89.95830648885043 331.8499801083748
v 176.36681443452835 93.9635026658724 337.8441771820953
v 176.36681443452835 93.9635026658724 337.8441771820953
v 173.5822165608406 89.95830648885043 331.8499801083748
v 173.5822165608406 96.75652079033071 326.2708382184488
v 176.36681443452835 101.85415522107458 331.3684650277093
v 176.36681443452835 101.85415522107458 331.3684650277093
v 173.5822165608406 96.75652079033071 326.2708382184488
v 173.5822165608406 102.33566046511244 319.4725937868474
v 176.36681443452835 108.32985288343035 323.47781036245465
v 176.36681443452835 108.32985288343035 323.47781036245465
v 173.5822165608406 102.33566046511244 319.4725937868474
v 173.5822165608406 106.48134105955907 311.71657298270327
v 176.36681443452835 113.14173140923417 314.4753848019459
v 176.36681443452835 113.14173140923417 314.4753848019459
v 173.5822165608406 106.48134105955907 311.71657298270327
v 173.5822165608406 109.0342394067367 303.3007781942246
v 176.36681443452835 116.10486148397959 304.70720749533615
v 176.36681443452835 116.10486148397959 304.70720749533615
v 173.5822165608406 109.0342394067367 303.3007781942246
v 173.58222848176956 109.89622843264625 294.5486466676002
v 176.3668263554573 117.1053833961393 294.54864431855833
v 176.3668263554573 117.1053833961393 294.54864431855833
v 173.58222848176956 109.89622843264625 294.5486466676002
v 173.58222848176956 109.03421271307239 285.7965152700344
v 176.3668263554573 116.10483433204183 284.39008217490573
v 176.3668263554573 116.10483433204183 284.39008217490573
v 173.58222848176956 109.03421271307239 285.7965152700344
v 173.58222848176956 106.48129374228745 277.38072131339896
v 176.3668263554573 113.14167127209826 274.6219073239278
v 176.3668263554573 113.14167127209826 274.6219073239278
v 173.58222848176956 106.48129374228745 277.38072131339896
v 173.58222848176956 102.33561062060919 269.62470484032167
v 176.3668263554573 108.3297838524759 265.6195339952776
v 176.36683827638626 65.03430968212461 242.47765922546563
v 173.58224040269852 65.0343120311671 249.68682014942317
v 173.58224040269852 56.2821867604662 250.54882394806705
v 176.36683827638626 54.87575366533462 243.47818444770417
v 176.3668263554573 108.3297838524759 265.6195339952776
v 173.58222848176956 102.33561062060919 269.62470484032167
v 173.58222848176956 96.75643296789946 262.8265099103568
v 176.3668263554573 101.85407169808602 257.72885759821753
v 176.36683827638626 54.87575366533462 243.47818444770417
v 173.58224040269852 56.2821867604662 250.54882394806705
v 173.58224040269852 47.86640397970169 253.10174291885016
v 176.36683827638626 45.10758104953185 246.44135346811186
v 176.3668263554573 101.85407169808602 257.72885759821753
v 173.58222848176956 96.75643296789946 262.8265099103568
v 173.58222848176956 89.95820492757639 257.24737619603684
v 176.3668263554573 93.9633872305148 251.25319569865349
v 176.36683827638626 45.10758104953185 246.44135346811186
v 173.58224040269852 47.86640397970169 253.10174291885016
v 173.58224040269852 40.11038154615795 257.2474141196005
v 176.36683827638626 36.10519132960434 251.2532408877369
v 176.3668263554573 93.9633872305148 251.25319569865349
v 173.58222848176956 89.95820492757639 257.24737619603684
v 173.58222848176956 82.20216028157236 253.10168368066513
v 176.3668263554573 84.96096614035052 246.44129333099102
v 176.36683827638626 36.10519132960434 251.2532408877369
v 173.58224040269852 40.11038154615795 257.2474141196005
v 173.58224040269852 33.31216426444932 262.8265798513849
v 176.36683827638626 28.214523873237084 257.72892920026743
v 176.3668263554573 84.96096614035052 246.44129333099102
v 173.58222848176956 82.20216028157236 253.10168368066513
v 173.58224040269852 73.7863721986221 250.5488210962733
v 176.36683827638626 75.19279553926623 243.47818113763793
v 176.36683827638626 28.214523873237084 257.72892920026743
v 173.58224040269852 33.31216426444932 262.8265798513849
v 173.58224040269852 27.733015648963097 269.62477659927185
v 176.36683827638626 21.73882323065296 265.6196077073805
v 176.36683827638626 75.19279553926623 243.47818113763793
v 173.58224040269852 73.7863721986221 250.5488210962733
v 173.58224040269852 65.0343120311671 249.68682014942317
v 176.36683827638626 65.03430968212461 242.47765922546563
v 176.36683827638626 21.73882323065296 265.6196077073805
v 173.58224040269852 27.733015648963097 269.62477659927185
v 173.58224040269852 23.58733207428812 277.38082124527443
v 176.36683827638626 16.926950665309732 274.62200942603033
v 176.36683827638626 16.926950665309732 274.62200942603033
v 173.58224040269852 23.58733207428812 277.38082124527443
v 173.58224040269852 21.034433727106595 285.7965921918952
v 176.36683827638626 13.963805689399223 284.3901628907846
v 113.59229779243469 52.259086754881565 230.32339208836862
v 113.59229779243469 39.974823393524375 234.0498109159774
v 113.59229779243469 28.653577755417707 240.10113855847715
v 113.59229779243469 18.73042496652088 248.2448572257164
v 113.59229779243469 10.586697611729576 258.16803054956847
v 113.59229779243469 4.5353736581582424 269.4892662385184
v 113.59229779243469 0.8089886355919162 281.77352336351083
v 113.59229779243469 -0.4492573738028369 294.54875414829655
v 113.59228587150574 0.8089868378180967 307.3239364952253
v 113.59228587150574 4.535387784039479 319.6082371094884
v 113.59228587150574 10.586721387005667 330.92949466852303
v 113.59228587150574 18.730457935641283 340.8526653388104
v 113.59228587150574 28.65361933855271 348.9963211680299
v 113.59228587150574 39.97487588913607 355.04769280531366
v 113.59228587150574 52.259146425168744 358.77404802555543
v 113.59228587150574 65.03436586767437 360.0322761535586
v 113.59228587150574 77.80958339874019 358.7740438628609
v 113.59227395057678 90.09385570080185 355.0476727189665
v 113.59227395057678 101.4151132598297 348.99629739274894
v 113.59227395057678 111.33826008825915 340.85256084411725
v 113.59227395057678 119.48197552212149 330.92938752026714
v 113.59227395057678 125.53329947568895 319.6081279894593
v 113.59227395057678 129.2596785377908 307.32387086446784
v 113.59228587150574 130.51790666579208 294.5486399482005
v 113.59228587150574 129.2596386123055 281.7734100490443
v 113.59228587150574 125.53321978469845 269.4891571185
v 113.59228587150574 119.48188022126779 258.16789955946626
v 113.59228587150574 111.33814367263994 248.24477657289475
v 113.59228587150574 101.41497034878694 240.101043257639
v 113.59228587150574 90.09369293658567 234.04971930407444
v 113.59229779243469 77.80942240055688 230.3233879256906
v 113.59229779243469 65.0342993513052 229.06513595581382
vn 1.0001935646425555e-8 -0.09801790174301084 -0.9951846516792235
vn 1.0001935646425555e-8 -0.09801790174301084 -0.9951846516792235
vn 1.0001935646425555e-8 -0.09801790174301084 -0.9951846516792235
vn 1.0001935646425555e-8 -0.09801790174301084 -0.9951846516792235
vn 2.462014385753094e-8 -0.29028661294472635 -0.9569397485448486
vn 2.462014385753094e-8 -0.29028661294472635 -0.9569397485448486
vn 2.462014385753094e-8 -0.29028661294472635 -0.9569397485448486
vn 2.462014385753094e-8 -0.29028661294472635 -0.9569397485448486
vn 2.4620161683327412e-8 -0.4713962875636498 -0.8819215044839352
vn 2.4620161683327412e-8 -0.4713962875636498 -0.8819215044839352
vn 2.4620161683327412e-8 -0.4713962875636498 -0.8819215044839352
vn 2.4620161683327412e-8 -0.4713962875636498 -0.8819215044839352
vn 4.924033078200798e-8 -0.6343932200828393 -0.7730105059524895
vn 4.924033078200798e-8 -0.6343932200828393 -0.7730105059524895
vn 4.924033078200798e-8 -0.6343932200828393 -0.7730105059524895
vn 4.924033078200798e-8 -0.6343932200828393 -0.7730105059524895
vn 1.4772069999337774e-7 -0.7730109495233907 -0.6343926795896403
vn 1.4772069999337774e-7 -0.7730109495233907 -0.6343926795896403
vn 1.4772069999337774e-7 -0.7730109495233907 -0.6343926795896403
vn 1.4772069999337774e-7 -0.7730109495233907 -0.6343926795896403
vn 9.848071979430198e-8 -0.8819213184272432 -0.4713966356514897
vn 9.848071979430198e-8 -0.8819213184272432 -0.4713966356514897
vn 9.848071979430198e-8 -0.8819213184272432 -0.4713966356514897
vn 9.848071979430198e-8 -0.8819213184272432 -0.4713966356514897
vn 9.848070729982758e-8 -0.9569404181699046 -0.29028440549364376
vn 9.848070729982758e-8 -0.9569404181699046 -0.29028440549364376
vn 9.848070729982758e-8 -0.9569404181699046 -0.29028440549364376
vn 9.848070729982758e-8 -0.9569404181699046 -0.29028440549364376
vn 0 -0.9951847372442577 -0.09801703298956593
vn 0 -0.9951847372442577 -0.09801703298956593
vn 0 -0.9951847372442577 -0.09801703298956593
vn 0 -0.9951847372442577 -0.09801703298956593
vn 9.848086177540116e-8 -0.995184713454785 0.09801727452805314
vn 9.848086177540116e-8 -0.995184713454785 0.09801727452805314
vn 9.848086177540116e-8 -0.995184713454785 0.09801727452805314
vn 9.848086177540116e-8 -0.995184713454785 0.09801727452805314
vn 9.848037675263117e-8 -0.9569403566977548 0.2902846081402944
vn 9.848037675263117e-8 -0.9569403566977548 0.2902846081402944
vn 9.848037675263117e-8 -0.9569403566977548 0.2902846081402944
vn 9.848037675263117e-8 -0.9569403566977548 0.2902846081402944
vn 1.969611024767981e-7 -0.8819214168997648 0.4713964514222317
vn 1.969611024767981e-7 -0.8819214168997648 0.4713964514222317
vn 1.969611024767981e-7 -0.8819214168997648 0.4713964514222317
vn 1.969611024767981e-7 -0.8819214168997648 0.4713964514222317
vn 4.924023428079779e-8 -0.773010500710976 0.6343932264696429
vn 4.924023428079779e-8 -0.773010500710976 0.6343932264696429
vn 4.924023428079779e-8 -0.773010500710976 0.6343932264696429
vn 4.924023428079779e-8 -0.773010500710976 0.6343932264696429
vn 4.924048013595954e-8 -0.6343897651894221 0.7730133412968417
vn 4.924048013595954e-8 -0.6343897651894221 0.7730133412968417
vn 4.924048013595954e-8 -0.6343897651894221 0.7730133412968417
vn 4.924048013595954e-8 -0.6343897651894221 0.7730133412968417
vn 0 -0.4713988217703012 0.8819201499192384
vn 0 -0.4713988217703012 0.8819201499192384
vn 0 -0.4713988217703012 0.8819201499192384
vn 0 -0.4713988217703012 0.8819201499192384
vn 1.8465127016332732e-8 -0.29028189780189 0.9569411788655209
vn 1.8465127016332732e-8 -0.29028189780189 0.9569411788655209
vn 1.8465127016332732e-8 -0.29028189780189 0.9569411788655209
vn 1.8465127016332732e-8 -0.29028189780189 0.9569411788655209
vn 1.000193404042475e-8 -0.0980155898351736 0.9951848793813453
vn 1.000193404042475e-8 -0.0980155898351736 0.9951848793813453
vn 1.000193404042475e-8 -0.0980155898351736 0.9951848793813453
vn 1.000193404042475e-8 -0.0980155898351736 0.9951848793813453
vn -1.0001936675743286e-8 0.0980159436235681 0.995184844536723
vn -1.0001936675743286e-8 0.0980159436235681 0.995184844536723
vn -1.0001936675743286e-8 0.0980159436235681 0.995184844536723
vn -1.0001936675743286e-8 0.0980159436235681 0.995184844536723
vn -2.4620161318018775e-8 0.29028308383944895 0.9569408190879198
vn -2.4620161318018775e-8 0.29028308383944895 0.9569408190879198
vn -2.4620161318018775e-8 0.29028308383944895 0.9569408190879198
vn -2.4620161318018775e-8 0.29028308383944895 0.9569408190879198
vn -2.4620104336033046e-8 0.4713991091363352 0.881919996317959
vn -2.4620104336033046e-8 0.4713991091363352 0.881919996317959
vn -2.4620104336033046e-8 0.4713991091363352 0.881919996317959
vn -2.4620104336033046e-8 0.4713991091363352 0.881919996317959
vn 0 0.6343941991614072 0.773009702442574
vn 0 0.6343941991614072 0.773009702442574
vn 0 0.6343941991614072 0.773009702442574
vn 0 0.6343941991614072 0.773009702442574
vn 0 0.7730112980597332 0.6343922548959803
vn 0 0.7730112980597332 0.6343922548959803
vn 0 0.7730112980597332 0.6343922548959803
vn 0 0.7730112980597332 0.6343922548959803
vn 0 0.8819217473786664 0.4713958331387326
vn 0 0.8819217473786664 0.4713958331387326
vn 0 0.8819217473786664 0.4713958331387326
vn 0 0.8819217473786664 0.4713958331387326
vn 0 0.9569405441158733 0.29028399030469526
vn 0 0.9569405441158733 0.29028399030469526
vn 0 0.9569405441158733 0.29028399030469526
vn 0 0.9569405441158733 0.29028399030469526
vn 0 0.9951848960967346 0.0980154201181216
vn 0 0.9951848960967346 0.0980154201181216
vn 0 0.9951848960967346 0.0980154201181216
vn 0 0.9951848960967346 0.0980154201181216
vn 0 0.9951845915109456 -0.09801851263507393
vn 0 0.9951845915109456 -0.09801851263507393
vn 0 0.9951845915109456 -0.09801851263507393
vn 0 0.9951845915109456 -0.09801851263507393
vn 0 0.9569396506898894 -0.29028693552675144
vn 0 0.9569396506898894 -0.29028693552675144
vn 0 0.9569396506898894 -0.29028693552675144
vn 0 0.9569396506898894 -0.29028693552675144
vn 0 0.8819212152413233 -0.47139682869878063
vn 0 0.8819212152413233 -0.47139682869878063
vn 0 0.8819212152413233 -0.47139682869878063
vn 0 0.8819212152413233 -0.47139682869878063
vn 0 0.7730090293557104 -0.6343950193172567
vn 0 0.7730090293557104 -0.6343950193172567
vn 0 0.7730090293557104 -0.6343950193172567
vn 0 0.7730090293557104 -0.6343950193172567
vn 0 0.6343929389743341 -0.7730107366521545
vn 0 0.6343929389743341 -0.7730107366521545
vn 0 0.6343929389743341 -0.7730107366521545
vn 0 0.6343929389743341 -0.7730107366521545
vn -2.4620110751884846e-8 0.4713954111022131 -0.8819219729611995
vn -2.4620110751884846e-8 0.4713954111022131 -0.8819219729611995
vn -2.4620110751884846e-8 0.4713954111022131 -0.8819219729611995
vn -2.4620110751884846e-8 0.4713954111022131 -0.8819219729611995
vn -1.0002005446230455e-8 0.0980182605879725 -0.9951846163357372
vn -1.0002005446230455e-8 0.0980182605879725 -0.9951846163357372
vn -1.0002005446230455e-8 0.0980182605879725 -0.9951846163357372
vn -1.0002005446230455e-8 0.0980182605879725 -0.9951846163357372
vn -3.0775228281302126e-8 0.29028026433545917 -0.9569416743654418
vn -3.0775228281302126e-8 0.29028026433545917 -0.9569416743654418
vn -3.0775228281302126e-8 0.29028026433545917 -0.9569416743654418
vn -3.0775228281302126e-8 0.29028026433545917 -0.9569416743654418
vn 0.7898130463184505 -0.47412434877174126 -0.38910339726985343
vn 0.7898130463184505 -0.47412434877174126 -0.38910339726985343
vn 0.7898130463184505 -0.47412434877174126 -0.38910339726985343
vn 0.7898130463184505 -0.47412434877174126 -0.38910339726985343
vn 0.789813046025055 0.17804404715728844 -0.5869375346665754
vn 0.789813046025055 0.17804404715728844 -0.5869375346665754
vn 0.789813046025055 0.17804404715728844 -0.5869375346665754
vn 0.789813046025055 0.17804404715728844 -0.5869375346665754
vn 1 7.074860963233027e-21 4.342518708445991e-14
vn 1 1.8033944078605798e-20 1.1069155981353392e-13
vn 0.9999999999999988 -8.180313517094737e-15 -5.021040649921743e-8
vn 0.9999999999999988 -8.1802915222948e-15 -5.0210271496097636e-8
vn 0.9999999999998569 5.168630761858171e-7 1.3807856297503657e-7
vn 0.9999999999998569 5.168633035595065e-7 1.380786482401278e-7
vn 0.9999999999998583 5.168635861577055e-7 1.281419354541537e-7
vn 0.9999999999998583 5.168630177234775e-7 1.2814169386971613e-7
vn 0.7898116609678549 -0.28913229472603114 0.5409251855346148
vn 0.7898116609678549 -0.28913229472603114 0.5409251855346148
vn 0.7898116609678549 -0.28913229472603114 0.5409251855346148
vn 0.7898116609678549 -0.28913229472603114 0.5409251855346148
vn 0.7898122163693614 0.5869383573953961 0.17804501535204895
vn 0.7898122163693614 0.5869383573953961 0.17804501535204895
vn 0.7898122163693614 0.5869383573953961 0.17804501535204895
vn 0.7898122163693614 0.5869383573953961 0.17804501535204895
vn 0.7898124490437045 0.060118877793526496 -0.6103949671060802
vn 0.7898124490437045 0.060118877793526496 -0.6103949671060802
vn 0.7898124490437045 0.060118877793526496 -0.6103949671060802
vn 0.7898124490437045 0.060118877793526496 -0.6103949671060802
vn 0.7898128132499878 -0.5409245622223917 -0.28913031319917626
vn 0.7898128132499878 -0.5409245622223917 -0.28913031319917626
vn 0.7898128132499878 -0.5409245622223917 -0.28913031319917626
vn 0.7898128132499878 -0.5409245622223917 -0.28913031319917626
vn 0.7898114368167849 -0.17804435864300236 0.5869396056058984
vn 0.7898114368167849 -0.17804435864300236 0.5869396056058984
vn 0.7898114368167849 -0.17804435864300236 0.5869396056058984
vn 0.7898114368167849 -0.17804435864300236 0.5869396056058984
vn 0.7898130595262634 0.6103941573379607 0.060119079246476304
vn 0.7898130595262634 0.6103941573379607 0.060119079246476304
vn 0.7898130595262634 0.6103941573379607 0.060119079246476304
vn 0.7898130595262634 0.6103941573379607 0.060119079246476304
vn 0.789812960205092 -0.5869372767667034 -0.1780452780439746
vn 0.789812960205092 -0.5869372767667034 -0.1780452780439746
vn 0.789812960205092 -0.5869372767667034 -0.1780452780439746
vn 0.789812960205092 -0.5869372767667034 -0.1780452780439746
vn 0.7898109441903722 -0.060118187492733434 0.6103969822744059
vn 0.7898109441903722 -0.060118187492733434 0.6103969822744059
vn 0.7898109441903722 -0.060118187492733434 0.6103969822744059
vn 0.7898109441903722 -0.060118187492733434 0.6103969822744059
vn 0.7898132275850845 0.6103938910181294 -0.06011957534263869
vn 0.7898132275850845 0.6103938910181294 -0.06011957534263869
vn 0.7898132275850845 0.6103938910181294 -0.06011957534263869
vn 0.7898132275850845 0.6103938910181294 -0.06011957534263869
vn 0.7898135789328623 -0.6103935481261044 -0.060118440925295266
vn 0.7898135789328623 -0.6103935481261044 -0.060118440925295266
vn 0.7898135789328623 -0.6103935481261044 -0.060118440925295266
vn 0.7898135789328623 -0.6103935481261044 -0.060118440925295266
vn 0.7898107546062079 0.06011840338034365 0.6103972063200902
vn 0.7898107546062079 0.06011840338034365 0.6103972063200902
vn 0.7898107546062079 0.06011840338034365 0.6103972063200902
vn 0.7898107546062079 0.06011840338034365 0.6103972063200902
vn 0.7898131217166183 0.5869367137464815 -0.17804641760150955
vn 0.7898131217166183 0.5869367137464815 -0.17804641760150955
vn 0.7898131217166183 0.5869367137464815 -0.17804641760150955
vn 0.7898131217166183 0.5869367137464815 -0.17804641760150955
vn 0.7898123878821617 -0.6103949463134725 0.060119892405517295
vn 0.7898123878821617 -0.6103949463134725 0.060119892405517295
vn 0.7898123878821617 -0.6103949463134725 0.060119892405517295
vn 0.7898123878821617 -0.6103949463134725 0.060119892405517295
vn 0.7898115245994293 0.17804580940636894 0.5869390473999461
vn 0.7898115245994293 0.17804580940636894 0.5869390473999461
vn 0.7898115245994293 0.17804580940636894 0.5869390473999461
vn 0.7898115245994293 0.17804580940636894 0.5869390473999461
vn 0.7898124120920037 -0.06011864173911562 -0.6103950381686067
vn 0.7898124120920037 -0.06011864173911562 -0.6103950381686067
vn 0.7898124120920037 -0.06011864173911562 -0.6103950381686067
vn 0.7898124120920037 -0.06011864173911562 -0.6103950381686067
vn 0.7898127298013417 0.5409246901001282 -0.2891303019121883
vn 0.7898127298013417 0.5409246901001282 -0.2891303019121883
vn 0.7898127298013417 0.5409246901001282 -0.2891303019121883
vn 0.7898127298013417 0.5409246901001282 -0.2891303019121883
vn 0.7898122826526239 -0.5869380063207201 0.17804587865859173
vn 0.7898122826526239 -0.5869380063207201 0.17804587865859173
vn 0.7898122826526239 -0.5869380063207201 0.17804587865859173
vn 0.7898122826526239 -0.5869380063207201 0.17804587865859173
vn 0.7898118152012824 0.2891323805588556 0.5409249144574729
vn 0.7898118152012824 0.2891323805588556 0.5409249144574729
vn 0.7898118152012824 0.2891323805588556 0.5409249144574729
vn 0.7898118152012824 0.2891323805588556 0.5409249144574729
vn 0.7898127127268846 0.47412356880681567 -0.38910502479007986
vn 0.7898127127268846 0.47412356880681567 -0.38910502479007986
vn 0.7898127127268846 0.47412356880681567 -0.38910502479007986
vn 0.7898127127268846 0.47412356880681567 -0.38910502479007986
vn 0.7898124387193849 -0.17804715649501002 -0.5869374086801585
vn 0.7898124387193849 -0.17804715649501002 -0.5869374086801585
vn 0.7898124387193849 -0.17804715649501002 -0.5869374086801585
vn 0.7898124387193849 -0.17804715649501002 -0.5869374086801585
vn 0.7898120258158968 -0.5409257519197239 0.28913023845089303
vn 0.7898120258158968 -0.5409257519197239 0.28913023845089303
vn 0.7898120258158968 -0.5409257519197239 0.28913023845089303
vn 0.7898120258158968 -0.5409257519197239 0.28913023845089303
vn 0.7898121943327868 0.3891050034413702 0.4741244498864399
vn 0.7898121943327868 0.3891050034413702 0.4741244498864399
vn 0.7898121943327868 0.3891050034413702 0.4741244498864399
vn 0.7898121943327868 0.3891050034413702 0.4741244498864399
vn 0.7898131736966283 0.38910310370900764 -0.4741243774994881
vn 0.7898131736966283 0.38910310370900764 -0.4741243774994881
vn 0.7898131736966283 0.38910310370900764 -0.4741243774994881
vn 0.7898131736966283 0.38910310370900764 -0.4741243774994881
vn 0.7898127128997363 -0.28913014671336607 -0.5409247977339052
vn 0.7898127128997363 -0.28913014671336607 -0.5409247977339052
vn 0.7898127128997363 -0.28913014671336607 -0.5409247977339052
vn 0.7898127128997363 -0.28913014671336607 -0.5409247977339052
vn 0.7898126728036052 -0.47412436146030545 0.38910413997885307
vn 0.7898126728036052 -0.47412436146030545 0.38910413997885307
vn 0.7898126728036052 -0.47412436146030545 0.38910413997885307
vn 0.7898126728036052 -0.47412436146030545 0.38910413997885307
vn 0.7898121943021287 0.47412550650474267 0.3891037160106258
vn 0.7898121943021287 0.47412550650474267 0.3891037160106258
vn 0.7898121943021287 0.47412550650474267 0.3891037160106258
vn 0.7898121943021287 0.47412550650474267 0.3891037160106258
vn 0.7898138576738785 0.2891287232580162 -0.5409238870797775
vn 0.7898138576738785 0.2891287232580162 -0.5409238870797775
vn 0.7898138576738785 0.2891287232580162 -0.5409238870797775
vn 0.7898138576738785 0.2891287232580162 -0.5409238870797775
vn 0.7898127299636025 -0.38910396039846123 -0.4741244136191197
vn 0.7898127299636025 -0.38910396039846123 -0.4741244136191197
vn 0.7898127299636025 -0.38910396039846123 -0.4741244136191197
vn 0.7898127299636025 -0.38910396039846123 -0.4741244136191197
vn 0.7898122564856718 -0.3891025856686104 0.47412633056076203
vn 0.7898122564856718 -0.3891025856686104 0.47412633056076203
vn 0.7898122564856718 -0.3891025856686104 0.47412633056076203
vn 0.7898122564856718 -0.3891025856686104 0.47412633056076203
vn 0.7898121283974177 0.5409257155329819 0.28913002630559237
vn 0.7898121283974177 0.5409257155329819 0.28913002630559237
vn 0.7898121283974177 0.5409257155329819 0.28913002630559237
vn 0.7898121283974177 0.5409257155329819 0.28913002630559237
vn 0.9322441767069696 0.36008749477615126 0.035465350721227334
vn 0.9322441767069696 0.36008749477615126 0.035465350721227334
vn 0.9322441767069696 0.36008749477615126 0.035465350721227334
vn 0.9322441767069696 0.36008749477615126 0.035465350721227334
vn 0.9999999999999993 -5.7090588296502324e-15 -3.504195333903178e-8
vn 0.9999999999999993 -5.70905593559761e-15 -3.5041935575463384e-8
vn 0.9999999999999988 8.180309465421064e-15 5.021038163022167e-8
vn 0.9999999999999988 8.180315253526312e-15 5.021041715735847e-8
vn 1 3.121260218708594e-20 1.9158158674932338e-13
vn 1 1.2577525939997426e-20 7.720030398370473e-14
vn 0.9999999999998725 5.294116087934521e-8 5.021043903220002e-7
vn 0.9999999999998725 5.2941171537514035e-8 5.02104560852255e-7
vn 0.999999999999846 5.294114774332143e-8 5.523144664188279e-7
vn 0.999999999999846 5.2941197481396284e-8 5.523149780095896e-7
vn 1 0 0
vn 1 0 0
vn 1 0 0
vn 1 0 0
vn 0.9999999999999988 -8.180333775463101e-15 -5.021053084419619e-8
vn 0.9999999999999988 -8.180311780663162e-15 -5.0210395841076394e-8
vn 0.9999999999999988 -8.180333775463101e-15 -5.021053084419619e-8
vn 0.9999999999999988 -8.18031756876841e-15 -5.0210431368213176e-8
vn 1 0 0
vn 1 0 0
vn 0.9999999999999999 3.1578336542822636e-15 1.938264482248516e-8
vn 0.9999999999999999 3.1578290237980663e-15 1.938261640077573e-8
vn 0.9999999999999994 5.202904074911234e-15 3.1935197597476435e-8
vn 0.9999999999999994 5.202902917290184e-15 3.193519049204908e-8
vn 0.9999999999998569 5.168635427848738e-7 -1.3807860349278671e-7
vn 0.9999999999998569 5.168637133151188e-7 -1.380786745470881e-7
vn 0.9999999999998552 5.168641091739618e-7 -1.5063133567990937e-7
vn 0.9999999999998552 5.16863370209549e-7 -1.5063113672782297e-7
vn 1 0 0
vn 1 0 0
vn 0.9999999999999988 -8.180311780663162e-15 -5.0210395841076394e-8
vn 0.9999999999999988 -8.180292101105324e-15 -5.0210275048811315e-8
vn 0.9999999999999988 -8.180313517094737e-15 -5.021040649921743e-8
vn 0.9999999999999988 -8.180297310400047e-15 -5.0210307023234424e-8
vn 1 0 0
vn 1 0 0
vn 0.999999999999846 -5.294073685009859e-8 5.523140857652443e-7
vn 0.999999999999846 -5.294071553386282e-8 5.523138015481466e-7
vn 0.9999999999998725 -5.2940709503343294e-8 5.021032707039691e-7
vn 0.9999999999998725 -5.294076989936471e-8 5.021039528250053e-7
vn 0.9999999999999988 -8.180295573968474e-15 -5.021029636509339e-8
vn 0.9999999999999988 -8.180315253526312e-15 -5.021041715735847e-8
vn 1 0 0
vn 1 0 0
vn 0.9999999999999988 8.180292101105324e-15 5.0210275048811315e-8
vn 0.9999999999999988 8.180321620442082e-15 5.021045623720893e-8
vn 1 0 0
vn 1 0 0
vn 1 -1.5953094144058032e-20 -9.79193939473753e-14
vn 1 2.4368951126776886e-20 1.4957555593414299e-13
vn 1 0 0
vn 1 0 0
vn 0.9999999999999972 -1.2270447412626363e-14 -7.531546941663571e-8
vn 0.9999999999999972 -1.2270445097384263e-14 -7.5315455205781e-8
vn 0.9999999999999988 8.180309465421064e-15 5.021038163022167e-8
vn 0.9999999999999988 8.180320462821033e-15 5.0210449131781576e-8
vn 0.9322442191037992 0.3600874697940391 -0.035464489914200883
vn 0.9322442191037992 0.3600874697940391 -0.035464489914200883
vn 0.9322442191037992 0.3600874697940391 -0.035464489914200883
vn 0.9322442191037992 0.3600874697940391 -0.035464489914200883
vn 0.932244185619165 0.3462494157400219 -0.10503390156970037
vn 0.932244185619165 0.3462494157400219 -0.10503390156970037
vn 0.932244185619165 0.3462494157400219 -0.10503390156970037
vn 0.932244185619165 0.3462494157400219 -0.10503390156970037
vn 0.9322442202587355 0.3191052121525025 -0.1705654635947401
vn 0.9322442202587355 0.3191052121525025 -0.1705654635947401
vn 0.9322442202587355 0.3191052121525025 -0.1705654635947401
vn 0.9322442202587355 0.3191052121525025 -0.1705654635947401
vn 0.9322442680424249 0.27969837233458256 -0.2295418158319496
vn 0.9322442680424249 0.27969837233458256 -0.2295418158319496
vn 0.9322442680424249 0.27969837233458256 -0.2295418158319496
vn 0.9322442680424249 0.27969837233458256 -0.2295418158319496
vn 0.9322443426762739 0.2295405663295519 -0.27969914901048654
vn 0.9322443426762739 0.2295405663295519 -0.27969914901048654
vn 0.9322443426762739 0.2295405663295519 -0.27969914901048654
vn 0.9322443426762739 0.2295405663295519 -0.27969914901048654
vn 0.932244304081287 0.1705673568080695 -0.3191039553178645
vn 0.932244304081287 0.1705673568080695 -0.3191039553178645
vn 0.932244304081287 0.1705673568080695 -0.3191039553178645
vn 0.932244304081287 0.1705673568080695 -0.3191039553178645
vn 0.9322442662530909 0.10503137712837439 -0.3462499644140828
vn 0.9322442662530909 0.10503137712837439 -0.3462499644140828
vn 0.9322442662530909 0.10503137712837439 -0.3462499644140828
vn 0.9322442662530909 0.10503137712837439 -0.3462499644140828
vn 0.932244418901439 0.035465626536445 -0.36008684058362317
vn 0.932244418901439 0.035465626536445 -0.36008684058362317
vn 0.932244418901439 0.035465626536445 -0.36008684058362317
vn 0.932244418901439 0.035465626536445 -0.36008684058362317
vn 0.9322444672148003 -0.03546572853689016 -0.36008670545681193
vn 0.9322444672148003 -0.03546572853689016 -0.36008670545681193
vn 0.9322444672148003 -0.03546572853689016 -0.36008670545681193
vn 0.9322444672148003 -0.03546572853689016 -0.36008670545681193
vn 0.9322441752949763 -0.10503076371224698 -0.34625039538260705
vn 0.9322441752949763 -0.10503076371224698 -0.34625039538260705
vn 0.9322441752949763 -0.10503076371224698 -0.34625039538260705
vn 0.9322441752949763 -0.10503076371224698 -0.34625039538260705
vn 0.9322443261844673 -0.17056745791952874 -0.3191038366985559
vn 0.9322443261844673 -0.17056745791952874 -0.3191038366985559
vn 0.9322443261844673 -0.17056745791952874 -0.3191038366985559
vn 0.9322443261844673 -0.17056745791952874 -0.3191038366985559
vn 0.9322441282648948 -0.22954264523253393 -0.279698157547163
vn 0.9322441282648948 -0.22954264523253393 -0.279698157547163
vn 0.9322441282648948 -0.22954264523253393 -0.279698157547163
vn 0.9322441282648948 -0.22954264523253393 -0.279698157547163
vn 0.9322441663408999 -0.2796984523816539 -0.22954213133685983
vn 0.9322441663408999 -0.2796984523816539 -0.22954213133685983
vn 0.9322441663408999 -0.2796984523816539 -0.22954213133685983
vn 0.9322441663408999 -0.2796984523816539 -0.22954213133685983
vn 0.9322442617625659 -0.31910534154102466 -0.17056499468165937
vn 0.9322442617625659 -0.31910534154102466 -0.17056499468165937
vn 0.9322442617625659 -0.31910534154102466 -0.17056499468165937
vn 0.9322442617625659 -0.31910534154102466 -0.17056499468165937
vn 0.9322441050478001 -0.34624979214059165 -0.10503337586797498
vn 0.9322441050478001 -0.34624979214059165 -0.10503337586797498
vn 0.9322441050478001 -0.34624979214059165 -0.10503337586797498
vn 0.9322441050478001 -0.34624979214059165 -0.10503337586797498
vn 0.9322441446622272 -0.3600877438396993 -0.03546366421321106
vn 0.9322441446622272 -0.3600877438396993 -0.03546366421321106
vn 0.9322441446622272 -0.3600877438396993 -0.03546366421321106
vn 0.9322441446622272 -0.3600877438396993 -0.03546366421321106
vn 0.932244173516141 -0.3600874454056648 0.03546593586005427
vn 0.932244173516141 -0.3600874454056648 0.03546593586005427
vn 0.932244173516141 -0.3600874454056648 0.03546593586005427
vn 0.932244173516141 -0.3600874454056648 0.03546593586005427
vn 0.9322439849956721 -0.3462498027339619 0.10503440648702651
vn 0.9322439849956721 -0.3462498027339619 0.10503440648702651
vn 0.9322439849956721 -0.3462498027339619 0.10503440648702651
vn 0.9322439849956721 -0.3462498027339619 0.10503440648702651
vn 0.9322439013466507 -0.3191058214511512 0.1705660667247806
vn 0.9322439013466507 -0.3191058214511512 0.1705660667247806
vn 0.9322439013466507 -0.3191058214511512 0.1705660667247806
vn 0.9322439013466507 -0.3191058214511512 0.1705660667247806
vn 0.9322443662216838 0.03546528592042328 0.3600870105162272
vn 0.9322443662216838 0.03546528592042328 0.3600870105162272
vn 0.9322443662216838 0.03546528592042328 0.3600870105162272
vn 0.9322443662216838 0.03546528592042328 0.3600870105162272
vn 0.9322440371861094 -0.27969810041869786 0.22954308474252855
vn 0.9322440371861094 -0.27969810041869786 0.22954308474252855
vn 0.9322440371861094 -0.27969810041869786 0.22954308474252855
vn 0.9322440371861094 -0.27969810041869786 0.22954308474252855
vn 0.9322443347667914 0.10503438251490131 0.3462488682796467
vn 0.9322443347667914 0.10503438251490131 0.3462488682796467
vn 0.9322443347667914 0.10503438251490131 0.3462488682796467
vn 0.9322443347667914 0.10503438251490131 0.3462488682796467
vn 0.9322441060262247 -0.22954147596084076 0.27969919126283477
vn 0.9322441060262247 -0.22954147596084076 0.27969919126283477
vn 0.9322441060262247 -0.22954147596084076 0.27969919126283477
vn 0.9322441060262247 -0.22954147596084076 0.27969919126283477
vn 0.9322440815939208 0.17056547094057345 0.31910561332563214
vn 0.9322440815939208 0.17056547094057345 0.31910561332563214
vn 0.9322440815939208 0.17056547094057345 0.31910561332563214
vn 0.9322440815939208 0.17056547094057345 0.31910561332563214
vn 0.9322440002552268 -0.17056573151950583 0.3191057116683252
vn 0.9322440002552268 -0.17056573151950583 0.3191057116683252
vn 0.9322440002552268 -0.17056573151950583 0.3191057116683252
vn 0.9322440002552268 -0.17056573151950583 0.3191057116683252
vn 0.9322441276748862 0.22954246627334732 0.27969830638178655
vn 0.9322441276748862 0.22954246627334732 0.27969830638178655
vn 0.9322441276748862 0.22954246627334732 0.27969830638178655
vn 0.9322441276748862 0.22954246627334732 0.27969830638178655
vn 0.9322442533577666 -0.10503138386131045 0.34624999709111626
vn 0.9322442533577666 -0.10503138386131045 0.34624999709111626
vn 0.9322442533577666 -0.10503138386131045 0.34624999709111626
vn 0.9322442533577666 -0.10503138386131045 0.34624999709111626
vn 0.9322442125970243 0.27969823976048486 0.22954220255595786
vn 0.9322442125970243 0.27969823976048486 0.22954220255595786
vn 0.9322442125970243 0.27969823976048486 0.22954220255595786
vn 0.9322442125970243 0.27969823976048486 0.22954220255595786
vn 0.9322443299110665 -0.035465426520362914 0.36008709067445793
vn 0.9322443299110665 -0.035465426520362914 0.36008709067445793
vn 0.9322443299110665 -0.035465426520362914 0.36008709067445793
vn 0.9322443299110665 -0.035465426520362914 0.36008709067445793
vn 0.932243948363026 0.3191060515334952 0.17056537929843119
vn 0.932243948363026 0.3191060515334952 0.17056537929843119
vn 0.932243948363026 0.3191060515334952 0.17056537929843119
vn 0.932243948363026 0.3191060515334952 0.17056537929843119
vn 0.9322440507046358 0.34624977962103276 0.10503389947154673
vn 0.9322440507046358 0.34624977962103276 0.10503389947154673
vn 0.9322440507046358 0.34624977962103276 0.10503389947154673
vn 0.9322440507046358 0.34624977962103276 0.10503389947154673
vn -0.9999999999999882 -1.1108128763471204e-7 -1.0576039566254237e-7
vn -0.9999999999999882 -1.1108128763471204e-7 -1.0576039566254237e-7
vn -0.9999999999999882 -1.1108128763471204e-7 -1.0576039566254237e-7
vn -0.9999999999999882 -1.1108128763471204e-7 -1.0576039566254237e-7
vn -0.9999999999999882 -1.1108128763471204e-7 -1.0576039566254237e-7
vn -0.9999999999999882 -1.1108128763471204e-7 -1.0576039566254237e-7
vn -0.9999999999999882 -1.1108128763471204e-7 -1.0576039566254237e-7
vn -0.9999999999999882 -1.1108128763471204e-7 -1.0576039566254237e-7
vn -0.9999999999999882 -1.1108128763471204e-7 -1.0576039566254237e-7
vn -0.9999999999999882 -1.1108128763471204e-7 -1.0576039566254237e-7
vn -0.9999999999999882 -1.1108128763471204e-7 -1.0576039566254237e-7
vn -0.9999999999999882 -1.1108128763471204e-7 -1.0576039566254237e-7
vn -0.9999999999999882 -1.1108128763471204e-7 -1.0576039566254237e-7
vn -0.9999999999999882 -1.1108128763471204e-7 -1.0576039566254237e-7
vn -0.9999999999999882 -1.1108128763471204e-7 -1.0576039566254237e-7
vn -0.9999999999999882 -1.1108128763471204e-7 -1.0576039566254237e-7
vn -0.9999999999999882 -1.1108128763471204e-7 -1.0576039566254237e-7
vn -0.9999999999999882 -1.1108128763471204e-7 -1.0576039566254237e-7
vn -0.9999999999999882 -1.1108128763471204e-7 -1.0576039566254237e-7
vn -0.9999999999999882 -1.1108128763471204e-7 -1.0576039566254237e-7
vn -0.9999999999999882 -1.1108128763471204e-7 -1.0576039566254237e-7
vn -0.9999999999999882 -1.1108128763471204e-7 -1.0576039566254237e-7
vn -0.9999999999999882 -1.1108128763471204e-7 -1.0576039566254237e-7
vn -0.9999999999999882 -1.1108128763471204e-7 -1.0576039566254237e-7
vn -0.9999999999999882 -1.1108128763471204e-7 -1.0576039566254237e-7
vn -0.9999999999999882 -1.1108128763471204e-7 -1.0576039566254237e-7
vn -0.9999999999999882 -1.1108128763471204e-7 -1.0576039566254237e-7
vn -0.9999999999999882 -1.1108128763471204e-7 -1.0576039566254237e-7
vn -0.9999999999999882 -1.1108128763471204e-7 -1.0576039566254237e-7
vn -0.9999999999999882 -1.1108128763471204e-7 -1.0576039566254237e-7
vn -0.9999999999999882 -1.1108128763471204e-7 -1.0576039566254237e-7
vn -0.9999999999999882 -1.1108128763471204e-7 -1.0576039566254237e-7
f 1921//1921 1922//1922 1923//1923
f 1921//1921 1923//1923 1924//1924
f 1925//1925 1926//1926 1927//1927
f 1925//1925 1927//1927 1928//1928
f 1929//1929 1930//1930 1931//1931
f 1929//1929 1931//1931 1932//1932
f 1933//1933 1934//1934 1935//1935
f 1933//1933 1935//1935 1936//1936
f 1937//1937 1938//1938 1939//1939
f 1937//1937 1939//1939 1940//1940
f 1941//1941 1942//1942 1943//1943
f 1941//1941 1943//1943 1944//1944
f 1945//1945 1946//1946 1947//1947
f 1945//1945 1947//1947 1948//1948
f 1949//1949 1950//1950 1951//1951
f 1949//1949 1951//1951 1952//1952
f 1953//1953 1954//1954 1955//1955
f 1953//1953 1955//1955 1956//1956
f 1957//1957 1958//1958 1959//1959
f 1957//1957 1959//1959 1960//1960
f 1961//1961 1962//1962 1963//1963
f 1961//1961 1963//1963 1964//1964
f 1965//1965 1966//1966 1967//1967
f 1965//1965 1967//1967 1968//1968
f 1969//1969 1970//1970 1971//1971
f 1969//1969 1971//1971 1972//1972
f 1973//1973 1974//1974 1975//1975
f 1973//1973 1975//1975 1976//1976
f 1977//1977 1978//1978 1979//1979
f 1977//1977 1979//1979 1980//1980
f 1981//1981 1982//1982 1983//1983
f 1981//1981 1983//1983 1984//1984
f 1985//1985 1986//1986 1987//1987
f 1985//1985 1987//1987 1988//1988
f 1989//1989 1990//1990 1991//1991
f 1989//1989 1991//1991 1992//1992
f 1993//1993 1994//1994 1995//1995
f 1993//1993 1995//1995 1996//1996
f 1997//1997 1998//1998 1999//1999
f 1997//1997 1999//1999 2000//2000
f 2001//2001 2002//2002 2003//2003
f 2001//2001 2003//2003 2004//2004
f 2005//2005 2006//2006 2007//2007
f 2005//2005 2007//2007 2008//2008
f 2009//2009 2010//2010 2011//2011
f 2009//2009 2011//2011 2012//2012
f 2013//2013 2014//2014 2015//2015
f 2013//2013 2015//2015 2016//2016
f 2017//2017 2018//2018 2019//2019
f 2017//2017 2019//2019 2020//2020
f 2021//2021 2022//2022 2023//2023
f 2021//2021 2023//2023 2024//2024
f 2025//2025 2026//2026 2027//2027
f 2025//2025 2027//2027 2028//2028
f 2029//2029 2030//2030 2031//2031
f 2029//2029 2031//2031 2032//2032
f 2033//2033 2034//2034 2035//2035
f 2033//2033 2035//2035 2036//2036
f 2037//2037 2038//2038 2039//2039
f 2037//2037 2039//2039 2040//2040
f 2041//2041 2042//2042 2043//2043
f 2041//2041 2043//2043 2044//2044
f 2045//2045 2046//2046 2047//2047
f 2045//2045 2047//2047 2048//2048
f 2049//2049 2050//2050 2051//2051
f 2049//2049 2051//2051 2052//2052
f 2053//2053 2054//2054 2055//2055
f 2053//2053 2055//2055 2056//2056
f 2057//2057 2058//2058 2059//2059
f 2057//2057 2059//2059 2060//2060
f 2061//2061 2062//2062 2063//2063
f 2061//2061 2063//2063 2064//2064
f 2065//2065 2066//2066 2067//2067
f 2065//2065 2067//2067 2068//2068
f 2069//2069 2070//2070 2071//2071
f 2069//2069 2071//2071 2072//2072
f 2073//2073 2074//2074 2075//2075
f 2073//2073 2075//2075 2076//2076
f 2077//2077 2078//2078 2079//2079
f 2077//2077 2079//2079 2080//2080
f 2081//2081 2082//2082 2083//2083
f 2081//2081 2083//2083 2084//2084
f 2085//2085 2086//2086 2087//2087
f 2085//2085 2087//2087 2088//2088
f 2089//2089 2090//2090 2091//2091
f 2089//2089 2091//2091 2092//2092
f 2093//2093 2094//2094 2095//2095
f 2093//2093 2095//2095 2096//2096
f 2097//2097 2098//2098 2099//2099
f 2097//2097 2099//2099 2100//2100
f 2101//2101 2102//2102 2103//2103
f 2101//2101 2103//2103 2104//2104
f 2105//2105 2106//2106 2107//2107
f 2105//2105 2107//2107 2108//2108
f 2109//2109 2110//2110 2111//2111
f 2109//2109 2111//2111 2112//2112
f 2113//2113 2114//2114 2115//2115
f 2113//2113 2115//2115 2116//2116
f 2117//2117 2118//2118 2119//2119
f 2117//2117 2119//2119 2120//2120
f 2121//2121 2122//2122 2123//2123
f 2121//2121 2123//2123 2124//2124
f 2125//2125 2126//2126 2127//2127
f 2125//2125 2127//2127 2128//2128
f 2129//2129 2130//2130 2131//2131
f 2129//2129 2131//2131 2132//2132
f 2133//2133 2134//2134 2135//2135
f 2133//2133 2135//2135 2136//2136
f 2137//2137 2138//2138 2139//2139
f 2137//2137 2139//2139 2140//2140
f 2141//2141 2142//2142 2143//2143
f 2141//2141 2143//2143 2144//2144
f 2145//2145 2146//2146 2147//2147
f 2145//2145 2147//2147 2148//2148
f 2149//2149 2150//2150 2151//2151
f 2149//2149 2151//2151 2152//2152
f 2153//2153 2154//2154 2155//2155
f 2153//2153 2155//2155 2156//2156
f 2157//2157 2158//2158 2159//2159
f 2157//2157 2159//2159 2160//2160
f 2161//2161 2162//2162 2163//2163
f 2161//2161 2163//2163 2164//2164
f 2165//2165 2166//2166 2167//2167
f 2165//2165 2167//2167 2168//2168
f 2169//2169 2170//2170 2171//2171
f 2169//2169 2171//2171 2172//2172
f 2173//2173 2174//2174 2175//2175
f 2173//2173 2175//2175 2176//2176
f 2177//2177 2178//2178 2179//2179
f 2177//2177 2179//2179 2180//2180
f 2181//2181 2182//2182 2183//2183
f 2181//2181 2183//2183 2184//2184
f 2185//2185 2186//2186 2187//2187
f 2185//2185 2187//2187 2188//2188
f 2064//2064 2063//2063 2189//2189
f 2064//2064 2189//2189 2190//2190
f 2060//2060 2059//2059 2191//2191
f 2060//2060 2191//2191 2192//2192
f 2192//2192 2191//2191 2193//2193
f 2192//2192 2193//2193 2194//2194
f 2194//2194 2193//2193 2195//2195
f 2194//2194 2195//2195 2196//2196
f 2196//2196 2195//2195 2197//2197
f 2196//2196 2197//2197 2198//2198
f 2198//2198 2197//2197 2199//2199
f 2198//2198 2199//2199 2200//2200
f 2200//2200 2199//2199 2201//2201
f 2200//2200 2201//2201 2202//2202
f 2202//2202 2201//2201 2203//2203
f 2202//2202 2203//2203 2204//2204
f 2204//2204 2203//2203 2205//2205
f 2204//2204 2205//2205 2206//2206
f 2206//2206 2205//2205 2207//2207
f 2206//2206 2207//2207 2208//2208
f 2208//2208 2207//2207 2209//2209
f 2208//2208 2209//2209 2210//2210
f 2210//2210 2209//2209 2211//2211
f 2210//2210 2211//2211 2212//2212
f 2212//2212 2211//2211 2213//2213
f 2212//2212 2213//2213 2214//2214
f 2214//2214 2213//2213 2215//2215
f 2214//2214 2215//2215 2216//2216
f 2216//2216 2215//2215 2217//2217
f 2216//2216 2217//2217 2218//2218
f 2218//2218 2217//2217 2219//2219
f 2218//2218 2219//2219 2220//2220
f 2220//2220 2219//2219 2221//2221
f 2220//2220 2221//2221 2222//2222
f 2222//2222 2221//2221 2223//2223
f 2222//2222 2223//2223 2224//2224
f 2224//2224 2223//2223 2225//2225
f 2224//2224 2225//2225 2226//2226
f 2226//2226 2225//2225 2227//2227
f 2226//2226 2227//2227 2228//2228
f 2228//2228 2227//2227 2229//2229
f 2228//2228 2229//2229 2230//2230
f 2230//2230 2229//2229 2231//2231
f 2230//2230 2231//2231 2232//2232
f 2232//2232 2231//2231 2233//2233
f 2232//2232 2233//2233 2234//2234
f 2190//2190 2189//2189 2235//2235
f 2190//2190 2235//2235 2236//2236
f 2234//2234 2233//2233 2237//2237
f 2234//2234 2237//2237 2238//2238
f 2236//2236 2235//2235 2239//2239
f 2236//2236 2239//2239 2240//2240
f 2238//2238 2237//2237 2241//2241
f 2238//2238 2241//2241 2242//2242
f 2240//2240 2239//2239 2243//2243
f 2240//2240 2243//2243 2244//2244
f 2242//2242 2241//2241 2062//2062
f 2242//2242 2062//2062 2061//2061
f 2244//2244 2243//2243 2058//2058
f 2244//2244 2058//2058 2057//2057
f 2245//2245 2246//2246 2247//2247
f 2245//2245 2247//2247 2248//2248
f 2249//2249 2250//2250 2251//2251
f 2249//2249 2251//2251 2252//2252
f 2253//2253 2254//2254 2255//2255
f 2253//2253 2255//2255 2256//2256
f 2257//2257 2258//2258 2259//2259
f 2257//2257 2259//2259 2260//2260
f 2261//2261 2262//2262 2263//2263
f 2261//2261 2263//2263 2264//2264
f 2265//2265 2266//2266 2267//2267
f 2265//2265 2267//2267 2268//2268
f 2269//2269 2270//2270 2271//2271
f 2269//2269 2271//2271 2272//2272
f 2273//2273 2274//2274 2275//2275
f 2273//2273 2275//2275 2276//2276
f 2277//2277 2278//2278 2279//2279
f 2277//2277 2279//2279 2280//2280
f 2281//2281 2282//2282 2283//2283
f 2281//2281 2283//2283 2284//2284
f 2285//2285 2286//2286 2287//2287
f 2285//2285 2287//2287 2288//2288
f 2289//2289 2290//2290 2291//2291
f 2289//2289 2291//2291 2292//2292
f 2293//2293 2294//2294 2295//2295
f 2293//2293 2295//2295 2296//2296
f 2297//2297 2298//2298 2299//2299
f 2297//2297 2299//2299 2300//2300
f 2301//2301 2302//2302 2303//2303
f 2301//2301 2303//2303 2304//2304
f 2305//2305 2306//2306 2307//2307
f 2305//2305 2307//2307 2308//2308
f 2309//2309 2310//2310 2311//2311
f 2309//2309 2311//2311 2312//2312
f 2313//2313 2314//2314 2315//2315
f 2313//2313 2315//2315 2316//2316
f 2317//2317 2318//2318 2319//2319
f 2317//2317 2319//2319 2320//2320
f 2321//2321 2322//2322 2323//2323
f 2321//2321 2323//2323 2324//2324
f 2325//2325 2326//2326 2327//2327
f 2325//2325 2327//2327 2328//2328
f 2329//2329 2330//2330 2331//2331
f 2329//2329 2331//2331 2332//2332
f 2333//2333 2334//2334 2335//2335
f 2333//2333 2335//2335 2336//2336
f 2337//2337 2338//2338 2339//2339
f 2337//2337 2339//2339 2340//2340
f 2341//2341 2342//2342 2343//2343
f 2341//2341 2343//2343 2344//2344
f 2345//2345 2346//2346 2347//2347
f 2345//2345 2347//2347 2348//2348
f 2349//2349 2350//2350 2351//2351
f 2349//2349 2351//2351 2352//2352
f 2353//2353 2354//2354 2355//2355
f 2353//2353 2355//2355 2356//2356
f 2357//2357 2358//2358 2359//2359
f 2357//2357 2359//2359 2360//2360
f 2361//2361 2362//2362 2363//2363
f 2361//2361 2363//2363 2364//2364
f 2365//2365 2366//2366 2367//2367
f 2365//2365 2367//2367 2368//2368
f 2385//2385 2383//2383 2384//2384
f 2383//2383 2385//2385 2386//2386
f 2383//2383 2386//2386 2382//2382
f 2382//2382 2386//2386 2381//2381
f 2381//2381 2386//2386 2387//2387
f 2381//2381 2387//2387 2380//2380
f 2380//2380 2387//2387 2388//2388
f 2380//2380 2388//2388 2379//2379
f 2379//2379 2388//2388 2389//2389
f 2379//2379 2389//2389 2378//2378
f 2378//2378 2389//2389 2390//2390
f 2378//2378 2390//2390 2377//2377
f 2377//2377 2390//2390 2391//2391
f 2377//2377 2391//2391 2376//2376
f 2376//2376 2391//2391 2392//2392
f 2376//2376 2392//2392 2375//2375
f 2375//2375 2392//2392 2393//2393
f 2375//2375 2393//2393 2374//2374
f 2374//2374 2393//2393 2394//2394
f 2374//2374 2394//2394 2373//2373
f 2373//2373 2394//2394 2395//2395
f 2373//2373 2395//2395 2372//2372
f 2372//2372 2395//2395 2396//2396
f 2372//2372 2396//2396 2371//2371
f 2371//2371 2396//2396 2397//2397
f 2371//2371 2397//2397 2370//2370
f 2370//2370 2397//2397 2398//2398
f 2370//2370 2398//2398 2369//2369
f 2369//2369 2398//2398 2399//2399
f 2369//2369 2399//2399 2400//2400
o WFL_Material031_0
usemtl Material.031
v 174.3663871884346 29.362568401540344 309.3244738282914
v 160.16376765817404 52.46347047285446 299.7557508713373
v 160.16376765817404 53.72085542456257 302.1081548883756
v 174.3663871884346 32.93059591253753 315.9997643083874
v 174.3663871884346 32.93059591253753 315.9997643083874
v 160.16376765817404 53.72085542456257 302.1081548883756
v 160.16376765817404 55.413013744267225 304.17004616847424
v 174.3663871884346 37.73234704889241 321.8507670537242
v 160.16376765817404 77.60519839720044 299.7557430499396
v 128.4847447872162 83.0204004892745 305.3102263711491
v 128.4847447872162 82.5255688396384 306.23598195256085
v 160.16376765817404 76.34781570211916 302.1081482217437
v 174.3663871884346 100.7060689695161 279.7728965578342
v 134.07404071092606 94.45303903481432 285.67445031334137
v 128.4847447872162 85.36191570976492 289.4401551596801
v 160.16376765817404 77.60518775983542 289.3416671985008
v 174.36639910936356 37.73233219230234 267.2467373982694
v 134.074052631855 41.25097595559528 275.0919731860364
v 134.074052631855 39.36129600474746 277.39454860529355
v 174.36639910936356 32.93058296243572 273.09767614310573
v 174.3663871884346 50.25862064979551 330.2204969160115
v 160.16376765817404 59.82731633548538 307.11961705879014
v 160.16376765817404 62.37982018155076 307.8938556465928
v 174.3663871884346 57.501748383596656 332.4176391714344
v 174.3663871884346 57.501748383596656 332.4176391714344
v 160.16376765817404 62.37982018155076 307.8938556465928
v 160.16376765817404 65.03434300355332 308.15532886981686
v 174.3663871884346 65.03435711143537 333.1595727205229
v 160.16376765817404 76.34781570211916 302.1081482217437
v 128.4847447872162 82.5255688396384 306.23598195256085
v 128.4847447872162 81.8596360780847 307.04741585316935
v 160.16376765817404 74.65566401472853 304.1700400532163
v 174.36637526750565 79.81009092948776 330.2204861410014
v 160.16376765817404 70.2413623846028 307.11961238189446
v 160.16376765817404 72.59377273462897 305.8621924124565
v 174.36637526750565 86.48539929096891 326.65240796605326
v 174.36637526750565 86.48539929096891 326.65240796605326
v 160.16376765817404 72.59377273462897 305.8621924124565
v 160.16376765817404 74.65566401472853 304.1700400532163
v 174.36637526750565 92.33634392178097 321.8506806715657
v 160.16376765817404 55.413013744267225 304.17004616847424
v 128.48475670814514 52.5356319838518 311.3740308978184
v 134.07404071092606 45.57758730700222 318.3320890177598
v 174.3663871884346 37.73234704889241 321.8507670537242
v 174.36639910936356 32.93058296243572 273.09767614310573
v 134.074052631855 39.36129600474746 277.39454860529355
v 134.074052631855 37.95713915181674 280.0215401060324
v 174.36639910936356 29.36255762652832 279.7729916276702
v 160.16376765817404 51.427730143075124 294.5487372446277
v 128.48475670814514 44.29912241473285 297.6081029729055
v 134.07404071092606 34.45896329655774 297.60810625245153
v 174.36639910936356 26.423487782484237 294.548745392045
v 174.36637526750565 100.7061035863899 309.32440260030944
v 160.16376765817404 77.60519839720044 299.7557430499396
v 160.16376765817404 78.37949658964689 297.2032332434
v 174.36637526750565 102.90329352552783 302.0812696510941
v 174.36637526750565 102.90329352552783 302.0812696510941
v 160.16376765817404 78.37949658964689 297.2032332434
v 160.16376765817404 78.64093405007921 294.5486806937248
v 174.3663871884346 103.64517939089845 294.5486487044491
v 174.3663871884346 37.73234704889241 321.8507670537242
v 134.07404071092606 45.57758730700222 318.3320890177598
v 134.07404071092606 47.880168686716296 320.2217227750069
v 174.3663871884346 43.58330516522278 326.652420916156
v 160.16376765817404 70.2413623846028 307.11961238189446
v 128.48475670814514 70.142880383885 314.87632245042954
v 128.48475670814514 69.13836335512347 315.1809992064362
v 160.16376765817404 67.68885953587504 307.8938547816405
v 174.3663871884346 100.7060689695161 279.7728965578342
v 160.16376765817404 77.60518775983542 289.3416671985008
v 160.16376765817404 76.34780429824343 286.98926318146215
v 174.3663871884346 97.13805039921951 273.0976299195947
v 174.3663871884346 97.13805039921951 273.0976299195947
v 160.16376765817404 76.34780429824343 286.98926318146215
v 160.16376765817404 74.6556400180743 284.92737190136455
v 174.3663871884346 92.33627542101837 267.24669869983546
v 160.16376765817404 78.64093405007921 294.5486806937248
v 128.4847447872162 85.76952389702808 291.48931509693443
v 134.07404071092606 95.60968599543153 291.48928797553003
v 174.3663871884346 103.64517939089845 294.5486487044491
v 174.3663871884346 43.58330516522278 326.652420916156
v 134.07404071092606 47.880168686716296 320.2217227750069
v 134.07404071092606 50.50716912815723 321.62591241049086
v 174.3663871884346 50.25862064979551 330.2204969160115
v 174.36639910936356 50.25858518460333 258.8769796125495
v 160.16376765817404 59.82730255362127 281.9778772135162
v 160.16376765817404 57.47490486957434 283.23524949923626
v 174.36639910936356 43.58328278357499 262.44498626192296
v 160.16376765817404 67.68885953587504 307.8938547816405
v 128.48475670814514 69.13836335512347 315.1809992064362
v 128.48475670814514 68.09370256523627 315.28392467723114
v 160.16376765817404 65.03434300355332 308.15532886981686
v 174.36639910936356 43.58328278357499 262.44498626192296
v 160.16376765817404 57.47490486957434 283.23524949923626
v 160.16376765817404 55.413007629014196 284.92742570033533
v 174.36639910936356 37.73233219230234 267.2467373982694
v 174.3663871884346 79.80998989917855 258.8769211538343
v 160.16376765817404 70.24133072134137 281.9778486947655
v 160.16376765817404 67.68882091480374 281.203562423248
v 174.36639910936356 72.56686365548963 256.6797550565532
v 174.36639910936356 72.56686365548963 256.6797550565532
v 160.16376765817404 67.68882091480374 281.203562423248
v 160.16376765817404 65.03432817589878 280.942113041877
v 174.36639910936356 65.03431406801671 255.93786919117096
v 174.36639910936356 26.423487782484237 294.548745392045
v 134.07404071092606 34.45896329655774 297.60810625245153
v 134.07404071092606 34.75092819124774 300.57245958002136
v 174.3663871884346 27.16538504298309 302.0813177531524
v 174.36639910936356 29.36255762652832 279.7729916276702
v 160.16376765817404 52.46346579596168 289.3417227036133
v 160.16376765817404 51.68917356397583 291.89420866829397
v 174.36639910936356 27.165382588551594 287.0161245768831
v 174.36639910936356 27.165382588551594 287.0161245768831
v 160.16376765817404 51.68917356397583 291.89420866829397
v 160.16376765817404 51.427730143075124 294.5487372446277
v 174.36639910936356 26.423487782484237 294.548745392045
v 174.3663871884346 27.16538504298309 302.0813177531524
v 134.07404071092606 34.75092819124774 300.57245958002136
v 134.07404071092606 35.61561025717107 303.4229200727823
v 174.3663871884346 29.362568401540344 309.3244738282914
v 174.3663871884346 65.03435711143537 333.1595727205229
v 134.07404071092606 68.09371776570664 325.12405548319805
v 134.07404071092606 71.05809493513773 324.83211145012984
v 174.3663871884346 72.56695944125941 332.41763671700005
v 160.16376765817404 59.82731633548538 307.11961705879014
v 128.48475670814514 54.27283338679713 312.53477146714835
v 128.48475670814514 53.34707184491991 312.0399338570487
v 160.16376765817404 57.47491153620437 305.8621978558639
v 173.58222848176956 21.034436578912995 303.3008551160893
v 174.3663871884346 27.16538504298309 302.0813177531524
v 174.3663871884346 29.362568401540344 309.3244738282914
v 173.58222848176956 23.587343628765097 311.7166252308687
v 173.58224040269852 20.172426819807477 294.5487474288987
v 174.36639910936356 26.423487782484237 294.548745392045
v 174.3663871884346 27.16538504298309 302.0813177531524
v 173.58222848176956 21.034436578912995 303.3008551160893
v 173.58224040269852 21.034433727106595 285.7965921918952
v 174.36639910936356 27.165382588551594 287.0161245768831
v 174.36639910936356 26.423487782484237 294.548745392045
v 173.58224040269852 20.172426819807477 294.5487474288987
v 173.58224040269852 23.58733207428812 277.38082124527443
v 174.36639910936356 29.36255762652832 279.7729916276702
v 174.36639910936356 27.165382588551594 287.0161245768831
v 173.58224040269852 21.034433727106595 285.7965921918952
v 173.58224040269852 27.733015648963097 269.62477659927185
v 174.36639910936356 32.93058296243572 273.09767614310573
v 174.36639910936356 29.36255762652832 279.7729916276702
v 173.58224040269852 23.58733207428812 277.38082124527443
v 173.58224040269852 73.7863721986221 250.5488210962733
v 174.36639910936356 72.56686365548963 256.6797550565532
v 174.36639910936356 65.03431406801671 255.93786919117096
v 173.58224040269852 65.0343120311671 249.68682014942317
v 173.58224040269852 33.31216426444932 262.8265798513849
v 174.36639910936356 37.73233219230234 267.2467373982694
v 174.36639910936356 32.93058296243572 273.09767614310573
v 173.58224040269852 27.733015648963097 269.62477659927185
v 173.58222848176956 82.20216028157236 253.10168368066513
v 174.3663871884346 79.80998989917855 258.8769211538343
v 174.36639910936356 72.56686365548963 256.6797550565532
v 173.58224040269852 73.7863721986221 250.5488210962733
v 173.58224040269852 40.11038154615795 257.2474141196005
v 174.36639910936356 43.58328278357499 262.44498626192296
v 174.36639910936356 37.73233219230234 267.2467373982694
v 173.58224040269852 33.31216426444932 262.8265798513849
v 173.58222848176956 89.95820492757639 257.24737619603684
v 174.3663871884346 86.48531134420799 262.444949469973
v 174.3663871884346 79.80998989917855 258.8769211538343
v 173.58222848176956 82.20216028157236 253.10168368066513
v 173.58224040269852 47.86640397970169 253.10174291885016
v 174.36639910936356 50.25858518460333 258.8769796125495
v 174.36639910936356 43.58328278357499 262.44498626192296
v 173.58224040269852 40.11038154615795 257.2474141196005
v 173.58222848176956 96.75643296789946 262.8265099103568
v 174.3663871884346 92.33627542101837 267.24669869983546
v 174.3663871884346 86.48531134420799 262.444949469973
v 173.58222848176956 89.95820492757639 257.24737619603684
v 173.58224040269852 56.2821867604662 250.54882394806705
v 174.36639910936356 57.501712202471644 256.6797575109779
v 174.36639910936356 50.25858518460333 258.8769796125495
v 173.58224040269852 47.86640397970169 253.10174291885016
v 173.58222848176956 102.33561062060919 269.62470484032167
v 174.3663871884346 97.13805039921951 273.0976299195947
v 174.3663871884346 92.33627542101837 267.24669869983546
v 173.58222848176956 96.75643296789946 262.8265099103568
v 173.58224040269852 65.0343120311671 249.68682014942317
v 174.36639910936356 65.03431406801671 255.93786919117096
v 174.36639910936356 57.501712202471644 256.6797575109779
v 173.58224040269852 56.2821867604662 250.54882394806705
v 173.58222848176956 106.48129374228745 277.38072131339896
v 174.3663871884346 100.7060689695161 279.7728965578342
v 174.3663871884346 97.13805039921951 273.0976299195947
v 173.58222848176956 102.33561062060919 269.62470484032167
v 173.58222848176956 109.03421271307239 285.7965152700344
v 174.3663871884346 102.90326722923065 287.01602879111283
v 174.3663871884346 100.7060689695161 279.7728965578342
v 173.58222848176956 106.48129374228745 277.38072131339896
v 173.58222848176956 109.89622843264625 294.5486466676002
v 174.3663871884346 103.64517939089845 294.5486487044491
v 174.3663871884346 102.90326722923065 287.01602879111283
v 173.58222848176956 109.03421271307239 285.7965152700344
v 173.5822165608406 109.0342394067367 303.3007781942246
v 174.36637526750565 102.90329352552783 302.0812696510941
v 174.3663871884346 103.64517939089845 294.5486487044491
v 173.58222848176956 109.89622843264625 294.5486466676002
v 173.5822165608406 106.48134105955907 311.71657298270327
v 174.36637526750565 100.7061035863899 309.32440260030944
v 174.36637526750565 102.90329352552783 302.0812696510941
v 173.5822165608406 109.0342394067367 303.3007781942246
v 173.5822165608406 102.33566046511244 319.4725937868474
v 174.36637526750565 97.13808719117922 315.9997180848724
v 174.36637526750565 100.7061035863899 309.32440260030944
v 173.5822165608406 106.48134105955907 311.71657298270327
v 173.5822165608406 96.75652079033071 326.2708382184488
v 174.36637526750565 92.33634392178097 321.8506806715657
v 174.36637526750565 97.13808719117922 315.9997180848724
v 173.5822165608406 102.33566046511244 319.4725937868474
v 173.5822165608406 89.95830648885043 331.8499801083748
v 174.36637526750565 86.48539929096891 326.65240796605326
v 174.36637526750565 92.33634392178097 321.8506806715657
v 173.5822165608406 96.75652079033071 326.2708382184488
v 173.5822165608406 82.20227213439327 335.99574667655867
v 174.36637526750565 79.81009092948776 330.2204861410014
v 174.36637526750565 86.48539929096891 326.65240796605326
v 173.5822165608406 89.95830648885043 331.8499801083748
v 173.58222848176956 73.78649084373322 338.5485941217678
v 174.3663871884346 72.56695944125941 332.41763671700005
v 174.36637526750565 79.81009092948776 330.2204861410014
v 173.5822165608406 82.20227213439327 335.99574667655867
v 173.58222848176956 65.03435914827755 339.4105979204128
v 174.3663871884346 65.03435711143537 333.1595727205229
v 174.3663871884346 72.56695944125941 332.41763671700005
v 173.58222848176956 73.78649084373322 338.5485941217678
v 173.58222848176956 56.282227919539125 338.5485969735742
v 174.3663871884346 57.501748383596656 332.4176391714344
v 174.3663871884346 65.03435711143537 333.1595727205229
v 173.58222848176956 65.03435914827755 339.4105979204128
v 173.58222848176956 47.86644430694109 335.99575823103953
v 174.3663871884346 50.25862064979551 330.2204969160115
v 174.3663871884346 57.501748383596656 332.4176391714344
v 173.58222848176956 56.282227919539125 338.5485969735742
v 173.58222848176956 40.1104056213899 331.8499941900931
v 174.3663871884346 43.58330516522278 326.652420916156
v 174.3663871884346 50.25862064979551 330.2204969160115
v 173.58222848176956 47.86644430694109 335.99575823103953
v 173.58222848176956 33.31218652177132 326.2709081594876
v 174.3663871884346 37.73234704889241 321.8507670537242
v 174.3663871884346 43.58330516522278 326.652420916156
v 173.58222848176956 40.1104056213899 331.8499941900931
v 173.58222848176956 27.733029730679483 319.47266554580347
v 174.3663871884346 32.93059591253753 315.9997643083874
v 174.3663871884346 37.73234704889241 321.8507670537242
v 173.58222848176956 33.31218652177132 326.2709081594876
v 173.58222848176956 23.587343628765097 311.7166252308687
v 174.3663871884346 29.362568401540344 309.3244738282914
v 174.3663871884346 32.93059591253753 315.9997643083874
v 173.58222848176956 27.733029730679483 319.47266554580347
v 134.07404071092606 45.57758730700222 318.3320890177598
v 128.48475670814514 52.5356319838518 311.3740308978184
v 128.48475670814514 53.34707184491991 312.0399338570487
v 134.07404071092606 47.880168686716296 320.2217227750069
v 134.07404071092606 47.880168686716296 320.2217227750069
v 128.48475670814514 53.34707184491991 312.0399338570487
v 128.48475670814514 54.27283338679713 312.53477146714835
v 134.07404071092606 50.50716912815723 321.62591241049086
v 134.07404071092606 68.09371776570664 325.12405548319805
v 128.48475670814514 68.09370256523627 315.28392467723114
v 128.48475670814514 69.13836335512347 315.1809992064362
v 134.07404071092606 71.05809493513773 324.83211145012984
v 134.07404071092606 71.05809493513773 324.83211145012984
v 128.48475670814514 69.13836335512347 315.1809992064362
v 128.48475670814514 70.142880383885 314.87632245042954
v 134.07404071092606 73.9085558004253 323.9674144830453
v 134.0740287899971 88.81769419802355 314.00544488379967
v 128.4847447872162 81.8596360780847 307.04741585316935
v 128.4847447872162 82.5255688396384 306.23598195256085
v 134.0740287899971 90.70737116863525 311.7028456226851
v 134.0740287899971 90.70737116863525 311.7028456226851
v 128.4847447872162 82.5255688396384 306.23598195256085
v 128.4847447872162 83.0204004892745 305.3102263711491
v 134.0740287899971 92.11152504133761 309.07587796380466
v 134.07404071092606 95.60968599543153 291.48928797553003
v 128.4847447872162 85.76952389702808 291.48931509693443
v 128.4847447872162 85.66664014948151 290.444636425647
v 134.07404071092606 95.31771216004094 288.5249108061038
v 134.07404071092606 95.31771216004094 288.5249108061038
v 128.4847447872162 85.66664014948151 290.444636425647
v 128.4847447872162 85.36191570976492 289.4401551596801
v 134.07404071092606 94.45303903481432 285.67445031334137
v 134.074052631855 61.97495313297024 263.9733625866379
v 128.48475670814514 61.97495641251555 273.81351723446465
v 128.48475670814514 60.930295622624456 273.91641886340176
v 134.074052631855 59.01057596353916 264.2653066197061
v 134.074052631855 59.01057596353916 264.2653066197061
v 128.48475670814514 60.930295622624456 273.91641886340176
v 128.48475670814514 59.92578455433518 274.2211433031232
v 134.074052631855 56.160115843309654 265.13000358679056
v 134.07404071092606 84.49103814313304 270.7653290520836
v 128.48475670814514 77.53300389709628 277.72338717202325
v 128.48475670814514 76.72156999648489 277.05743652907614
v 134.07404071092606 82.1884508029467 268.87564761112156
v 134.07404071092606 82.1884508029467 268.87564761112156
v 128.48475670814514 76.72156999648489 277.05743652907614
v 128.48475670814514 75.79580249414319 276.5625989189775
v 134.07404071092606 79.5614533417419 267.4714818174951
v 134.074052631855 41.25097595559528 275.0919731860364
v 128.48475670814514 48.20902513483741 282.0500022166682
v 128.48475670814514 47.543092373291486 282.86148380099246
v 134.074052631855 39.36129600474746 277.39454860529355
v 134.074052631855 39.36129600474746 277.39454860529355
v 128.48475670814514 47.543092373291486 282.86148380099246
v 128.48475670814514 47.04826072365539 283.78723938240427
v 134.074052631855 37.95713915181674 280.0215401060324
v 134.07404071092606 34.45896329655774 297.60810625245153
v 128.48475670814514 44.29912241473285 297.6081029729055
v 128.48475670814514 44.402012122736124 298.65273396047616
v 134.07404071092606 34.75092819124774 300.57245958002136
v 134.07404071092606 34.75092819124774 300.57245958002136
v 128.48475670814514 44.402012122736124 298.65273396047616
v 128.48475670814514 44.70673060199601 299.65726291015983
v 134.07404071092606 35.61561025717107 303.4229200727823
v 174.3663871884346 50.25862064979551 330.2204969160115
v 134.07404071092606 50.50716912815723 321.62591241049086
v 128.48475670814514 54.27283338679713 312.53477146714835
v 160.16376765817404 59.82731633548538 307.11961705879014
v 174.3663871884346 86.48531134420799 262.444949469973
v 134.07404071092606 82.1884508029467 268.87564761112156
v 134.07404071092606 79.5614533417419 267.4714818174951
v 174.3663871884346 79.80998989917855 258.8769211538343
v 160.16376765817404 78.3794897642272 291.89417600768326
v 128.4847447872162 85.66664014948151 290.444636425647
v 128.4847447872162 85.76952389702808 291.48931509693443
v 160.16376765817404 78.64093405007921 294.5486806937248
v 160.16376765817404 77.60518775983542 289.3416671985008
v 128.4847447872162 85.36191570976492 289.4401551596801
v 128.4847447872162 85.66664014948151 290.444636425647
v 160.16376765817404 78.3794897642272 291.89417600768326
v 174.3663871884346 92.33627542101837 267.24669869983546
v 134.07404071092606 84.49103814313304 270.7653290520836
v 134.07404071092606 82.1884508029467 268.87564761112156
v 174.3663871884346 86.48531134420799 262.444949469973
v 160.16376765817404 62.37981136280185 281.2035632881954
v 128.48475670814514 60.930295622624456 273.91641886340176
v 128.48475670814514 61.97495641251555 273.81351723446465
v 160.16376765817404 65.03432817589878 280.942113041877
v 174.36639910936356 57.501712202471644 256.6797575109779
v 134.074052631855 59.01057596353916 264.2653066197061
v 134.074052631855 56.160115843309654 265.13000358679056
v 174.36639910936356 50.25858518460333 258.8769796125495
v 160.16376765817404 74.6556400180743 284.92737190136455
v 128.48475670814514 77.53300389709628 277.72338717202325
v 134.07404071092606 84.49103814313304 270.7653290520836
v 174.3663871884346 92.33627542101837 267.24669869983546
v 160.16376765817404 65.03434300355332 308.15532886981686
v 128.48475670814514 68.09370256523627 315.28392467723114
v 134.07404071092606 68.09371776570664 325.12405548319805
v 174.3663871884346 65.03435711143537 333.1595727205229
v 160.16376765817404 59.82730255362127 281.9778772135162
v 128.48475670814514 59.92578455433518 274.2211433031232
v 128.48475670814514 60.930295622624456 273.91641886340176
v 160.16376765817404 62.37981136280185 281.2035632881954
v 174.36639910936356 50.25858518460333 258.8769796125495
v 134.074052631855 56.160115843309654 265.13000358679056
v 128.48475670814514 59.92578455433518 274.2211433031232
v 160.16376765817404 59.82730255362127 281.9778772135162
v 160.16376765817404 65.03432817589878 280.942113041877
v 128.48475670814514 61.97495641251555 273.81351723446465
v 134.074052631855 61.97495313297024 263.9733625866379
v 174.36639910936356 65.03431406801671 255.93786919117096
v 160.16376765817404 72.59374222613715 283.23522021397486
v 128.48475670814514 76.72156999648489 277.05743652907614
v 128.48475670814514 77.53300389709628 277.72338717202325
v 160.16376765817404 74.6556400180743 284.92737190136455
v 174.36639910936356 65.03431406801671 255.93786919117096
v 134.074052631855 61.97495313297024 263.9733625866379
v 134.074052631855 59.01057596353916 264.2653066197061
v 174.36639910936356 57.501712202471644 256.6797575109779
v 160.16376765817404 70.24133072134137 281.9778486947655
v 128.48475670814514 75.79580249414319 276.5625989189775
v 128.48475670814514 76.72156999648489 277.05743652907614
v 160.16376765817404 72.59374222613715 283.23522021397486
v 160.16376765817404 53.720849981159084 286.989317531809
v 128.48475670814514 47.543092373291486 282.86148380099246
v 128.48475670814514 48.20902513483741 282.0500022166682
v 160.16376765817404 55.413007629014196 284.92742570033533
v 174.3663871884346 102.90326722923065 287.01602879111283
v 134.07404071092606 95.31771216004094 288.5249108061038
v 134.07404071092606 94.45303903481432 285.67445031334137
v 174.3663871884346 100.7060689695161 279.7728965578342
v 174.36637526750565 79.81009092948776 330.2204861410014
v 134.07404071092606 73.9085558004253 323.9674144830453
v 128.48475670814514 70.142880383885 314.87632245042954
v 160.16376765817404 70.2413623846028 307.11961238189446
v 160.16376765817404 52.46346579596168 289.3417227036133
v 128.48475670814514 47.04826072365539 283.78723938240427
v 128.48475670814514 47.543092373291486 282.86148380099246
v 160.16376765817404 53.720849981159084 286.989317531809
v 174.3663871884346 103.64517939089845 294.5486487044491
v 134.07404071092606 95.60968599543153 291.48928797553003
v 134.07404071092606 95.31771216004094 288.5249108061038
v 174.3663871884346 102.90326722923065 287.01602879111283
v 174.3663871884346 79.80998989917855 258.8769211538343
v 134.07404071092606 79.5614533417419 267.4714818174951
v 128.48475670814514 75.79580249414319 276.5625989189775
v 160.16376765817404 70.24133072134137 281.9778486947655
v 160.16376765817404 55.413007629014196 284.92742570033533
v 128.48475670814514 48.20902513483741 282.0500022166682
v 134.074052631855 41.25097595559528 275.0919731860364
v 174.36639910936356 37.73233219230234 267.2467373982694
v 160.16376765817404 51.689174428927146 297.2032420621538
v 128.48475670814514 44.402012122736124 298.65273396047616
v 128.48475670814514 44.29912241473285 297.6081029729055
v 160.16376765817404 51.427730143075124 294.5487372446277
v 174.36637526750565 97.13808719117922 315.9997180848724
v 134.0740287899971 90.70737116863525 311.7028456226851
v 134.0740287899971 92.11152504133761 309.07587796380466
v 174.36637526750565 100.7061035863899 309.32440260030944
v 160.16376765817404 74.65566401472853 304.1700400532163
v 128.4847447872162 81.8596360780847 307.04741585316935
v 134.0740287899971 88.81769419802355 314.00544488379967
v 174.36637526750565 92.33634392178097 321.8506806715657
v 160.16376765817404 52.46347047285446 299.7557508713373
v 128.48475670814514 44.70673060199601 299.65726291015983
v 128.48475670814514 44.402012122736124 298.65273396047616
v 160.16376765817404 51.689174428927146 297.2032420621538
v 174.36637526750565 92.33634392178097 321.8506806715657
v 134.0740287899971 88.81769419802355 314.00544488379967
v 134.0740287899971 90.70737116863525 311.7028456226851
v 174.36637526750565 97.13808719117922 315.9997180848724
v 174.3663871884346 29.362568401540344 309.3244738282914
v 134.07404071092606 35.61561025717107 303.4229200727823
v 128.48475670814514 44.70673060199601 299.65726291015983
v 160.16376765817404 52.46347047285446 299.7557508713373
v 160.16376765817404 57.47491153620437 305.8621978558639
v 128.48475670814514 53.34707184491991 312.0399338570487
v 128.48475670814514 52.5356319838518 311.3740308978184
v 160.16376765817404 55.413013744267225 304.17004616847424
v 174.3663871884346 72.56695944125941 332.41763671700005
v 134.07404071092606 71.05809493513773 324.83211145012984
v 134.07404071092606 73.9085558004253 323.9674144830453
v 174.36637526750565 79.81009092948776 330.2204861410014
v 174.36639910936356 29.36255762652832 279.7729916276702
v 134.074052631855 37.95713915181674 280.0215401060324
v 128.48475670814514 47.04826072365539 283.78723938240427
v 160.16376765817404 52.46346579596168 289.3417227036133
v 174.36637526750565 100.7061035863899 309.32440260030944
v 134.0740287899971 92.11152504133761 309.07587796380466
v 128.4847447872162 83.0204004892745 305.3102263711491
v 160.16376765817404 77.60519839720044 299.7557430499396
v 160.16376765817404 65.03432817589878 280.942113041877
v 160.16376765817404 67.68882091480374 281.203562423248
v 160.16376765817404 70.24133072134137 281.9778486947655
v 160.16376765817404 72.59374222613715 283.23522021397486
v 160.16376765817404 74.6556400180743 284.92737190136455
v 160.16376765817404 76.34780429824343 286.98926318146215
v 160.16376765817404 77.60518775983542 289.3416671985008
v 160.16376765817404 78.3794897642272 291.89417600768326
v 160.16376765817404 78.64093405007921 294.5486806937248
v 160.16376765817404 78.37949658964689 297.2032332434
v 160.16376765817404 77.60519839720044 299.7557430499396
v 160.16376765817404 76.34781570211916 302.1081482217437
v 160.16376765817404 74.65566401472853 304.1700400532163
v 160.16376765817404 72.59377273462897 305.8621924124565
v 160.16376765817404 70.2413623846028 307.11961238189446
v 160.16376765817404 67.68885953587504 307.8938547816405
v 160.16376765817404 65.03434300355332 308.15532886981686
v 160.16376765817404 62.37982018155076 307.8938556465928
v 160.16376765817404 59.82731633548538 307.11961705879014
v 160.16376765817404 57.47491153620437 305.8621978558639
v 160.16376765817404 55.413013744267225 304.17004616847424
v 160.16376765817404 53.72085542456257 302.1081548883756
v 160.16376765817404 52.46347047285446 299.7557508713373
v 160.16376765817404 51.689174428927146 297.2032420621538
v 160.16376765817404 51.427730143075124 294.5487372446277
v 160.16376765817404 51.68917356397583 291.89420866829397
v 160.16376765817404 52.46346579596168 289.3417227036133
v 160.16376765817404 53.720849981159084 286.989317531809
v 160.16376765817404 55.413007629014196 284.92742570033533
v 160.16376765817404 57.47490486957434 283.23524949923626
v 160.16376765817404 59.82730255362127 281.9778772135162
v 160.16376765817404 62.37981136280185 281.2035632881954
vn 0.8684944558621567 0.4371672512272946 -0.2336710820599503
vn 0.8684944558621567 0.4371672512272946 -0.2336710820599503
vn 0.8684944558621567 0.4371672512272946 -0.2336710820599503
vn 0.8684944558621567 0.4371672512272946 -0.2336710820599503
vn 0.8684943724453726 0.3831813966415485 -0.3144670766527883
vn 0.8684943724453726 0.3831813966415485 -0.3144670766527883
vn 0.8684943724453726 0.3831813966415485 -0.3144670766527883
vn 0.8684943724453726 0.3831813966415485 -0.3144670766527883
vn 0.22729888194602446 0.8588368344037409 0.4590582862093315
vn 0.22729888194602446 0.8588368344037409 0.4590582862093315
vn 0.22729888194602446 0.8588368344037409 0.4590582862093315
vn 0.22729888194602446 0.8588368344037409 0.4590582862093315
vn 0.08521712226882916 0.33612438057606 0.9379543927369706
vn 0.08521712226882916 0.33612438057606 0.9379543927369706
vn 0.08521712226882916 0.33612438057606 0.9379543927369706
vn 0.08521712226882916 0.33612438057606 0.9379543927369706
vn 0.18763390274481678 0.7592805483954642 0.6231264457307455
vn 0.18763390274481678 0.7592805483954642 0.6231264457307455
vn 0.18763390274481678 0.7592805483954642 0.6231264457307455
vn 0.18763390274481678 0.7592805483954642 0.6231264457307455
vn 0.8684942234769987 0.1438896547494513 -0.4743559328638872
vn 0.8684942234769987 0.1438896547494513 -0.4743559328638872
vn 0.8684942234769987 0.1438896547494513 -0.4743559328638872
vn 0.8684942234769987 0.1438896547494513 -0.4743559328638872
vn 0.868494355114536 0.04858995929393398 -0.4933118394991142
vn 0.868494355114536 0.04858995929393398 -0.4933118394991142
vn 0.868494355114536 0.04858995929393398 -0.4933118394991142
vn 0.868494355114536 0.04858995929393398 -0.4933118394991142
vn 0.2272985171840619 0.7527760917014716 0.617789235782386
vn 0.2272985171840619 0.7527760917014716 0.617789235782386
vn 0.2272985171840619 0.7527760917014716 0.617789235782386
vn 0.2272985171840619 0.7527760917014716 0.617789235782386
vn 0.8684942343684487 -0.23367406457405568 -0.43716609705488624
vn 0.8684942343684487 -0.23367406457405568 -0.43716609705488624
vn 0.8684942343684487 -0.23367406457405568 -0.43716609705488624
vn 0.8684942343684487 -0.23367406457405568 -0.43716609705488624
vn 0.8684943356410202 -0.314467710757043 -0.3831809596661709
vn 0.8684943356410202 -0.314467710757043 -0.3831809596661709
vn 0.8684943356410202 -0.314467710757043 -0.3831809596661709
vn 0.8684943356410202 -0.314467710757043 -0.3831809596661709
vn 0.08521661478798276 0.7379302505960477 0.6694752227075552
vn 0.08521661478798276 0.7379302505960477 0.6694752227075552
vn 0.08521661478798276 0.7379302505960477 0.6694752227075552
vn 0.08521661478798276 0.7379302505960477 0.6694752227075552
vn 0.18763383039251458 0.8662576975179767 0.4630239164266643
vn 0.18763383039251458 0.8662576975179767 0.4630239164266643
vn 0.18763383039251458 0.8662576975179767 0.4630239164266643
vn 0.18763383039251458 0.8662576975179767 0.4630239164266643
vn 0.08521676696624936 0.04840416169317543 0.9951859824970412
vn 0.08521676696624936 0.04840416169317543 0.9951859824970412
vn 0.08521676696624936 0.04840416169317543 0.9951859824970412
vn 0.08521676696624936 0.04840416169317543 0.9951859824970412
vn 0.8684944532218187 -0.4743541129381788 -0.14389426764665714
vn 0.8684944532218187 -0.4743541129381788 -0.14389426764665714
vn 0.8684944532218187 -0.4743541129381788 -0.14389426764665714
vn 0.8684944532218187 -0.4743541129381788 -0.14389426764665714
vn 0.8684944984080837 -0.4933120915969105 -0.048584838367257514
vn 0.8684944984080837 -0.4933120915969105 -0.048584838367257514
vn 0.8684944984080837 -0.4933120915969105 -0.048584838367257514
vn 0.8684944984080837 -0.4933120915969105 -0.048584838367257514
vn 0.18763363676820935 0.6231175822095459 -0.7592878881520929
vn 0.18763363676820935 0.6231175822095459 -0.7592878881520929
vn 0.18763363676820935 0.6231175822095459 -0.7592878881520929
vn 0.18763363676820935 0.6231175822095459 -0.7592878881520929
vn 0.2272994405846383 0.28266417990559545 0.9318990963125824
vn 0.2272994405846383 0.28266417990559545 0.9318990963125824
vn 0.2272994405846383 0.28266417990559545 0.9318990963125824
vn 0.2272994405846383 0.28266417990559545 0.9318990963125824
vn 0.8684943358481353 -0.43716725082215047 0.23367152887827275
vn 0.8684943358481353 -0.43716725082215047 0.23367152887827275
vn 0.8684943358481353 -0.43716725082215047 0.23367152887827275
vn 0.8684943358481353 -0.43716725082215047 0.23367152887827275
vn 0.8684942045087501 -0.3831795238940227 0.31446982240441324
vn 0.8684942045087501 -0.3831795238940227 0.31446982240441324
vn 0.8684942045087501 -0.3831795238940227 0.31446982240441324
vn 0.8684942045087501 -0.3831795238940227 0.31446982240441324
vn 0.08521678850959498 -0.04840554331653687 -0.9951859134515229
vn 0.08521678850959498 -0.04840554331653687 -0.9951859134515229
vn 0.08521678850959498 -0.04840554331653687 -0.9951859134515229
vn 0.08521678850959498 -0.04840554331653687 -0.9951859134515229
vn 0.18763342173340075 0.4630297122648827 -0.8662546880730375
vn 0.18763342173340075 0.4630297122648827 -0.8662546880730375
vn 0.18763342173340075 0.4630297122648827 -0.8662546880730375
vn 0.18763342173340075 0.4630297122648827 -0.8662546880730375
vn 0.8684941706911103 0.23367001149884903 0.437168389984555
vn 0.8684941706911103 0.23367001149884903 0.437168389984555
vn 0.8684941706911103 0.23367001149884903 0.437168389984555
vn 0.8684941706911103 0.23367001149884903 0.437168389984555
vn 0.22729928793357945 0.09546818727953478 0.969134076855441
vn 0.22729928793357945 0.09546818727953478 0.969134076855441
vn 0.22729928793357945 0.09546818727953478 0.969134076855441
vn 0.22729928793357945 0.09546818727953478 0.969134076855441
vn 0.8684942118338236 0.314468849800648 0.38318030549103527
vn 0.8684942118338236 0.314468849800648 0.38318030549103527
vn 0.8684942118338236 0.314468849800648 0.38318030549103527
vn 0.8684942118338236 0.314468849800648 0.38318030549103527
vn 0.8684943476152394 -0.14389173670278313 0.47435507404162625
vn 0.8684943476152394 -0.14389173670278313 0.47435507404162625
vn 0.8684943476152394 -0.14389173670278313 0.47435507404162625
vn 0.8684943476152394 -0.14389173670278313 0.47435507404162625
vn 0.8684942296036888 -0.048586833813661204 0.49331236830740277
vn 0.8684942296036888 -0.048586833813661204 0.49331236830740277
vn 0.8684942296036888 -0.048586833813661204 0.49331236830740277
vn 0.8684942296036888 -0.048586833813661204 0.49331236830740277
vn 0.18763382151960825 0.977509273833508 -0.09627652149634203
vn 0.18763382151960825 0.977509273833508 -0.09627652149634203
vn 0.18763382151960825 0.977509273833508 -0.09627652149634203
vn 0.18763382151960825 0.977509273833508 -0.09627652149634203
vn 0.8684942060534832 0.47435467440330054 0.14389390856901774
vn 0.8684942060534832 0.47435467440330054 0.14389390856901774
vn 0.8684942060534832 0.47435467440330054 0.14389390856901774
vn 0.8684942060534832 0.47435467440330054 0.14389390856901774
vn 0.8684941577355163 0.4933125184604651 0.04858659392743382
vn 0.8684941577355163 0.4933125184604651 0.04858659392743382
vn 0.8684941577355163 0.4933125184604651 0.04858659392743382
vn 0.8684941577355163 0.4933125184604651 0.04858659392743382
vn 0.18763392951650268 0.9399441505933287 -0.2851289221730793
vn 0.18763392951650268 0.9399441505933287 -0.2851289221730793
vn 0.18763392951650268 0.9399441505933287 -0.2851289221730793
vn 0.18763392951650268 0.9399441505933287 -0.2851289221730793
vn 0.18763403386339278 -0.09627790902149148 -0.9775090964132254
vn 0.18763403386339278 -0.09627790902149148 -0.9775090964132254
vn 0.18763403386339278 -0.09627790902149148 -0.9775090964132254
vn 0.18763403386339278 -0.09627790902149148 -0.9775090964132254
vn 0.2272985011400028 -0.4590658991800832 0.858832865922986
vn 0.2272985011400028 -0.4590658991800832 0.858832865922986
vn 0.2272985011400028 -0.4590658991800832 0.858832865922986
vn 0.2272985011400028 -0.4590658991800832 0.858832865922986
vn 0.9921489886117385 -0.11967634507473147 0.03630367510677057
vn 0.9921489886117385 -0.11967634507473147 0.03630367510677057
vn 0.9921489886117385 -0.11967634507473147 0.03630367510677057
vn 0.9921489886117385 -0.11967634507473147 0.03630367510677057
vn 0.9921489974826729 -0.1244591010138006 0.012259647995104133
vn 0.9921489974826729 -0.1244591010138006 0.012259647995104133
vn 0.9921489974826729 -0.1244591010138006 0.012259647995104133
vn 0.9921489974826729 -0.1244591010138006 0.012259647995104133
vn 0.9921489916920725 -0.12445928306934093 -0.012258268322632241
vn 0.9921489916920725 -0.12445928306934093 -0.012258268322632241
vn 0.9921489916920725 -0.12445928306934093 -0.012258268322632241
vn 0.9921489916920725 -0.12445928306934093 -0.012258268322632241
vn 0.9921490000169775 -0.1196763582796507 -0.036303319878936126
vn 0.9921490000169775 -0.1196763582796507 -0.036303319878936126
vn 0.9921490000169775 -0.1196763582796507 -0.036303319878936126
vn 0.9921490000169775 -0.1196763582796507 -0.036303319878936126
vn 0.9921489962744798 -0.11029433021581715 -0.05895362511149367
vn 0.9921489962744798 -0.11029433021581715 -0.05895362511149367
vn 0.9921489962744798 -0.11029433021581715 -0.05895362511149367
vn 0.9921489962744798 -0.11029433021581715 -0.05895362511149367
vn 0.9921489477414588 0.012258099210182083 -0.12445965008495583
vn 0.9921489477414588 0.012258099210182083 -0.12445965008495583
vn 0.9921489477414588 0.012258099210182083 -0.12445965008495583
vn 0.9921489477414588 0.012258099210182083 -0.12445965008495583
vn 0.9921489626523635 -0.09667383527089653 -0.07933854978416686
vn 0.9921489626523635 -0.09667383527089653 -0.07933854978416686
vn 0.9921489626523635 -0.09667383527089653 -0.07933854978416686
vn 0.9921489626523635 -0.09667383527089653 -0.07933854978416686
vn 0.992148994796333 0.03630454530839688 -0.11967602982459227
vn 0.992148994796333 0.03630454530839688 -0.11967602982459227
vn 0.992148994796333 0.03630454530839688 -0.11967602982459227
vn 0.992148994796333 0.03630454530839688 -0.11967602982459227
vn 0.9921490125333412 -0.07933818562616889 -0.09667362220721726
vn 0.9921490125333412 -0.07933818562616889 -0.09667362220721726
vn 0.9921490125333412 -0.07933818562616889 -0.09667362220721726
vn 0.9921490125333412 -0.07933818562616889 -0.09667362220721726
vn 0.9921490166787111 0.05895345868587462 -0.1102942356265251
vn 0.9921490166787111 0.05895345868587462 -0.1102942356265251
vn 0.9921490166787111 0.05895345868587462 -0.1102942356265251
vn 0.9921490166787111 0.05895345868587462 -0.1102942356265251
vn 0.9921489903926137 -0.058953329149666035 -0.1102945413204496
vn 0.9921489903926137 -0.058953329149666035 -0.1102945413204496
vn 0.9921489903926137 -0.058953329149666035 -0.1102945413204496
vn 0.9921489903926137 -0.058953329149666035 -0.1102945413204496
vn 0.9921490067470959 0.0793379003434412 -0.09667391571590148
vn 0.9921490067470959 0.0793379003434412 -0.09667391571590148
vn 0.9921490067470959 0.0793379003434412 -0.09667391571590148
vn 0.9921490067470959 0.0793379003434412 -0.09667391571590148
vn 0.9921490192650332 -0.03630390501533746 -0.11967602120755051
vn 0.9921490192650332 -0.03630390501533746 -0.11967602120755051
vn 0.9921490192650332 -0.03630390501533746 -0.11967602120755051
vn 0.9921490192650332 -0.03630390501533746 -0.11967602120755051
vn 0.9921490117245015 0.09667338206700109 -0.07933848835100471
vn 0.9921490117245015 0.09667338206700109 -0.07933848835100471
vn 0.9921490117245015 0.09667338206700109 -0.07933848835100471
vn 0.9921490117245015 0.09667338206700109 -0.07933848835100471
vn 0.9921489782910594 -0.01225804867717783 -0.12445941153096875
vn 0.9921489782910594 -0.01225804867717783 -0.12445941153096875
vn 0.9921489782910594 -0.01225804867717783 -0.12445941153096875
vn 0.9921489782910594 -0.01225804867717783 -0.12445941153096875
vn 0.9921490026987808 0.11029429681930576 -0.058953579475293234
vn 0.9921490026987808 0.11029429681930576 -0.058953579475293234
vn 0.9921490026987808 0.11029429681930576 -0.058953579475293234
vn 0.9921490026987808 0.11029429681930576 -0.058953579475293234
vn 0.9921489886320538 0.11967629292309336 -0.036303846470847695
vn 0.9921489886320538 0.11967629292309336 -0.036303846470847695
vn 0.9921489886320538 0.11967629292309336 -0.036303846470847695
vn 0.9921489886320538 0.11967629292309336 -0.036303846470847695
vn 0.9921489831287774 0.12445934505608504 -0.012258332053884822
vn 0.9921489831287774 0.12445934505608504 -0.012258332053884822
vn 0.9921489831287774 0.12445934505608504 -0.012258332053884822
vn 0.9921489831287774 0.12445934505608504 -0.012258332053884822
vn 0.9921489743286279 0.1244593106937017 0.012259393145676
vn 0.9921489743286279 0.1244593106937017 0.012259393145676
vn 0.9921489743286279 0.1244593106937017 0.012259393145676
vn 0.9921489743286279 0.1244593106937017 0.012259393145676
vn 0.9921490057228434 0.11967627701154719 0.03630343184643389
vn 0.9921490057228434 0.11967627701154719 0.03630343184643389
vn 0.9921490057228434 0.11967627701154719 0.03630343184643389
vn 0.9921490057228434 0.11967627701154719 0.03630343184643389
vn 0.9921489978329283 0.11029443552165039 0.058953401870261435
vn 0.9921489978329283 0.11029443552165039 0.058953401870261435
vn 0.9921489978329283 0.11029443552165039 0.058953401870261435
vn 0.9921489978329283 0.11029443552165039 0.058953401870261435
vn 0.9921489845586093 0.09667409817562077 0.07933795548948187
vn 0.9921489845586093 0.09667409817562077 0.07933795548948187
vn 0.9921489845586093 0.09667409817562077 0.07933795548948187
vn 0.9921489845586093 0.09667409817562077 0.07933795548948187
vn 0.9921489978414578 0.0793379534834023 0.09667396350236529
vn 0.9921489978414578 0.0793379534834023 0.09667396350236529
vn 0.9921489978414578 0.0793379534834023 0.09667396350236529
vn 0.9921489978414578 0.0793379534834023 0.09667396350236529
vn 0.9921490338186572 0.058954192271935345 0.1102936893311158
vn 0.9921490338186572 0.058954192271935345 0.1102936893311158
vn 0.9921490338186572 0.058954192271935345 0.1102936893311158
vn 0.9921490338186572 0.058954192271935345 0.1102936893311158
vn 0.9921490509760266 0.03630413187404572 0.11967568949557698
vn 0.9921490509760266 0.03630413187404572 0.11967568949557698
vn 0.9921490509760266 0.03630413187404572 0.11967568949557698
vn 0.9921490509760266 0.03630413187404572 0.11967568949557698
vn 0.9921489712155372 0.012258403423655334 0.12445943299506843
vn 0.9921489712155372 0.012258403423655334 0.12445943299506843
vn 0.9921489712155372 0.012258403423655334 0.12445943299506843
vn 0.9921489712155372 0.012258403423655334 0.12445943299506843
vn 0.9921489611293518 -0.012258359951024547 0.12445951768048542
vn 0.9921489611293518 -0.012258359951024547 0.12445951768048542
vn 0.9921489611293518 -0.012258359951024547 0.12445951768048542
vn 0.9921489611293518 -0.012258359951024547 0.12445951768048542
vn 0.9921490578880363 -0.03630262318630103 0.11967608984954048
vn 0.9921490578880363 -0.03630262318630103 0.11967608984954048
vn 0.9921490578880363 -0.03630262318630103 0.11967608984954048
vn 0.9921490578880363 -0.03630262318630103 0.11967608984954048
vn 0.9921490350250766 -0.058954134237174334 0.11029370949947673
vn 0.9921490350250766 -0.058954134237174334 0.11029370949947673
vn 0.9921490350250766 -0.058954134237174334 0.11029370949947673
vn 0.9921490350250766 -0.058954134237174334 0.11029370949947673
vn 0.9921489650896074 -0.07933750421346443 0.09667466833043528
vn 0.9921489650896074 -0.07933750421346443 0.09667466833043528
vn 0.9921489650896074 -0.07933750421346443 0.09667466833043528
vn 0.9921489650896074 -0.07933750421346443 0.09667466833043528
vn 0.9921489729226117 -0.09667416804776263 0.07933801586175095
vn 0.9921489729226117 -0.09667416804776263 0.07933801586175095
vn 0.9921489729226117 -0.09667416804776263 0.07933801586175095
vn 0.9921489729226117 -0.09667416804776263 0.07933801586175095
vn 0.9921489813204254 -0.1102944500804085 0.05895365252724154
vn 0.9921489813204254 -0.1102944500804085 0.05895365252724154
vn 0.9921489813204254 -0.1102944500804085 0.05895365252724154
vn 0.9921489813204254 -0.1102944500804085 0.05895365252724154
vn 0.8684946588924104 0.3144618133845417 -0.38318506677356495
vn 0.8684946588924104 0.3144618133845417 -0.38318506677356495
vn 0.8684946588924104 0.3144618133845417 -0.38318506677356495
vn 0.8684946588924104 0.3144618133845417 -0.38318506677356495
vn 0.8684950256265186 0.23367403198340334 -0.4371645425221628
vn 0.8684950256265186 0.23367403198340334 -0.4371645425221628
vn 0.8684950256265186 0.23367403198340334 -0.4371645425221628
vn 0.8684950256265186 0.23367403198340334 -0.4371645425221628
vn 0.8684947256342759 -0.04858891042784483 -0.4933112904940235
vn 0.8684947256342759 -0.04858891042784483 -0.4933112904940235
vn 0.8684947256342759 -0.04858891042784483 -0.4933112904940235
vn 0.8684947256342759 -0.04858891042784483 -0.4933112904940235
vn 0.8684946785529065 -0.14389102257786107 -0.4743546847526449
vn 0.8684946785529065 -0.14389102257786107 -0.4743546847526449
vn 0.8684946785529065 -0.14389102257786107 -0.4743546847526449
vn 0.8684946785529065 -0.14389102257786107 -0.4743546847526449
vn 0.8684943211407103 -0.38318102593287157 -0.31446767005746196
vn 0.8684943211407103 -0.38318102593287157 -0.31446767005746196
vn 0.8684943211407103 -0.38318102593287157 -0.31446767005746196
vn 0.8684943211407103 -0.38318102593287157 -0.31446767005746196
vn 0.8684947863245626 -0.43716630041408916 -0.23367163265854662
vn 0.8684947863245626 -0.43716630041408916 -0.23367163265854662
vn 0.8684947863245626 -0.43716630041408916 -0.23367163265854662
vn 0.8684947863245626 -0.43716630041408916 -0.23367163265854662
vn 0.8684941330111102 -0.493312514333846 0.04858707777690137
vn 0.8684941330111102 -0.493312514333846 0.04858707777690137
vn 0.8684941330111102 -0.493312514333846 0.04858707777690137
vn 0.8684941330111102 -0.493312514333846 0.04858707777690137
vn 0.8684942897847925 -0.4743538928832939 0.14389597950489555
vn 0.8684942897847925 -0.4743538928832939 0.14389597950489555
vn 0.8684942897847925 -0.4743538928832939 0.14389597950489555
vn 0.8684942897847925 -0.4743538928832939 0.14389597950489555
vn 0.8684945596767643 0.04858601248074051 0.49331186809470196
vn 0.8684945596767643 0.04858601248074051 0.49331186809470196
vn 0.8684945596767643 0.04858601248074051 0.49331186809470196
vn 0.8684945596767643 0.04858601248074051 0.49331186809470196
vn 0.8684947283170594 0.14389664371041033 0.4743528884853095
vn 0.8684947283170594 0.14389664371041033 0.4743528884853095
vn 0.8684947283170594 0.14389664371041033 0.4743528884853095
vn 0.8684947283170594 0.14389664371041033 0.4743528884853095
vn 0.8684943717529636 -0.31446946830257805 0.3831794354332169
vn 0.8684943717529636 -0.31446946830257805 0.3831794354332169
vn 0.8684943717529636 -0.31446946830257805 0.3831794354332169
vn 0.8684943717529636 -0.31446946830257805 0.3831794354332169
vn 0.868494372243396 -0.23367166330861597 0.43716710666304076
vn 0.868494372243396 -0.23367166330861597 0.43716710666304076
vn 0.868494372243396 -0.23367166330861597 0.43716710666304076
vn 0.868494372243396 -0.23367166330861597 0.43716710666304076
vn 0.8684944391288612 0.38318218417971295 0.3144659328599991
vn 0.8684944391288612 0.38318218417971295 0.3144659328599991
vn 0.8684944391288612 0.38318218417971295 0.3144659328599991
vn 0.8684944391288612 0.38318218417971295 0.3144659328599991
vn 0.8684947968848308 0.43716681216866965 0.23367063598633742
vn 0.8684947968848308 0.43716681216866965 0.23367063598633742
vn 0.8684947968848308 0.43716681216866965 0.23367063598633742
vn 0.8684947968848308 0.43716681216866965 0.23367063598633742
vn 0.8684946750931108 0.49331147445621903 -0.04858794608483509
vn 0.8684946750931108 0.49331147445621903 -0.04858794608483509
vn 0.8684946750931108 0.49331147445621903 -0.04858794608483509
vn 0.8684946750931108 0.49331147445621903 -0.04858794608483509
vn 0.8684946735020327 0.4743538745783207 -0.14389372387679825
vn 0.8684946735020327 0.4743538745783207 -0.14389372387679825
vn 0.8684946735020327 0.4743538745783207 -0.14389372387679825
vn 0.8684946735020327 0.4743538745783207 -0.14389372387679825
vn 0.08521726245050014 -0.9009086076930851 -0.42556045253870733
vn 0.08521726245050014 -0.9009086076930851 -0.42556045253870733
vn 0.08521726245050014 -0.9009086076930851 -0.42556045253870733
vn 0.08521726245050014 -0.9009086076930851 -0.42556045253870733
vn 0.18763333985585032 -0.46302456807373804 0.8662574554569025
vn 0.18763333985585032 -0.46302456807373804 0.8662574554569025
vn 0.18763333985585032 -0.46302456807373804 0.8662574554569025
vn 0.18763333985585032 -0.46302456807373804 0.8662574554569025
vn 0.2272984546010009 0.9691361678495823 -0.09544894290573781
vn 0.2272984546010009 0.9691361678495823 -0.09544894290573781
vn 0.2272984546010009 0.9691361678495823 -0.09544894290573781
vn 0.2272984546010009 0.9691361678495823 -0.09544894290573781
vn 0.22729842315431534 0.9318907376141257 -0.28269255381166747
vn 0.22729842315431534 0.9318907376141257 -0.28269255381166747
vn 0.22729842315431534 0.9318907376141257 -0.28269255381166747
vn 0.22729842315431534 0.9318907376141257 -0.28269255381166747
vn 0.18763343206338637 -0.6231251053850306 0.759281764703334
vn 0.18763343206338637 -0.6231251053850306 0.759281764703334
vn 0.18763343206338637 -0.6231251053850306 0.759281764703334
vn 0.18763343206338637 -0.6231251053850306 0.759281764703334
vn 0.22729875612280137 -0.09545537541871993 -0.969135463580143
vn 0.22729875612280137 -0.09545537541871993 -0.969135463580143
vn 0.22729875612280137 -0.09545537541871993 -0.969135463580143
vn 0.22729875612280137 -0.09545537541871993 -0.969135463580143
vn 0.1876338732721593 0.28513479833665895 0.9399423792863051
vn 0.1876338732721593 0.28513479833665895 0.9399423792863051
vn 0.1876338732721593 0.28513479833665895 0.9399423792863051
vn 0.1876338732721593 0.28513479833665895 0.9399423792863051
vn 0.08521721261151667 -0.7379303851940613 -0.6694749982501719
vn 0.08521721261151667 -0.7379303851940613 -0.6694749982501719
vn 0.08521721261151667 -0.7379303851940613 -0.6694749982501719
vn 0.08521721261151667 -0.7379303851940613 -0.6694749982501719
vn 0.08521672324156776 0.9951859617284304 -0.04840466567004713
vn 0.08521672324156776 0.9951859617284304 -0.04840466567004713
vn 0.08521672324156776 0.9951859617284304 -0.04840466567004713
vn 0.08521672324156776 0.9951859617284304 -0.04840466567004713
vn 0.22729836124025482 -0.28269302777656385 -0.9318906089364855
vn 0.22729836124025482 -0.28269302777656385 -0.9318906089364855
vn 0.22729836124025482 -0.28269302777656385 -0.9318906089364855
vn 0.22729836124025482 -0.28269302777656385 -0.9318906089364855
vn 0.08521689371711585 0.9379552537975274 -0.33612203572336885
vn 0.08521689371711585 0.9379552537975274 -0.33612203572336885
vn 0.08521689371711585 0.9379552537975274 -0.33612203572336885
vn 0.08521689371711585 0.9379552537975274 -0.33612203572336885
vn 0.0852168868399024 -0.99518595805637 0.0484044531498949
vn 0.0852168868399024 -0.99518595805637 0.0484044531498949
vn 0.0852168868399024 -0.99518595805637 0.0484044531498949
vn 0.0852168868399024 -0.99518595805637 0.0484044531498949
vn 0.2272987186173948 0.6177911641091651 -0.7527744483333191
vn 0.2272987186173948 0.6177911641091651 -0.7527744483333191
vn 0.2272987186173948 0.6177911641091651 -0.7527744483333191
vn 0.2272987186173948 0.6177911641091651 -0.7527744483333191
vn 0.18763419844245036 0.096273133736739 0.9775095351429403
vn 0.18763419844245036 0.096273133736739 0.9775095351429403
vn 0.18763419844245036 0.096273133736739 0.9775095351429403
vn 0.18763419844245036 0.096273133736739 0.9775095351429403
vn 0.22729958476519002 0.4590548046073401 -0.8588385093441544
vn 0.22729958476519002 0.4590548046073401 -0.8588385093441544
vn 0.22729958476519002 0.4590548046073401 -0.8588385093441544
vn 0.22729958476519002 0.4590548046073401 -0.8588385093441544
vn 0.2272994570295937 -0.7527802079725828 -0.6177838742787051
vn 0.2272994570295937 -0.7527802079725828 -0.6177838742787051
vn 0.2272994570295937 -0.7527802079725828 -0.6177838742787051
vn 0.2272994570295937 -0.7527802079725828 -0.6177838742787051
vn 0.18763396302463853 -0.9399437964873363 0.28513006745105174
vn 0.18763396302463853 -0.9399437964873363 0.28513006745105174
vn 0.18763396302463853 -0.9399437964873363 0.28513006745105174
vn 0.18763396302463853 -0.9399437964873363 0.28513006745105174
vn 0.08521660666158007 -0.9379548156719236 0.3361233310957949
vn 0.08521660666158007 -0.9379548156719236 0.3361233310957949
vn 0.08521660666158007 -0.9379548156719236 0.3361233310957949
vn 0.08521660666158007 -0.9379548156719236 0.3361233310957949
vn 0.22729898528900333 -0.858836648641702 -0.45905858257577425
vn 0.22729898528900333 -0.858836648641702 -0.45905858257577425
vn 0.22729898528900333 -0.858836648641702 -0.45905858257577425
vn 0.22729898528900333 -0.858836648641702 -0.45905858257577425
vn 0.1876341385671696 -0.9775090388697654 0.09627828920407666
vn 0.1876341385671696 -0.9775090388697654 0.09627828920407666
vn 0.1876341385671696 -0.9775090388697654 0.09627828920407666
vn 0.1876341385671696 -0.9775090388697654 0.09627828920407666
vn 0.08521658275736138 0.9009095030549884 0.42555869316508116
vn 0.08521658275736138 0.9009095030549884 0.42555869316508116
vn 0.08521658275736138 0.9009095030549884 0.42555869316508116
vn 0.08521658275736138 0.9009095030549884 0.42555869316508116
vn 0.08521640950167113 -0.6694762025425641 0.7379293853620624
vn 0.08521640950167113 -0.6694762025425641 0.7379293853620624
vn 0.08521640950167113 -0.6694762025425641 0.7379293853620624
vn 0.08521640950167113 -0.6694762025425641 0.7379293853620624
vn 0.22729903850018462 -0.9691357584289125 0.09545170942056562
vn 0.22729903850018462 -0.9691357584289125 0.09545170942056562
vn 0.22729903850018462 -0.9691357584289125 0.09545170942056562
vn 0.22729903850018462 -0.9691357584289125 0.09545170942056562
vn 0.18763371890999306 -0.86625765520538 -0.46302404076471326
vn 0.18763371890999306 -0.86625765520538 -0.46302404076471326
vn 0.18763371890999306 -0.86625765520538 -0.46302404076471326
vn 0.18763371890999306 -0.86625765520538 -0.46302404076471326
vn 0.08521676202207318 0.6694750895338474 -0.7379303544130166
vn 0.08521676202207318 0.6694750895338474 -0.7379303544130166
vn 0.08521676202207318 0.6694750895338474 -0.7379303544130166
vn 0.08521676202207318 0.6694750895338474 -0.7379303544130166
vn 0.2272989586807266 -0.9318925205135832 0.2826862458512936
vn 0.2272989586807266 -0.9318925205135832 0.2826862458512936
vn 0.2272989586807266 -0.9318925205135832 0.2826862458512936
vn 0.2272989586807266 -0.9318925205135832 0.2826862458512936
vn 0.1876338030414788 -0.7592827127960985 -0.6231238384183267
vn 0.1876338030414788 -0.7592827127960985 -0.6231238384183267
vn 0.1876338030414788 -0.7592827127960985 -0.6231238384183267
vn 0.1876338030414788 -0.7592827127960985 -0.6231238384183267
vn 0.0852171577155609 -0.33612186964213303 -0.9379552893284189
vn 0.0852171577155609 -0.33612186964213303 -0.9379552893284189
vn 0.0852171577155609 -0.33612186964213303 -0.9379552893284189
vn 0.0852171577155609 -0.33612186964213303 -0.9379552893284189
vn 0.22729886434358698 -0.6177829893423089 0.7527811131712833
vn 0.22729886434358698 -0.6177829893423089 0.7527811131712833
vn 0.22729886434358698 -0.6177829893423089 0.7527811131712833
vn 0.22729886434358698 -0.6177829893423089 0.7527811131712833
vn 0.18763401874911706 -0.28512773697391175 -0.9399444923058978
vn 0.18763401874911706 -0.28512773697391175 -0.9399444923058978
vn 0.18763401874911706 -0.28512773697391175 -0.9399444923058978
vn 0.18763401874911706 -0.28512773697391175 -0.9399444923058978
vn 0.0852169417798326 0.4255619113757426 -0.9009079489159352
vn 0.0852169417798326 0.4255619113757426 -0.9009079489159352
vn 0.0852169417798326 0.4255619113757426 -0.9009079489159352
vn 0.0852169417798326 0.4255619113757426 -0.9009079489159352
vn 0.08521719983796988 -0.42555910381784556 0.9009092507070442
vn 0.08521719983796988 -0.42555910381784556 0.9009092507070442
vn 0.08521719983796988 -0.42555910381784556 0.9009092507070442
vn 0.08521719983796988 -0.42555910381784556 0.9009092507070442
vn 1 -9.845831106719288e-16 -6.043328060201168e-9
vn 1 -9.845831106719288e-16 -6.043328060201168e-9
vn 1 -9.845831106719288e-16 -6.043328060201168e-9
vn 1 -9.845831106719288e-16 -6.043328060201168e-9
vn 1 -9.845831106719288e-16 -6.043328060201168e-9
vn 1 -9.845831106719288e-16 -6.043328060201168e-9
vn 1 -9.845831106719288e-16 -6.043328060201168e-9
vn 1 -9.845831106719288e-16 -6.043328060201168e-9
vn 1 -9.845831106719288e-16 -6.043328060201168e-9
vn 1 -9.845831106719288e-16 -6.043328060201168e-9
vn 1 -9.845831106719288e-16 -6.043328060201168e-9
vn 1 -9.845831106719288e-16 -6.043328060201168e-9
vn 1 -9.845831106719288e-16 -6.043328060201168e-9
vn 1 -9.845831106719288e-16 -6.043328060201168e-9
vn 1 -9.845831106719288e-16 -6.043328060201168e-9
vn 1 -9.845831106719288e-16 -6.043328060201168e-9
vn 1 -9.845831106719288e-16 -6.043328060201168e-9
vn 1 -9.845831106719288e-16 -6.043328060201168e-9
vn 1 -9.845831106719288e-16 -6.043328060201168e-9
vn 1 -9.845831106719288e-16 -6.043328060201168e-9
vn 1 -9.845831106719288e-16 -6.043328060201168e-9
vn 1 -9.845831106719288e-16 -6.043328060201168e-9
vn 1 -9.845831106719288e-16 -6.043328060201168e-9
vn 1 -9.845831106719288e-16 -6.043328060201168e-9
vn 1 -9.845831106719288e-16 -6.043328060201168e-9
vn 1 -9.845831106719288e-16 -6.043328060201168e-9
vn 1 -9.845831106719288e-16 -6.043328060201168e-9
vn 1 -9.845831106719288e-16 -6.043328060201168e-9
vn 1 -9.845831106719288e-16 -6.043328060201168e-9
vn 1 -9.845831106719288e-16 -6.043328060201168e-9
vn 1 -9.845831106719288e-16 -6.043328060201168e-9
vn 1 -9.845831106719288e-16 -6.043328060201168e-9
f 2401//2401 2402//2402 2403//2403
f 2401//2401 2403//2403 2404//2404
f 2405//2405 2406//2406 2407//2407
f 2405//2405 2407//2407 2408//2408
f 2409//2409 2410//2410 2411//2411
f 2409//2409 2411//2411 2412//2412
f 2413//2413 2414//2414 2415//2415
f 2413//2413 2415//2415 2416//2416
f 2417//2417 2418//2418 2419//2419
f 2417//2417 2419//2419 2420//2420
f 2421//2421 2422//2422 2423//2423
f 2421//2421 2423//2423 2424//2424
f 2425//2425 2426//2426 2427//2427
f 2425//2425 2427//2427 2428//2428
f 2429//2429 2430//2430 2431//2431
f 2429//2429 2431//2431 2432//2432
f 2433//2433 2434//2434 2435//2435
f 2433//2433 2435//2435 2436//2436
f 2437//2437 2438//2438 2439//2439
f 2437//2437 2439//2439 2440//2440
f 2441//2441 2442//2442 2443//2443
f 2441//2441 2443//2443 2444//2444
f 2445//2445 2446//2446 2447//2447
f 2445//2445 2447//2447 2448//2448
f 2449//2449 2450//2450 2451//2451
f 2449//2449 2451//2451 2452//2452
f 2453//2453 2454//2454 2455//2455
f 2453//2453 2455//2455 2456//2456
f 2457//2457 2458//2458 2459//2459
f 2457//2457 2459//2459 2460//2460
f 2461//2461 2462//2462 2463//2463
f 2461//2461 2463//2463 2464//2464
f 2465//2465 2466//2466 2467//2467
f 2465//2465 2467//2467 2468//2468
f 2469//2469 2470//2470 2471//2471
f 2469//2469 2471//2471 2472//2472
f 2473//2473 2474//2474 2475//2475
f 2473//2473 2475//2475 2476//2476
f 2477//2477 2478//2478 2479//2479
f 2477//2477 2479//2479 2480//2480
f 2481//2481 2482//2482 2483//2483
f 2481//2481 2483//2483 2484//2484
f 2485//2485 2486//2486 2487//2487
f 2485//2485 2487//2487 2488//2488
f 2489//2489 2490//2490 2491//2491
f 2489//2489 2491//2491 2492//2492
f 2493//2493 2494//2494 2495//2495
f 2493//2493 2495//2495 2496//2496
f 2497//2497 2498//2498 2499//2499
f 2497//2497 2499//2499 2500//2500
f 2501//2501 2502//2502 2503//2503
f 2501//2501 2503//2503 2504//2504
f 2505//2505 2506//2506 2507//2507
f 2505//2505 2507//2507 2508//2508
f 2509//2509 2510//2510 2511//2511
f 2509//2509 2511//2511 2512//2512
f 2513//2513 2514//2514 2515//2515
f 2513//2513 2515//2515 2516//2516
f 2517//2517 2518//2518 2519//2519
f 2517//2517 2519//2519 2520//2520
f 2521//2521 2522//2522 2523//2523
f 2521//2521 2523//2523 2524//2524
f 2525//2525 2526//2526 2527//2527
f 2525//2525 2527//2527 2528//2528
f 2529//2529 2530//2530 2531//2531
f 2529//2529 2531//2531 2532//2532
f 2533//2533 2534//2534 2535//2535
f 2533//2533 2535//2535 2536//2536
f 2537//2537 2538//2538 2539//2539
f 2537//2537 2539//2539 2540//2540
f 2541//2541 2542//2542 2543//2543
f 2541//2541 2543//2543 2544//2544
f 2545//2545 2546//2546 2547//2547
f 2545//2545 2547//2547 2548//2548
f 2549//2549 2550//2550 2551//2551
f 2549//2549 2551//2551 2552//2552
f 2553//2553 2554//2554 2555//2555
f 2553//2553 2555//2555 2556//2556
f 2557//2557 2558//2558 2559//2559
f 2557//2557 2559//2559 2560//2560
f 2561//2561 2562//2562 2563//2563
f 2561//2561 2563//2563 2564//2564
f 2565//2565 2566//2566 2567//2567
f 2565//2565 2567//2567 2568//2568
f 2569//2569 2570//2570 2571//2571
f 2569//2569 2571//2571 2572//2572
f 2573//2573 2574//2574 2575//2575
f 2573//2573 2575//2575 2576//2576
f 2577//2577 2578//2578 2579//2579
f 2577//2577 2579//2579 2580//2580
f 2581//2581 2582//2582 2583//2583
f 2581//2581 2583//2583 2584//2584
f 2585//2585 2586//2586 2587//2587
f 2585//2585 2587//2587 2588//2588
f 2589//2589 2590//2590 2591//2591
f 2589//2589 2591//2591 2592//2592
f 2593//2593 2594//2594 2595//2595
f 2593//2593 2595//2595 2596//2596
f 2597//2597 2598//2598 2599//2599
f 2597//2597 2599//2599 2600//2600
f 2601//2601 2602//2602 2603//2603
f 2601//2601 2603//2603 2604//2604
f 2605//2605 2606//2606 2607//2607
f 2605//2605 2607//2607 2608//2608
f 2609//2609 2610//2610 2611//2611
f 2609//2609 2611//2611 2612//2612
f 2613//2613 2614//2614 2615//2615
f 2613//2613 2615//2615 2616//2616
f 2617//2617 2618//2618 2619//2619
f 2617//2617 2619//2619 2620//2620
f 2621//2621 2622//2622 2623//2623
f 2621//2621 2623//2623 2624//2624
f 2625//2625 2626//2626 2627//2627
f 2625//2625 2627//2627 2628//2628
f 2629//2629 2630//2630 2631//2631
f 2629//2629 2631//2631 2632//2632
f 2633//2633 2634//2634 2635//2635
f 2633//2633 2635//2635 2636//2636
f 2637//2637 2638//2638 2639//2639
f 2637//2637 2639//2639 2640//2640
f 2641//2641 2642//2642 2643//2643
f 2641//2641 2643//2643 2644//2644
f 2645//2645 2646//2646 2647//2647
f 2645//2645 2647//2647 2648//2648
f 2649//2649 2650//2650 2651//2651
f 2649//2649 2651//2651 2652//2652
f 2653//2653 2654//2654 2655//2655
f 2653//2653 2655//2655 2656//2656
f 2657//2657 2658//2658 2659//2659
f 2657//2657 2659//2659 2660//2660
f 2661//2661 2662//2662 2663//2663
f 2661//2661 2663//2663 2664//2664
f 2665//2665 2666//2666 2667//2667
f 2665//2665 2667//2667 2668//2668
f 2669//2669 2670//2670 2671//2671
f 2669//2669 2671//2671 2672//2672
f 2673//2673 2674//2674 2675//2675
f 2673//2673 2675//2675 2676//2676
f 2677//2677 2678//2678 2679//2679
f 2677//2677 2679//2679 2680//2680
f 2681//2681 2682//2682 2683//2683
f 2681//2681 2683//2683 2684//2684
f 2685//2685 2686//2686 2687//2687
f 2685//2685 2687//2687 2688//2688
f 2689//2689 2690//2690 2691//2691
f 2689//2689 2691//2691 2692//2692
f 2693//2693 2694//2694 2695//2695
f 2693//2693 2695//2695 2696//2696
f 2697//2697 2698//2698 2699//2699
f 2697//2697 2699//2699 2700//2700
f 2701//2701 2702//2702 2703//2703
f 2701//2701 2703//2703 2704//2704
f 2705//2705 2706//2706 2707//2707
f 2705//2705 2707//2707 2708//2708
f 2709//2709 2710//2710 2711//2711
f 2709//2709 2711//2711 2712//2712
f 2713//2713 2714//2714 2715//2715
f 2713//2713 2715//2715 2716//2716
f 2717//2717 2718//2718 2719//2719
f 2717//2717 2719//2719 2720//2720
f 2721//2721 2722//2722 2723//2723
f 2721//2721 2723//2723 2724//2724
f 2725//2725 2726//2726 2727//2727
f 2725//2725 2727//2727 2728//2728
f 2729//2729 2730//2730 2731//2731
f 2729//2729 2731//2731 2732//2732
f 2733//2733 2734//2734 2735//2735
f 2733//2733 2735//2735 2736//2736
f 2737//2737 2738//2738 2739//2739
f 2737//2737 2739//2739 2740//2740
f 2741//2741 2742//2742 2743//2743
f 2741//2741 2743//2743 2744//2744
f 2745//2745 2746//2746 2747//2747
f 2745//2745 2747//2747 2748//2748
f 2749//2749 2750//2750 2751//2751
f 2749//2749 2751//2751 2752//2752
f 2753//2753 2754//2754 2755//2755
f 2753//2753 2755//2755 2756//2756
f 2757//2757 2758//2758 2759//2759
f 2757//2757 2759//2759 2760//2760
f 2761//2761 2762//2762 2763//2763
f 2761//2761 2763//2763 2764//2764
f 2765//2765 2766//2766 2767//2767
f 2765//2765 2767//2767 2768//2768
f 2769//2769 2770//2770 2771//2771
f 2769//2769 2771//2771 2772//2772
f 2773//2773 2774//2774 2775//2775
f 2773//2773 2775//2775 2776//2776
f 2777//2777 2778//2778 2779//2779
f 2777//2777 2779//2779 2780//2780
f 2781//2781 2782//2782 2783//2783
f 2781//2781 2783//2783 2784//2784
f 2785//2785 2786//2786 2787//2787
f 2785//2785 2787//2787 2788//2788
f 2789//2789 2790//2790 2791//2791
f 2789//2789 2791//2791 2792//2792
f 2793//2793 2794//2794 2795//2795
f 2793//2793 2795//2795 2796//2796
f 2797//2797 2798//2798 2799//2799
f 2797//2797 2799//2799 2800//2800
f 2801//2801 2802//2802 2803//2803
f 2801//2801 2803//2803 2804//2804
f 2805//2805 2806//2806 2807//2807
f 2805//2805 2807//2807 2808//2808
f 2809//2809 2810//2810 2811//2811
f 2809//2809 2811//2811 2812//2812
f 2813//2813 2814//2814 2815//2815
f 2813//2813 2815//2815 2816//2816
f 2817//2817 2818//2818 2819//2819
f 2817//2817 2819//2819 2820//2820
f 2821//2821 2822//2822 2823//2823
f 2821//2821 2823//2823 2824//2824
f 2825//2825 2826//2826 2827//2827
f 2825//2825 2827//2827 2828//2828
f 2829//2829 2830//2830 2831//2831
f 2829//2829 2831//2831 2832//2832
f 2833//2833 2834//2834 2835//2835
f 2833//2833 2835//2835 2836//2836
f 2837//2837 2838//2838 2839//2839
f 2837//2837 2839//2839 2840//2840
f 2841//2841 2842//2842 2843//2843
f 2841//2841 2843//2843 2844//2844
f 2845//2845 2846//2846 2847//2847
f 2845//2845 2847//2847 2848//2848
f 2866//2866 2864//2864 2865//2865
f 2864//2864 2866//2866 2867//2867
f 2864//2864 2867//2867 2863//2863
f 2863//2863 2867//2867 2868//2868
f 2863//2863 2868//2868 2862//2862
f 2862//2862 2868//2868 2869//2869
f 2862//2862 2869//2869 2861//2861
f 2861//2861 2869//2869 2870//2870
f 2861//2861 2870//2870 2860//2860
f 2860//2860 2870//2870 2871//2871
f 2860//2860 2871//2871 2859//2859
f 2859//2859 2871//2871 2872//2872
f 2859//2859 2872//2872 2858//2858
f 2858//2858 2872//2872 2873//2873
f 2858//2858 2873//2873 2857//2857
f 2857//2857 2873//2873 2874//2874
f 2857//2857 2874//2874 2856//2856
f 2856//2856 2874//2874 2875//2875
f 2856//2856 2875//2875 2855//2855
f 2855//2855 2875//2875 2876//2876
f 2855//2855 2876//2876 2854//2854
f 2854//2854 2876//2876 2877//2877
f 2854//2854 2877//2877 2853//2853
f 2853//2853 2877//2877 2878//2878
f 2853//2853 2878//2878 2852//2852
f 2852//2852 2878//2878 2879//2879
f 2852//2852 2879//2879 2851//2851
f 2851//2851 2879//2879 2880//2880
f 2851//2851 2880//2880 2850//2850
f 2850//2850 2880//2880 2849//2849
o TailLight_Material030_0
usemtl Material.030
v 91.83125086128712 172.79680317479009 -377.45426464913464
v 91.79077930748463 170.83974287270297 -381.4468447664592
v 38.496990874409676 172.044959035662 -387.156803039291
v -35.98424606025219 149.12799854902596 -385.74745567556874
v -38.49698714911938 151.06897478865713 -389.3609048798574
v -38.49698714911938 172.044959035662 -387.156803039291
v 91.83125086128712 149.1280131221503 -378.614664040922
v 35.98424978554249 149.12801046995492 -385.7474556755707
v 38.496990874409676 151.06898670958608 -389.36090487985933
v -91.83124713599682 172.79680317479398 -377.45424080727673
v -91.79077558219433 170.8397309517779 -381.44682092459936
v -133.8012795895338 167.93924232253192 -367.4487888358387
v -91.83124713599682 149.12800120122134 -378.61466404092005
v -91.79077558219433 151.06897738772662 -382.5541974976556
v -38.49698714911938 151.06897478865713 -389.3609048798574
v 35.98424978554249 149.12801046995492 -385.7474556755707
v 35.98424978554249 174.23964960085473 -383.4377842520779
v 38.496990874409676 172.044959035662 -387.156803039291
v 91.83125086128712 172.79680317479009 -377.45426464913464
v 135.85441298782825 169.32445577189858 -362.78560850164496
v 133.8012833148241 167.93924232252803 -367.4488126776966
v -135.85440926253796 169.32445577190248 -362.78558465978705
v -133.8012795895338 167.93924232253192 -367.4487888358387
v -145.6572514027357 151.06898213956705 -367.1070100739501
v 133.8012833148241 167.93924232252803 -367.4488126776966
v 145.657255128026 151.068994060496 -367.10701007395204
v 138.2017035037279 154.41419717883133 -368.83375792315593
v -38.49698714911938 151.06897478865713 -389.3609048798574
v -45.64424268901348 154.41417914611804 -388.05508761217914
v -45.64424268901348 168.26246036295476 -386.1513435912566
v 91.79077930748463 151.06898930865557 -382.5541974976575
v 91.67565293610096 154.4141927699386 -382.17594733944475
v 138.2017035037279 154.41419717883133 -368.83375792315593
v 91.79077930748463 170.83974287270297 -381.4468447664592
v 91.67565293610096 167.46678758747845 -381.2194878873748
v 45.64424641430378 168.26246036295476 -386.1513435912566
v -91.79077558219433 170.8397309517779 -381.44682092459936
v -91.67564921081066 167.46678758748232 -381.2194640455169
v -127.96134762465954 165.55188491815264 -369.12894727061735
v -91.79077558219433 151.06897738772662 -382.5541974976556
v -91.67564921081066 154.41418084900965 -382.1759473394428
v -45.64424268901348 154.41417914611804 -388.05508761217914
v 91.79077930748463 151.06898930865557 -382.5541974976575
v 38.496990874409676 151.06898670958608 -389.36090487985933
v 45.64424641430378 154.414191067047 -388.05508761218107
v 38.496990874409676 151.06898670958608 -389.36090487985933
v 38.496990874409676 172.044959035662 -387.156803039291
v 45.64424641430378 168.26246036295476 -386.1513435912566
v 91.83125086128712 149.1280131221503 -378.614664040922
v 91.79077930748463 151.06898930865557 -382.5541974976575
v 145.657255128026 151.068994060496 -367.10701007395204
v -91.83124713599682 149.12800120122134 -378.61466404092005
v -148.2783656567335 149.12800607363133 -362.4274259996091
v -145.6572514027357 151.06898213956705 -367.1070100739501
v 135.85441298782825 169.32445577189858 -362.78560850164496
v 148.2783693820238 149.12801799456028 -362.42742599961105
v 145.657255128026 151.068994060496 -367.10701007395204
v -91.83124713599682 172.79680317479398 -377.45424080727673
v -35.98424606025219 174.23964960085473 -383.4377842520779
v -38.49698714911938 172.044959035662 -387.156803039291
v -45.64424268901348 168.26246036295476 -386.1513435912566
v -45.64424268901348 154.41417914611804 -388.05508761217914
v -53.94553355872631 157.24647328882324 -384.1742534941506
v 91.67565293610096 154.4141927699386 -382.17594733944475
v 91.54194183647633 157.24647481619724 -379.37243253052964
v 129.54235263168812 157.24647845423843 -368.47512915790855
v 91.67565293610096 167.46678758747845 -381.2194878873748
v 91.54194183647633 164.61101064772606 -378.59123253166774
v 53.94553728401661 165.05993950992175 -382.6193618099153
v -91.67564921081066 167.46678758748232 -381.2194640455169
v -91.54193811118603 164.61101064772996 -378.59120868980983
v -121.17848210036755 163.53058419270025 -368.71622053902297
v -91.67564921081066 154.41418084900965 -382.1759473394428
v -91.54193811118603 157.24647481619724 -379.37243253052964
v -53.94553355872631 157.24647328882324 -384.1742534941506
v 91.67565293610096 154.4141927699386 -382.17594733944475
v 45.64424641430378 154.414191067047 -388.05508761218107
v 53.94553728401661 157.24647328882324 -384.1742534941506
v 45.64424641430378 168.26246036295476 -386.1513435912566
v 53.94553728401661 165.05993950992175 -382.6193618099153
v 53.94553728401661 157.24647328882324 -384.1742534941506
v 91.67565293610096 167.46678758747845 -381.2194878873748
v 127.96135134994984 165.55188491814874 -369.12897111247526
v 121.17848582565784 163.53058419269635 -368.7162443808809
v -91.79077558219433 151.06897738772662 -382.5541974976556
v -145.6572514027357 151.06898213956705 -367.1070100739501
v -138.20169977843761 154.41418525790237 -368.833757923154
v -91.79077558219433 170.8397309517779 -381.44682092459936
v -38.49698714911938 172.044959035662 -387.156803039291
v -45.64424268901348 168.26246036295476 -386.1513435912566
v -133.8012795895338 167.93924232253192 -367.4487888358387
v -127.96134762465954 165.55188491815264 -369.12894727061735
v -138.20169977843761 154.41418525790237 -368.833757923154
v 91.79077930748463 170.83974287270297 -381.4468447664592
v 133.8012833148241 167.93924232252803 -367.4488126776966
v 127.96135134994984 165.55188491814874 -369.12897111247526
v 91.54194183647633 157.24647481619724 -379.37243253052964
v 53.94553728401661 157.24647328882324 -384.1742534941506
v 53.94553728401661 165.05993950992175 -382.6193618099153
v 91.54194183647633 157.24647481619724 -379.37243253052964
v 53.94553728401661 165.05993950992175 -382.6193618099153
v 91.54194183647633 164.61101064772606 -378.59123253166774
v 129.54235263168812 157.24647845423843 -368.47512915790855
v 91.54194183647633 157.24647481619724 -379.37243253052964
v 91.54194183647633 164.61101064772606 -378.59123253166774
v 129.54235263168812 157.24647845423843 -368.47512915790855
v 91.54194183647633 164.61101064772606 -378.59123253166774
v 121.17848582565784 163.53058419269635 -368.7162443808809
v -91.54193811118603 157.24647481619724 -379.37243253052964
v -91.54193811118603 164.61101064772996 -378.59120868980983
v -53.94553355872631 165.05993950992175 -382.6193618099153
v -91.54193811118603 157.24647481619724 -379.37243253052964
v -53.94553355872631 165.05993950992175 -382.6193618099153
v -53.94553355872631 157.24647328882324 -384.1742534941506
v -129.54234890639782 157.24647845423843 -368.47512915790855
v -121.17848210036755 163.53058419270025 -368.71622053902297
v -91.54193811118603 164.61101064772996 -378.59120868980983
v -129.54234890639782 157.24647845423843 -368.47512915790855
v -91.54193811118603 164.61101064772996 -378.59120868980983
v -91.54193811118603 157.24647481619724 -379.37243253052964
v 127.96135134994984 165.55188491814874 -369.12897111247526
v 138.2017035037279 154.41419717883133 -368.83375792315593
v 129.54235263168812 157.24647845423843 -368.47512915790855
v -91.67564921081066 154.41418084900965 -382.1759473394428
v -138.20169977843761 154.41418525790237 -368.833757923154
v -129.54234890639782 157.24647845423843 -368.47512915790855
v -91.67564921081066 167.46678758748232 -381.2194640455169
v -45.64424268901348 168.26246036295476 -386.1513435912566
v -53.94553355872631 165.05993950992175 -382.6193618099153
v -127.96134762465954 165.55188491815264 -369.12894727061735
v -121.17848210036755 163.53058419270025 -368.71622053902297
v -129.54234890639782 157.24647845423843 -368.47512915790855
v 35.98424978554249 174.23964960085473 -383.4377842520779
v 91.83125086128712 172.79680317479009 -377.45426464913464
v 38.496990874409676 172.044959035662 -387.156803039291
v -35.98424606025219 174.23964960085473 -383.4377842520779
v -35.98424606025219 149.12799854902596 -385.74745567556874
v -38.49698714911938 172.044959035662 -387.156803039291
v 91.79077930748463 151.06898930865557 -382.5541974976575
v -135.85440926253796 169.32445577190248 -362.78558465978705
v -91.83124713599682 172.79680317479398 -377.45424080727673
v -133.8012795895338 167.93924232253192 -367.4487888358387
v -35.98424606025219 149.12799854902596 -385.74745567556874
v -91.83124713599682 149.12800120122134 -378.61466404092005
v -38.49698714911938 151.06897478865713 -389.3609048798574
v 38.496990874409676 151.06898670958608 -389.36090487985933
v 35.98424978554249 149.12801046995492 -385.7474556755707
v 38.496990874409676 172.044959035662 -387.156803039291
v 91.79077930748463 170.83974287270297 -381.4468447664592
v 91.83125086128712 172.79680317479009 -377.45426464913464
v 133.8012833148241 167.93924232252803 -367.4488126776966
v -148.2783656567335 149.12800607363133 -362.4274259996091
v -135.85440926253796 169.32445577190248 -362.78558465978705
v -145.6572514027357 151.06898213956705 -367.1070100739501
v 127.96135134994984 165.55188491814874 -369.12897111247526
v 133.8012833148241 167.93924232252803 -367.4488126776966
v 138.2017035037279 154.41419717883133 -368.83375792315593
v -38.49698714911938 172.044959035662 -387.156803039291
v -38.49698714911938 151.06897478865713 -389.3609048798574
v -45.64424268901348 168.26246036295476 -386.1513435912566
v 145.657255128026 151.068994060496 -367.10701007395204
v 38.496990874409676 172.044959035662 -387.156803039291
v 91.79077930748463 170.83974287270297 -381.4468447664592
v 45.64424641430378 168.26246036295476 -386.1513435912566
v -133.8012795895338 167.93924232253192 -367.4487888358387
v -91.79077558219433 170.8397309517779 -381.44682092459936
v -127.96134762465954 165.55188491815264 -369.12894727061735
v -38.49698714911938 151.06897478865713 -389.3609048798574
v 91.67565293610096 154.4141927699386 -382.17594733944475
v 45.64424641430378 154.414191067047 -388.05508761218107
v 38.496990874409676 151.06898670958608 -389.36090487985933
v 45.64424641430378 168.26246036295476 -386.1513435912566
v 148.2783693820238 149.12801799456028 -362.42742599961105
v 91.83125086128712 149.1280131221503 -378.614664040922
v 145.657255128026 151.068994060496 -367.10701007395204
v -91.79077558219433 151.06897738772662 -382.5541974976556
v 133.8012833148241 167.93924232252803 -367.4488126776966
v 135.85441298782825 169.32445577189858 -362.78560850164496
v 145.657255128026 151.068994060496 -367.10701007395204
v -91.79077558219433 170.8397309517779 -381.44682092459936
v -91.83124713599682 172.79680317479398 -377.45424080727673
v -38.49698714911938 172.044959035662 -387.156803039291
v -53.94553355872631 165.05993950992175 -382.6193618099153
v -45.64424268901348 168.26246036295476 -386.1513435912566
v -53.94553355872631 157.24647328882324 -384.1742534941506
v 138.2017035037279 154.41419717883133 -368.83375792315593
v 45.64424641430378 168.26246036295476 -386.1513435912566
v 91.67565293610096 167.46678758747845 -381.2194878873748
v 53.94553728401661 165.05993950992175 -382.6193618099153
v -127.96134762465954 165.55188491815264 -369.12894727061735
v -91.67564921081066 167.46678758748232 -381.2194640455169
v -121.17848210036755 163.53058419270025 -368.71622053902297
v -45.64424268901348 154.41417914611804 -388.05508761217914
v 91.54194183647633 157.24647481619724 -379.37243253052964
v 45.64424641430378 154.414191067047 -388.05508761218107
v 45.64424641430378 168.26246036295476 -386.1513435912566
v 53.94553728401661 157.24647328882324 -384.1742534941506
v 91.54194183647633 164.61101064772606 -378.59123253166774
v 91.67565293610096 167.46678758747845 -381.2194878873748
v 121.17848582565784 163.53058419269635 -368.7162443808809
v -91.67564921081066 154.41418084900965 -382.1759473394428
v -91.67564921081066 167.46678758748232 -381.2194640455169
v -91.79077558219433 170.8397309517779 -381.44682092459936
v -45.64424268901348 168.26246036295476 -386.1513435912566
v -145.6572514027357 151.06898213956705 -367.1070100739501
v -133.8012795895338 167.93924232253192 -367.4487888358387
v -138.20169977843761 154.41418525790237 -368.833757923154
v 91.67565293610096 167.46678758747845 -381.2194878873748
v 91.79077930748463 170.83974287270297 -381.4468447664592
v 127.96135134994984 165.55188491814874 -369.12897111247526
v 121.17848582565784 163.53058419269635 -368.7162443808809
v 127.96135134994984 165.55188491814874 -369.12897111247526
v 129.54235263168812 157.24647845423843 -368.47512915790855
v -91.54193811118603 157.24647481619724 -379.37243253052964
v -91.54193811118603 164.61101064772996 -378.59120868980983
v -91.67564921081066 167.46678758748232 -381.2194640455169
v -53.94553355872631 165.05993950992175 -382.6193618099153
v -138.20169977843761 154.41418525790237 -368.833757923154
v -127.96134762465954 165.55188491815264 -369.12894727061735
v -129.54234890639782 157.24647845423843 -368.47512915790855
vt 0.10467100143432617 0.09347498416900635
vt 0.10467100143432617 0.09347498416900635
vt 0.016297999769449234 0.08211201429367065
vt 0.6563559770584106 0.4847699999809265
vt 0.6563559770584106 0.4847699999809265
vt 0.6563559770584106 0.40236902236938477
vt 0.5036410093307495 0.4847699999809265
vt 0.6563559770584106 0.4847699999809265
vt 0.6563559770584106 0.4847699999809265
vt 0.10467100143432617 0.09347498416900635
vt 0.10467100143432617 0.09347498416900635
vt 0.17433500289916992 0.12132900953292847
vt 0.5036410093307495 0.4847699999809265
vt 0.5036410093307495 0.4847699999809265
vt 0.6563559770584106 0.4847699999809265
vt 0.6563559770584106 0.4847699999809265
vt 0.6563559770584106 0.40236902236938477
vt 0.6563559770584106 0.40236902236938477
vt 0.10467100143432617 0.09347498416900635
vt 0.17433500289916992 0.12132900953292847
vt 0.17433500289916992 0.12132900953292847
vt 0.9844340085983276 0.21357399225234985
vt 0.9844340085983276 0.21357399225234985
vt 0.983780026435852 0.25049299001693726
vt 0.9844340085983276 0.21357399225234985
vt 0.983780026435852 0.25049299001693726
vt 0.983780026435852 0.25049299001693726
vt 0.6563559770584106 0.4847699999809265
vt 0.6563559770584106 0.4847699999809265
vt 0.6563559770584106 0.40236902236938477
vt 0.5036410093307495 0.4847699999809265
vt 0.5036410093307495 0.4847699999809265
vt 0.3492850065231323 0.4847699999809265
vt 0.10467100143432617 0.09347498416900635
vt 0.10467100143432617 0.09347498416900635
vt 0.016297999769449234 0.08211201429367065
vt 0.10467100143432617 0.09347498416900635
vt 0.10467100143432617 0.09347498416900635
vt 0.17433500289916992 0.12132900953292847
vt 0.5036410093307495 0.4847699999809265
vt 0.5036410093307495 0.4847699999809265
vt 0.6563559770584106 0.4847699999809265
vt 0.5036410093307495 0.4847699999809265
vt 0.6563559770584106 0.4847699999809265
vt 0.6563559770584106 0.4847699999809265
vt 0.6563559770584106 0.4847699999809265
vt 0.6563559770584106 0.40236902236938477
vt 0.6563559770584106 0.40236902236938477
vt 0.5036410093307495 0.4847699999809265
vt 0.5036410093307495 0.4847699999809265
vt 0.3492850065231323 0.4847699999809265
vt 0.5036410093307495 0.4847699999809265
vt 0.3492850065231323 0.4847699999809265
vt 0.3492850065231323 0.4847699999809265
vt 0.9844340085983276 0.21357399225234985
vt 0.983780026435852 0.25049299001693726
vt 0.983780026435852 0.25049299001693726
vt 0.10467100143432617 0.09347498416900635
vt 0.016297999769449234 0.08211201429367065
vt 0.016297999769449234 0.08211201429367065
vt 0.6563559770584106 0.40236902236938477
vt 0.6563559770584106 0.4847699999809265
vt 0.6563559770584106 0.4847699999809265
vt 0.5036410093307495 0.4847699999809265
vt 0.5036410093307495 0.4847699999809265
vt 0.3492850065231323 0.4847699999809265
vt 0.10467100143432617 0.09347498416900635
vt 0.10467100143432617 0.09347498416900635
vt 0.016297999769449234 0.08211201429367065
vt 0.10467100143432617 0.09347498416900635
vt 0.10467100143432617 0.09347498416900635
vt 0.17433500289916992 0.12132900953292847
vt 0.5036410093307495 0.4847699999809265
vt 0.5036410093307495 0.4847699999809265
vt 0.6563559770584106 0.4847699999809265
vt 0.5036410093307495 0.4847699999809265
vt 0.6563559770584106 0.4847699999809265
vt 0.6563559770584106 0.4847699999809265
vt 0.6563559770584106 0.40236902236938477
vt 0.6563559770584106 0.40236902236938477
vt 0.6563559770584106 0.4847699999809265
vt 0.10467100143432617 0.09347498416900635
vt 0.17433500289916992 0.12132900953292847
vt 0.17433500289916992 0.12132900953292847
vt 0.5036410093307495 0.4847699999809265
vt 0.3492850065231323 0.4847699999809265
vt 0.3492850065231323 0.4847699999809265
vt 0.10467100143432617 0.09347498416900635
vt 0.016297999769449234 0.08211201429367065
vt 0.016297999769449234 0.08211201429367065
vt 0.9844340085983276 0.21357399225234985
vt 0.9844340085983276 0.21357399225234985
vt 0.983780026435852 0.25049299001693726
vt 0.10467100143432617 0.09347498416900635
vt 0.17433500289916992 0.12132900953292847
vt 0.17433500289916992 0.12132900953292847
vt 0.5036410093307495 0.4847699999809265
vt 0.6563559770584106 0.4847699999809265
vt 0.6563559770584106 0.40236902236938477
vt 0.5036410093307495 0.4847699999809265
vt 0.6563559770584106 0.40236902236938477
vt 0.5036410093307495 0.40710198879241943
vt 0.3492850065231323 0.4847699999809265
vt 0.5036410093307495 0.4847699999809265
vt 0.5036410093307495 0.40710198879241943
vt 0.3492850065231323 0.4847699999809265
vt 0.5036410093307495 0.40710198879241943
vt 0.38325798511505127 0.4184979796409607
vt 0.5036410093307495 0.4847699999809265
vt 0.5036410093307495 0.40710198879241943
vt 0.6563559770584106 0.40236902236938477
vt 0.5036410093307495 0.4847699999809265
vt 0.6563559770584106 0.40236902236938477
vt 0.6563559770584106 0.4847699999809265
vt 0.3492850065231323 0.4847699999809265
vt 0.38325798511505127 0.4184979796409607
vt 0.5036410093307495 0.40710198879241943
vt 0.3492850065231323 0.4847699999809265
vt 0.5036410093307495 0.40710198879241943
vt 0.5036410093307495 0.4847699999809265
vt 0.9844340085983276 0.21357399225234985
vt 0.983780026435852 0.25049299001693726
vt 0.983780026435852 0.25049299001693726
vt 0.5036410093307495 0.4847699999809265
vt 0.3492850065231323 0.4847699999809265
vt 0.3492850065231323 0.4847699999809265
vt 0.10467100143432617 0.09347498416900635
vt 0.016297999769449234 0.08211201429367065
vt 0.016297999769449234 0.08211201429367065
vt 0.9844340085983276 0.21357399225234985
vt 0.9844340085983276 0.21357399225234985
vt 0.983780026435852 0.25049299001693726
vt 0.016297999769449234 0.08211201429367065
vt 0.10467100143432617 0.09347498416900635
vt 0.016297999769449234 0.08211201429367065
vt 0.6563559770584106 0.40236902236938477
vt 0.6563559770584106 0.4847699999809265
vt 0.6563559770584106 0.40236902236938477
vt 0.5036410093307495 0.4847699999809265
vt 0.17433500289916992 0.12132900953292847
vt 0.10467100143432617 0.09347498416900635
vt 0.17433500289916992 0.12132900953292847
vt 0.6563559770584106 0.4847699999809265
vt 0.5036410093307495 0.4847699999809265
vt 0.6563559770584106 0.4847699999809265
vt 0.6563559770584106 0.4847699999809265
vt 0.6563559770584106 0.4847699999809265
vt 0.6563559770584106 0.40236902236938477
vt 0.10467100143432617 0.09347498416900635
vt 0.10467100143432617 0.09347498416900635
vt 0.17433500289916992 0.12132900953292847
vt 0.983780026435852 0.25049299001693726
vt 0.9844340085983276 0.21357399225234985
vt 0.983780026435852 0.25049299001693726
vt 0.9844340085983276 0.21357399225234985
vt 0.9844340085983276 0.21357399225234985
vt 0.983780026435852 0.25049299001693726
vt 0.6563559770584106 0.40236902236938477
vt 0.6563559770584106 0.4847699999809265
vt 0.6563559770584106 0.40236902236938477
vt 0.3492850065231323 0.4847699999809265
vt 0.016297999769449234 0.08211201429367065
vt 0.10467100143432617 0.09347498416900635
vt 0.016297999769449234 0.08211201429367065
vt 0.17433500289916992 0.12132900953292847
vt 0.10467100143432617 0.09347498416900635
vt 0.17433500289916992 0.12132900953292847
vt 0.6563559770584106 0.4847699999809265
vt 0.5036410093307495 0.4847699999809265
vt 0.6563559770584106 0.4847699999809265
vt 0.6563559770584106 0.4847699999809265
vt 0.6563559770584106 0.40236902236938477
vt 0.3492850065231323 0.4847699999809265
vt 0.5036410093307495 0.4847699999809265
vt 0.3492850065231323 0.4847699999809265
vt 0.5036410093307495 0.4847699999809265
vt 0.9844340085983276 0.21357399225234985
vt 0.9844340085983276 0.21357399225234985
vt 0.983780026435852 0.25049299001693726
vt 0.10467100143432617 0.09347498416900635
vt 0.10467100143432617 0.09347498416900635
vt 0.016297999769449234 0.08211201429367065
vt 0.6563559770584106 0.40236902236938477
vt 0.6563559770584106 0.40236902236938477
vt 0.6563559770584106 0.4847699999809265
vt 0.3492850065231323 0.4847699999809265
vt 0.016297999769449234 0.08211201429367065
vt 0.10467100143432617 0.09347498416900635
vt 0.016297999769449234 0.08211201429367065
vt 0.17433500289916992 0.12132900953292847
vt 0.10467100143432617 0.09347498416900635
vt 0.17433500289916992 0.12132900953292847
vt 0.6563559770584106 0.4847699999809265
vt 0.5036410093307495 0.4847699999809265
vt 0.6563559770584106 0.4847699999809265
vt 0.6563559770584106 0.40236902236938477
vt 0.6563559770584106 0.4847699999809265
vt 0.10467100143432617 0.09347498416900635
vt 0.10467100143432617 0.09347498416900635
vt 0.17433500289916992 0.12132900953292847
vt 0.5036410093307495 0.4847699999809265
vt 0.10467100143432617 0.09347498416900635
vt 0.10467100143432617 0.09347498416900635
vt 0.016297999769449234 0.08211201429367065
vt 0.983780026435852 0.25049299001693726
vt 0.9844340085983276 0.21357399225234985
vt 0.983780026435852 0.25049299001693726
vt 0.10467100143432617 0.09347498416900635
vt 0.10467100143432617 0.09347498416900635
vt 0.17433500289916992 0.12132900953292847
vt 0.9844340085983276 0.21357399225234985
vt 0.9844340085983276 0.21357399225234985
vt 0.983780026435852 0.25049299001693726
vt 0.5036410093307495 0.4847699999809265
vt 0.10467100143432617 0.09347498416900635
vt 0.10467100143432617 0.09347498416900635
vt 0.016297999769449234 0.08211201429367065
vt 0.983780026435852 0.25049299001693726
vt 0.9844340085983276 0.21357399225234985
vt 0.983780026435852 0.25049299001693726
vn 0.06736319396865968 0.8956187689936503 -0.4396921886099855
vn 0.06736319396865968 0.8956187689936503 -0.4396921886099855
vn 0.06736319396865968 0.8956187689936503 -0.4396921886099855
vn 0.8338975144249915 0.05767685470357135 -0.5488973636913592
vn 0.8338975144249915 0.05767685470357135 -0.5488973636913592
vn 0.8338975144249915 0.05767685470357135 -0.5488973636913592
vn 0.05641719031835361 -0.8953755154089755 -0.441723654610769
vn 0.05641696422072575 -0.8953760104189727 -0.4417226800995404
vn 0.056416973915790924 -0.8953759864358448 -0.4417227274753054
vn -0.20473282442388646 0.8780857345911887 -0.4324926742857857
vn -0.20473282442388646 0.8780857345911887 -0.4324926742857857
vn -0.20473282442388646 0.8780857345911887 -0.4324926742857857
vn -0.056417205874614504 -0.8953755262878319 -0.4417236305724311
vn -0.056417205874614504 -0.8953755262878319 -0.4417236305724311
vn -0.056417205874614504 -0.8953755262878319 -0.4417236305724311
vn -0.8125201864059857 0.05339059333568386 -0.5804828948608615
vn -0.8125201864059857 0.05339059333568386 -0.5804828948608615
vn -0.8125201864059857 0.05339059333568386 -0.5804828948608615
vn 0.19069865899516408 0.9149220152959522 -0.3557410960013472
vn 0.19069865899516408 0.9149220152959522 -0.3557410960013472
vn 0.19069865899516408 0.9149220152959522 -0.3557410960013472
vn -0.7270219893116915 0.5014290806483829 -0.46905000174543054
vn -0.7270219893116915 0.5014290806483829 -0.46905000174543054
vn -0.7270219893116915 0.5014290806483829 -0.46905000174543054
vn 0.30319882405743975 0.19417843124838674 -0.9329336578385953
vn 0.30319882405743975 0.19417843124838674 -0.9329336578385953
vn 0.30319882405743975 0.19417843124838674 -0.9329336578385953
vn -0.11645891313738413 0.1352639210731838 -0.9839415598534127
vn -0.11645891313738413 0.1352639210731838 -0.9839415598534127
vn -0.11645891313738413 0.1352639210731838 -0.9839415598534127
vn 0.2737525326438698 0.1173616475031681 -0.9546129029959782
vn 0.2737525448758201 0.1173616325199085 -0.9546129013303111
vn 0.2737523660505268 0.1173621742829727 -0.9546128860063181
vn 0.10506263753896575 -0.07045027882894823 -0.9919670359474044
vn 0.10506263753896575 -0.07045027882894823 -0.9919670359474044
vn 0.10506263753896575 -0.07045027882894823 -0.9919670359474044
vn -0.31169839561279317 -0.07448990904062644 -0.9472567569690544
vn -0.31169839561279317 -0.07448990904062644 -0.9472567569690544
vn -0.31169839561279317 -0.07448990904062644 -0.9472567569690544
vn -0.12583967285570052 0.1157387459256748 -0.9852760625464937
vn -0.12583966774431013 0.11573858476238018 -0.9852760821308933
vn -0.12583985672896136 0.1157417606134704 -0.985275684927081
vn 0.12583963613513055 0.1157387395627298 -0.9852760679838968
vn 0.1258399301634329 0.1157417521775274 -0.9852756765389767
vn 0.12583993146564076 0.11574166396827247 -0.9852756867347222
vn 0.19159595685384695 0.10256611308484272 -0.97609998553628
vn 0.19159595685384695 0.10256611308484272 -0.97609998553628
vn 0.19159595685384695 0.10256611308484272 -0.97609998553628
vn 0.1260287192473955 -0.8893676850029758 -0.43947910393704576
vn 0.1260287192473955 -0.8893676850029758 -0.43947910393704576
vn 0.1260287192473955 -0.8893676850029758 -0.43947910393704576
vn -0.12602866561964435 -0.8893676675764505 -0.4394791545815984
vn -0.12602879225701302 -0.8893679128631081 -0.4394786218825183
vn -0.12602878592403516 -0.889367913722952 -0.439478621958563
vn 0.8258735003727767 0.5035411340079103 -0.25373073866609996
vn 0.8258735003727767 0.5035411340079103 -0.25373073866609996
vn 0.8258735003727767 0.5035411340079103 -0.25373073866609996
vn -0.0730636026106544 0.879746158564599 -0.4697961328750841
vn -0.0730636026106544 0.879746158564599 -0.4697961328750841
vn -0.0730636026106544 0.879746158564599 -0.4697961328750841
vn -0.38462216727907117 0.12571392330193135 -0.9144735085969338
vn -0.38462216727907117 0.12571392330193135 -0.9144735085969338
vn -0.38462216727907117 0.12571392330193135 -0.9144735085969338
vn 0.19840850149699235 0.6942176958496443 -0.691878498945392
vn 0.19840850760168788 0.6942177246760606 -0.6918784682708837
vn 0.1984086795977195 0.6942172239835268 -0.6918789213329852
vn 0.07037670337945406 -0.6772905159297092 -0.7323419123968729
vn 0.07037670337945406 -0.6772905159297092 -0.7323419123968729
vn 0.07037670337945406 -0.6772905159297092 -0.7323419123968729
vn -0.21353767962281328 -0.6669625192248078 -0.7138365760666812
vn -0.21353767962281328 -0.6669625192248078 -0.7138365760666812
vn -0.21353767962281328 -0.6669625192248078 -0.7138365760666812
vn -0.09013019297526889 0.7027695657857745 -0.7056851179665862
vn -0.09013019297526889 0.7027695657857745 -0.7056851179665862
vn -0.09013020393298966 0.7027694158283968 -0.7056852659048589
vn 0.09013003815978378 0.702771009137295 -0.7056837003484381
vn 0.09013000858391174 0.7027709512983417 -0.7056837617260922
vn 0.09013000119385534 0.702770951770267 -0.7056837621999735
vn 0.44188557253279703 0.17508566232615888 -0.8798193858032298
vn 0.44188557253279703 0.17508566232615888 -0.8798193858032298
vn 0.44188557253279703 0.17508566232615888 -0.8798193858032298
vn 0.17918123100834588 -0.7348451404346568 -0.6541381398710089
vn 0.17918123100834588 -0.7348451404346568 -0.6541381398710089
vn 0.17918123100834588 -0.7348451404346568 -0.6541381398710089
vn -0.2737525324044969 0.11736165485112586 -0.954612902161253
vn -0.273752349995445 0.11736218230104405 -0.9546128896246415
vn -0.2737523660505268 0.1173621742829727 -0.9546128860063181
vn -0.1048329912238585 -0.06568864462635626 -0.9923180165240428
vn -0.1048329912238585 -0.06568864462635626 -0.9923180165240428
vn -0.1048329912238585 -0.06568864462635626 -0.9923180165240428
vn -0.20908025335137487 0.16669641582896833 -0.9635858823209795
vn -0.20908025335137487 0.16669641582896833 -0.9635858823209795
vn -0.20908025335137487 0.16669641582896833 -0.9635858823209795
vn 0.30922206120612283 -0.09014845091813602 -0.9467074382619464
vn 0.30922206120612283 -0.09014845091813602 -0.9467074382619464
vn 0.30922206120612283 -0.09014845091813602 -0.9467074382619464
vn 0.1242925904766707 0.19366096943075756 -0.9731632858219312
vn 0.1242925904766707 0.19366096943075756 -0.9731632858219312
vn 0.1242925904766707 0.19366096943075756 -0.9731632858219312
vn 0.10718219565703455 0.10487653456426616 -0.9886925151086798
vn 0.10718219565703455 0.10487653456426616 -0.9886925151086798
vn 0.10718219565703455 0.10487653456426616 -0.9886925151086798
vn 0.27423550492948384 0.1014401726433619 -0.9562974323975548
vn 0.27423550492948384 0.1014401726433619 -0.9562974323975548
vn 0.27423550492948384 0.1014401726433619 -0.9562974323975548
vn 0.3055127030440911 0.37300939794186033 -0.8760855993142131
vn 0.3055127030440911 0.37300939794186033 -0.8760855993142131
vn 0.3055127030440911 0.37300939794186033 -0.8760855993142131
vn -0.1071828158216109 0.1048796804375621 -0.9886921141709717
vn -0.1071828158216109 0.1048796804375621 -0.9886921141709717
vn -0.1071828158216109 0.1048796804375621 -0.9886921141709717
vn -0.1242925904766707 0.19366096943075756 -0.9731632858219312
vn -0.1242925904766707 0.19366096943075756 -0.9731632858219312
vn -0.1242925904766707 0.19366096943075756 -0.9731632858219312
vn -0.30551242185851957 0.37301229615608505 -0.8760844633975121
vn -0.30551242185851957 0.37301229615608505 -0.8760844633975121
vn -0.30551242185851957 0.37301229615608505 -0.8760844633975121
vn -0.2742353985485665 0.10144326580590714 -0.9562971347889425
vn -0.2742353985485665 0.10144326580590714 -0.9562971347889425
vn -0.2742353985485665 0.10144326580590714 -0.9562971347889425
vn -0.07113936535293365 -0.09173431772636392 -0.9932391482661466
vn -0.07113936535293365 -0.09173431772636392 -0.9932391482661466
vn -0.07113936535293365 -0.09173431772636392 -0.9932391482661466
vn -0.1984089766739008 0.694216080714885 -0.6918799832717231
vn -0.19840911995762786 0.6942157626502538 -0.6918802613209647
vn -0.19840912813987516 0.6942157912792147 -0.691880230248956
vn -0.06960932530217022 -0.6521304527400676 -0.7549042419009254
vn -0.06960932530217022 -0.6521304527400676 -0.7549042419009254
vn -0.06960932530217022 -0.6521304527400676 -0.7549042419009254
vn 0.03523170243520742 -0.08509393556212888 -0.9957498427185744
vn 0.03523170243520742 -0.08509393556212888 -0.9957498427185744
vn 0.03523170243520742 -0.08509393556212888 -0.9957498427185744
vn 0.07306335140554525 0.8797461244218543 -0.46979623587904235
vn 0.07306335140554525 0.8797461244218543 -0.46979623587904235
vn 0.07306335140554525 0.8797461244218543 -0.46979623587904235
vn 0.8125204287261318 0.05339057849962253 -0.5804825570421378
vn 0.8125204287261318 0.05339057849962253 -0.5804825570421378
vn 0.8125204287261318 0.05339057849962253 -0.5804825570421378
vn 0.056417203726857205 -0.895375491237593 -0.4417237018937078
vn -0.19069871411981357 0.9149220534067937 -0.3557409684348232
vn -0.19069871411981357 0.9149220534067937 -0.3557409684348232
vn -0.19069871411981357 0.9149220534067937 -0.3557409684348232
vn -0.056416982787890965 -0.8953760094780686 -0.441722679635357
vn -0.056416982787890965 -0.8953760094780686 -0.441722679635357
vn -0.056416982787890965 -0.8953760094780686 -0.441722679635357
vn -0.8338973857051767 0.057676879725475486 -0.548897556616173
vn -0.8338973857051767 0.057676879725475486 -0.548897556616173
vn -0.8338973857051767 0.057676879725475486 -0.548897556616173
vn 0.20473239620719857 0.8780867689757414 -0.4324907768877868
vn 0.20473239620719857 0.8780867689757414 -0.4324907768877868
vn 0.20473239620719857 0.8780867689757414 -0.4324907768877868
vn -0.8258751714373492 0.5035422314574369 -0.25372312141819875
vn -0.8258751714373492 0.5035422314574369 -0.25372312141819875
vn -0.8258751714373492 0.5035422314574369 -0.25372312141819875
vn 0.20908066549361484 0.16669494843619298 -0.9635860467454902
vn 0.20908066549361484 0.16669494843619298 -0.9635860467454902
vn 0.20908066549361484 0.16669494843619298 -0.9635860467454902
vn -0.19159605689368353 0.10256613315166176 -0.9760999637911622
vn -0.19159605689368353 0.10256613315166176 -0.9760999637911622
vn -0.19159605689368353 0.10256613315166176 -0.9760999637911622
vn 0.273752349995445 0.11736218230104405 -0.9546128896246415
vn 0.10483259396153499 -0.06568961916009107 -0.9923179939807089
vn 0.10483259396153499 -0.06568961916009107 -0.9923179939807089
vn 0.10483259396153499 -0.06568961916009107 -0.9923179939807089
vn -0.30922178129200667 -0.0901482028778051 -0.946707553309099
vn -0.30922178129200667 -0.0901482028778051 -0.946707553309099
vn -0.30922178129200667 -0.0901482028778051 -0.946707553309099
vn -0.12583986998342667 0.1157418559564596 -0.985275672034131
vn 0.1258396164737335 0.11573859242748495 -0.9852760877787751
vn 0.11645883116892425 0.13526401671361343 -0.9839415564073241
vn 0.11645883116892425 0.13526401671361343 -0.9839415564073241
vn 0.11645883116892425 0.13526401671361343 -0.9839415564073241
vn 0.1260287012384623 -0.8893679470411742 -0.4394785788180278
vn 0.1260287012384623 -0.8893679470411742 -0.4394785788180278
vn 0.1260287012384623 -0.8893679470411742 -0.4394785788180278
vn -0.1260286576359965 -0.8893676567877852 -0.4394791787039213
vn 0.7270238920855209 0.5014301914869047 -0.46904586492391886
vn 0.7270238920855209 0.5014301914869047 -0.46904586492391886
vn 0.7270238920855209 0.5014301914869047 -0.46904586492391886
vn -0.0673637810015355 0.8956177349341632 -0.4396942049658787
vn -0.0673637810015355 0.8956177349341632 -0.4396942049658787
vn -0.0673637810015355 0.8956177349341632 -0.4396942049658787
vn -0.44188557253279703 0.17508566232615888 -0.8798193858032298
vn -0.44188557253279703 0.17508566232615888 -0.8798193858032298
vn -0.44188557253279703 0.17508566232615888 -0.8798193858032298
vn 0.19840867349302638 0.6942171951570704 -0.6918789520074935
vn 0.06960887457732973 -0.6521311436217717 -0.7549036866373338
vn 0.06960887457732973 -0.6521311436217717 -0.7549036866373338
vn 0.06960887457732973 -0.6521311436217717 -0.7549036866373338
vn -0.1791812528676174 -0.734845107859206 -0.6541381704779066
vn -0.1791812528676174 -0.734845107859206 -0.6541381704779066
vn -0.1791812528676174 -0.734845107859206 -0.6541381704779066
vn -0.09013020393298966 0.7027694158283968 -0.7056852659048589
vn 0.09013003815978378 0.702771009137295 -0.7056837003484381
vn 0.38462233113230576 0.12571403246106932 -0.9144734246749482
vn 0.38462233113230576 0.12571403246106932 -0.9144734246749482
vn 0.38462233113230576 0.12571403246106932 -0.9144734246749482
vn 0.2135376158101166 -0.6669623738096961 -0.7138367310220636
vn 0.2135376158101166 -0.6669623738096961 -0.7138367310220636
vn 0.2135376158101166 -0.6669623738096961 -0.7138367310220636
vn -0.27375256045216456 0.11736163919771991 -0.9546128960425311
vn -0.10506314303326023 -0.07045051647961198 -0.9919669655304701
vn -0.10506314303326023 -0.07045051647961198 -0.9919669655304701
vn -0.10506314303326023 -0.07045051647961198 -0.9919669655304701
vn -0.3031999482416444 0.1941803672665206 -0.9329328895234121
vn -0.3031999482416444 0.1941803672665206 -0.9329328895234121
vn -0.3031999482416444 0.1941803672665206 -0.9329328895234121
vn 0.3116982505723426 -0.07448960451586908 -0.9472568286421642
vn 0.3116982505723426 -0.07448960451586908 -0.9472568286421642
vn 0.3116982505723426 -0.07448960451586908 -0.9472568286421642
vn -0.035230893207726335 -0.08509680355495457 -0.9957496262557748
vn -0.035230893207726335 -0.08509680355495457 -0.9957496262557748
vn -0.035230893207726335 -0.08509680355495457 -0.9957496262557748
vn -0.19840896846403322 0.6942161115939013 -0.6918799546427707
vn -0.07037716736917171 -0.6772904639917151 -0.732341915841896
vn -0.07037716736917171 -0.6772904639917151 -0.732341915841896
vn -0.07037716736917171 -0.6772904639917151 -0.732341915841896
vn 0.07113835545746611 -0.09173119813933367 -0.9932395087141517
vn 0.07113835545746611 -0.09173119813933367 -0.9932395087141517
vn 0.07113835545746611 -0.09173119813933367 -0.9932395087141517
f 2881/1/2881 2882/2/2882 2883/3/2883
f 2884/4/2884 2885/5/2885 2886/6/2886
f 2887/7/2887 2888/8/2888 2889/9/2889
f 2890/10/2890 2891/11/2891 2892/12/2892
f 2893/13/2893 2894/14/2894 2895/15/2895
f 2896/16/2896 2897/17/2897 2898/18/2898
f 2899/19/2899 2900/20/2900 2901/21/2901
f 2902/22/2902 2903/23/2903 2904/24/2904
f 2905/25/2905 2906/26/2906 2907/27/2907
f 2908/28/2908 2909/29/2909 2910/30/2910
f 2911/31/2911 2912/32/2912 2913/33/2913
f 2914/34/2914 2915/35/2915 2916/36/2916
f 2917/37/2917 2918/38/2918 2919/39/2919
f 2920/40/2920 2921/41/2921 2922/42/2922
f 2923/43/2923 2924/44/2924 2925/45/2925
f 2926/46/2926 2927/47/2927 2928/48/2928
f 2929/49/2929 2930/50/2930 2931/51/2931
f 2932/52/2932 2933/53/2933 2934/54/2934
f 2935/55/2935 2936/56/2936 2937/57/2937
f 2938/58/2938 2939/59/2939 2940/60/2940
f 2941/61/2941 2942/62/2942 2943/63/2943
f 2944/64/2944 2945/65/2945 2946/66/2946
f 2947/67/2947 2948/68/2948 2949/69/2949
f 2950/70/2950 2951/71/2951 2952/72/2952
f 2953/73/2953 2954/74/2954 2955/75/2955
f 2956/76/2956 2957/77/2957 2958/78/2958
f 2959/79/2959 2960/80/2960 2961/81/2961
f 2962/82/2962 2963/83/2963 2964/84/2964
f 2965/85/2965 2966/86/2966 2967/87/2967
f 2968/88/2968 2969/89/2969 2970/90/2970
f 2971/91/2971 2972/92/2972 2973/93/2973
f 2974/94/2974 2975/95/2975 2976/96/2976
f 2977/97/2977 2978/98/2978 2979/99/2979
f 2980/100/2980 2981/101/2981 2982/102/2982
f 2983/103/2983 2984/104/2984 2985/105/2985
f 2986/106/2986 2987/107/2987 2988/108/2988
f 2989/109/2989 2990/110/2990 2991/111/2991
f 2992/112/2992 2993/113/2993 2994/114/2994
f 2995/115/2995 2996/116/2996 2997/117/2997
f 2998/118/2998 2999/119/2999 3000/120/3000
f 3001/121/3001 3002/122/3002 3003/123/3003
f 3004/124/3004 3005/125/3005 3006/126/3006
f 3007/127/3007 3008/128/3008 3009/129/3009
f 3010/130/3010 3011/131/3011 3012/132/3012
f 3013/133/3013 3014/134/3014 3015/135/3015
f 3016/136/3016 3017/137/3017 3018/138/3018
f 3019/139/3019 2887/7/2887 2889/9/2889
f 3020/140/3020 3021/141/3021 3022/142/3022
f 3023/143/3023 3024/144/3024 3025/145/3025
f 3026/146/3026 3027/147/3027 3028/148/3028
f 3029/149/3029 3030/150/3030 3031/151/3031
f 3032/152/3032 3033/153/3033 3034/154/3034
f 3035/155/3035 3036/156/3036 3037/157/3037
f 3038/158/3038 3039/159/3039 3040/160/3040
f 3041/161/3041 2911/31/2911 2913/33/2913
f 3042/162/3042 3043/163/3043 3044/164/3044
f 3045/165/3045 3046/166/3046 3047/167/3047
f 3048/168/3048 2920/40/2920 2922/42/2922
f 3049/169/3049 2923/43/2923 2925/45/2925
f 3050/170/3050 3051/171/3051 3052/172/3052
f 3053/173/3053 3054/174/3054 3055/175/3055
f 3056/176/3056 2932/52/2932 2934/54/2934
f 3057/177/3057 3058/178/3058 3059/179/3059
f 3060/180/3060 3061/181/3061 3062/182/3062
f 3063/183/3063 3064/184/3064 3065/185/3065
f 3066/186/3066 2944/64/2944 2946/66/2946
f 3067/187/3067 3068/188/3068 3069/189/3069
f 3070/190/3070 3071/191/3071 3072/192/3072
f 3073/193/3073 2953/73/2953 2955/75/2955
f 3074/194/3074 2956/76/2956 2958/78/2958
f 3075/195/3075 3076/196/3076 3077/197/3077
f 3078/198/3078 3079/199/3079 3080/200/3080
f 3081/201/3081 2965/85/2965 2967/87/2967
f 3082/202/3082 3083/203/3083 3084/204/3084
f 3085/205/3085 3086/206/3086 3087/207/3087
f 3088/208/3088 3089/209/3089 3090/210/3090
f 3091/211/3091 3092/212/3092 3093/213/3093
f 3094/214/3094 3004/124/3004 3006/126/3006
f 3095/215/3095 3096/216/3096 3097/217/3097
f 3098/218/3098 3099/219/3099 3100/220/3100
o WFR_Material027_0
usemtl Material.027
v -172.5275138616562 65.03428061230038 229.06513595581313
v -113.59229183197021 65.03428657276486 229.06513595581217
v -113.59229183197021 52.25907429751081 230.32339208836692
v -172.5275138616562 52.25906833704633 230.32339208836788
v -172.5275138616562 52.25906833704633 230.32339208836788
v -113.59229183197021 52.25907429751081 230.32339208836692
v -113.59229183197021 39.97480646580526 234.0498109159764
v -172.5275138616562 39.97480348557302 234.04981091597688
v -172.5275138616562 39.97480348557302 234.04981091597688
v -113.59229183197021 39.97480646580526 234.0498109159764
v -113.59229183197021 28.65356082769859 240.10113855847618
v -172.5275138616562 28.653557847466352 240.10113855847666
v -172.5275138616562 28.653557847466352 240.10113855847666
v -113.59229183197021 28.65356082769859 240.10113855847618
v -113.59229183197021 18.730408038801762 248.24485722571544
v -172.5275138616562 18.730405058569524 248.24485722571592
v -172.5275138616562 18.730405058569524 248.24485722571592
v -113.59229183197021 18.730408038801762 248.24485722571544
v -113.59229183197021 10.58668068401046 258.16803054956745
v -172.5275138616562 10.58668068401046 258.16803054956745
v -172.5275138616562 10.58668068401046 258.16803054956745
v -113.59229183197021 10.58668068401046 258.16803054956745
v -113.59229183197021 4.535356730439126 269.4892662385174
v -172.5275138616562 4.535350769974649 269.4892662385184
v -172.5275138616562 4.535350769974649 269.4892662385184
v -113.59229183197021 4.535356730439126 269.4892662385174
v -113.59229183197021 0.8089717078728 281.77352336350987
v -172.5275138616562 0.8089657474083225 281.77352336351083
v -172.5275138616562 0.8089657474083225 281.77352336351083
v -113.59229183197021 0.8089717078728 281.77352336350987
v -113.59229183197021 -0.44927430152195313 294.54875414829553
v -172.5275138616562 -0.4492802619864307 294.54875414829655
v -172.5275138616562 -0.4492802619864307 294.54875414829655
v -113.59229183197021 -0.44927430152195313 294.54875414829553
v -113.59227991104126 0.8089699100989804 307.32393649522436
v -172.52749001979828 0.8089699100989804 307.32393649522436
v -172.52749001979828 0.8089699100989804 307.32393649522436
v -113.59227991104126 0.8089699100989804 307.32393649522436
v -113.59227991104126 4.5353708563203625 319.60823710948745
v -172.52749001979828 4.5353708563203625 319.60823710948745
v -172.52749001979828 4.5353708563203625 319.60823710948745
v -113.59227991104126 4.5353708563203625 319.60823710948745
v -113.59227991104126 10.586704459286551 330.92949466852207
v -172.52749001979828 10.586704459286551 330.92949466852207
v -172.52749001979828 10.586704459286551 330.92949466852207
v -113.59227991104126 10.586704459286551 330.92949466852207
v -113.59227991104126 18.730441007922167 340.85266533880946
v -172.52749001979828 18.730438027689928 340.8526653388099
v -172.52749001979828 18.730438027689928 340.8526653388099
v -113.59227991104126 18.730441007922167 340.85266533880946
v -113.59227991104126 28.653602410833592 348.99632116802894
v -172.52749001979828 28.653599430601354 348.99632116802945
v -172.52749001979828 28.653599430601354 348.99632116802945
v -113.59227991104126 28.653602410833592 348.99632116802894
v -113.59227991104126 39.974858961416956 355.0476928053127
v -172.52749001979828 39.97485598118472 355.0476928053132
v -172.52749001979828 39.97485598118472 355.0476928053132
v -113.59227991104126 39.974858961416956 355.0476928053127
v -113.59227991104126 52.259133967797986 358.7740480255537
v -172.52749001979828 52.25912800733351 358.7740480255547
v -172.52749001979828 52.25912800733351 358.7740480255547
v -113.59227991104126 52.259133967797986 358.7740480255537
v -113.59227991104126 65.03435308912977 360.03227615355695
v -172.52749001979828 65.03434712866529 360.0322761535579
v -172.52749001979828 65.03434712866529 360.0322761535579
v -113.59227991104126 65.03435308912977 360.03227615355695
v -113.59227991104126 77.80957094136943 358.7740438628592
v -172.52749001979828 77.80956498090495 358.77404386286014
v -172.52749001979828 77.80956498090495 358.77404386286014
v -113.59227991104126 77.80957094136943 358.7740438628592
v -113.59229183197021 90.09384473354721 355.0476727189646
v -172.52750194072723 90.09383877308274 355.04767271896554
v -172.52750194072723 90.09383877308274 355.04767271896554
v -113.59229183197021 90.09384473354721 355.0476727189646
v -113.59229183197021 101.4150903716461 348.99629739274894
v -172.52750194072723 101.4150903716461 348.99629739274894
v -172.52750194072723 101.4150903716461 348.99629739274894
v -113.59229183197021 101.4150903716461 348.99629739274894
v -113.59229183197021 111.33823720007555 340.85256084411725
v -172.52750194072723 111.33823720007555 340.85256084411725
v -172.52750194072723 111.33823720007555 340.85256084411725
v -113.59229183197021 111.33823720007555 340.85256084411725
v -113.59229183197021 119.4819526339379 330.92938752026714
v -172.52750194072723 119.4819526339379 330.92938752026714
v -172.52750194072723 119.4819526339379 330.92938752026714
v -113.59229183197021 119.4819526339379 330.92938752026714
v -113.59229183197021 125.53327658750536 319.6081279894593
v -172.52750194072723 125.53327658750536 319.6081279894593
v -172.52750194072723 125.53327658750536 319.6081279894593
v -113.59229183197021 125.53327658750536 319.6081279894593
v -113.59229183197021 129.2596556496072 307.32387086446784
v -172.52750194072723 129.2596556496072 307.32387086446784
v -172.52750194072723 129.2596556496072 307.32387086446784
v -113.59229183197021 129.2596556496072 307.32387086446784
v -113.59230375289917 130.5178837776085 294.5486399482005
v -172.52752578258514 130.5178837776085 294.5486399482005
v -172.52752578258514 130.5178837776085 294.5486399482005
v -113.59230375289917 130.5178837776085 294.5486399482005
v -113.59230375289917 129.25961572412191 281.7734100490443
v -172.52752578258514 129.25961572412191 281.7734100490443
v -172.52752578258514 129.25961572412191 281.7734100490443
v -113.59230375289917 129.25961572412191 281.7734100490443
v -113.59230375289917 125.53319689651485 269.4891571185
v -172.52752578258514 125.53319689651485 269.4891571185
v -172.52752578258514 125.53319689651485 269.4891571185
v -113.59230375289917 125.53319689651485 269.4891571185
v -113.59230375289917 119.48185733308419 258.16789955946626
v -172.52752578258514 119.48185733308419 258.16789955946626
v -172.52752578258514 119.48185733308419 258.16789955946626
v -113.59230375289917 119.48185733308419 258.16789955946626
v -113.59230375289917 111.33812078445635 248.24477657289475
v -172.52752578258514 111.33812078445635 248.24477657289475
v -172.52752578258514 111.33812078445635 248.24477657289475
v -113.59230375289917 111.33812078445635 248.24477657289475
v -113.59230375289917 101.41494746060334 240.101043257639
v -172.52752578258514 101.41494746060334 240.101043257639
v -172.52752578258514 101.41494746060334 240.101043257639
v -113.59230375289917 101.41494746060334 240.101043257639
v -113.59230375289917 90.09368196933103 234.04971930407248
v -172.52752578258514 90.09367600886655 234.04971930407345
v -172.5275138616562 77.80940398272165 230.32338792568987
v -113.59229183197021 77.80940994318613 230.3233879256889
v -113.59229183197021 65.03428657276486 229.06513595581217
v -172.5275138616562 65.03428061230038 229.06513595581313
v -172.52752578258514 90.09367600886655 234.04971930407345
v -113.59230375289917 90.09368196933103 234.04971930407248
v -113.59229183197021 77.80940994318613 230.3233879256889
v -172.5275138616562 77.80940398272165 230.32338792568987
v -172.5275138616562 18.730405058569524 248.24485722571592
v -172.5275138616562 10.58668068401046 258.16803054956745
v -176.36682784557343 14.717288977067462 260.9280110320015
v -176.36682784557343 22.243199410247932 251.75764149208558
v -172.52752578258514 90.09367600886655 234.04971930407345
v -172.5275138616562 77.80940398272165 230.32338792568987
v -176.36682784557343 76.84022803707718 235.19575784982408
v -176.36683976650238 88.19257171035146 238.63942031265526
v -176.36682784557343 22.243199410247932 251.75764149208558
v -176.36682784557343 14.717288977067462 260.9280110320015
v -176.36682784557343 21.73879736223713 265.61960770738096
v -176.36682784557343 28.21450098505349 257.72892920026743
v -176.36683976650238 88.19257171035146 238.63942031265526
v -176.36682784557343 76.84022803707718 235.19575784982408
v -176.36682784557343 75.19277041590846 243.47818113763827
v -176.36683976650238 84.96094176205081 246.44129333099124
v -172.52749001979828 28.653599430601354 348.99632116802945
v -172.52749001979828 39.97485598118472 355.0476928053132
v -176.36681592464447 41.8759602797037 350.4580156385893
v -176.36681592464447 31.413579913036358 344.8657188354369
v -172.52750194072723 125.53327658750536 319.6081279894593
v -172.52750194072723 129.2596556496072 307.32387086446784
v -176.36682784557343 124.38726188361215 306.3546770374338
v -176.36682784557343 120.94358749985298 317.7070266711745
v -172.5275138616562 77.80940398272165 230.32338792568987
v -172.5275138616562 65.03428061230038 229.06513595581313
v -176.36682784557343 65.03428223102591 234.03296852112055
v -176.36682784557343 76.84022803707718 235.19575784982408
v -172.5275138616562 10.58668068401046 258.16803054956745
v -172.5275138616562 4.535350769974649 269.4892662385184
v -176.36682784557343 9.125039857627009 271.39036755680314
v -176.36682784557343 14.717288977067462 260.9280110320015
v -172.52749001979828 39.97485598118472 355.0476928053132
v -172.52749001979828 52.25912800733351 358.7740480255547
v -176.36681592464447 53.2282979925135 353.90167810142145
v -176.36681592464447 41.8759602797037 350.4580156385893
v -172.52750194072723 129.2596556496072 307.32387086446784
v -172.52752578258514 130.5178837776085 294.5486399482005
v -176.36683976650238 125.55005121230107 294.5486415669282
v -176.36682784557343 124.38726188361215 306.3546770374338
v -172.5275138616562 4.535350769974649 269.4892662385184
v -172.5275138616562 0.8089657474083225 281.77352336351083
v -176.36682784557343 5.681353552935008 282.7426933486879
v -176.36682784557343 9.125039857627009 271.39036755680314
v -172.52749001979828 52.25912800733351 358.7740480255547
v -172.52749001979828 65.03434712866529 360.0322761535579
v -176.36681592464447 65.03434550995003 355.06446743010844
v -176.36681592464447 53.2282979925135 353.90167810142145
v -172.52752578258514 130.5178837776085 294.5486399482005
v -172.52752578258514 129.25961572412191 281.7734100490443
v -176.36683976650238 124.38723419485976 282.74260695381986
v -176.36683976650238 125.55005121230107 294.5486415669282
v -172.5275138616562 0.8089657474083225 281.77352336351083
v -172.5275138616562 -0.4492802619864307 294.54875414829655
v -176.36682784557343 4.518558263785465 294.5487525295707
v -176.36682784557343 5.681353552935008 282.7426933486879
v -172.52749001979828 65.03434712866529 360.0322761535579
v -172.52749001979828 77.80956498090495 358.77404386286014
v -176.36681592464447 76.8403799970603 353.901674254525
v -176.36681592464447 65.03434550995003 355.06446743010844
v -172.52752578258514 129.25961572412191 281.7734100490443
v -172.52752578258514 125.53319689651485 269.4891571185
v -176.36683976650238 120.94352034924913 271.39025993229325
v -176.36683976650238 124.38723419485976 282.74260695381986
v -172.5275138616562 -0.4492802619864307 294.54875414829655
v -172.52749001979828 0.8089699100989804 307.32393649522436
v -176.36681592464447 5.681351439365024 306.3547634323067
v -176.36682784557343 4.518558263785465 294.5487525295707
v -172.52749001979828 77.80956498090495 358.77404386286014
v -172.52750194072723 90.09383877308274 355.04767271896554
v -176.36682784557343 88.19272105812826 350.45799617170223
v -176.36681592464447 76.8403799970603 353.901674254525
v -172.5275138616562 65.03428061230038 229.06513595581313
v -172.5275138616562 52.25906833704633 230.32339208836788
v -176.36682784557343 53.228247360426494 235.195761696704
v -176.36682784557343 65.03428223102591 234.03296852112055
v -172.52752578258514 125.53319689651485 269.4891571185
v -172.52752578258514 119.48185733308419 258.16789955946626
v -176.36683976650238 115.35125589980768 260.9278813878222
v -176.36683976650238 120.94352034924913 271.39025993229325
v -172.52749001979828 0.8089699100989804 307.32393649522436
v -172.52749001979828 4.5353708563203625 319.60823710948745
v -176.36681592464447 9.125053364046686 317.7071104538353
v -176.36681592464447 5.681351439365024 306.3547634323067
v -172.52750194072723 90.09383877308274 355.04767271896554
v -172.52750194072723 101.4150903716461 348.99629739274894
v -176.36682784557343 98.65510258282569 344.86569595947344
v -176.36682784557343 88.19272105812826 350.45799617170223
v -172.52752578258514 119.48185733308419 258.16789955946626
v -172.52752578258514 111.33812078445635 248.24477657289475
v -176.36683976650238 107.8253365180862 251.7575679443409
v -176.36683976650238 115.35125589980768 260.9278813878222
v -172.5275138616562 52.25906833704633 230.32339208836788
v -172.5275138616562 39.97480348557302 234.04981091597688
v -176.36682784557343 41.875912259830784 238.63948746324164
v -176.36682784557343 53.228247360426494 235.195761696704
v -172.52749001979828 4.5353708563203625 319.60823710948745
v -172.52749001979828 10.586704459286551 330.92949466852207
v -176.36681592464447 14.717311853027546 328.16951284016517
v -176.36681592464447 9.125053364046686 317.7071104538353
v -172.52750194072723 101.4150903716461 348.99629739274894
v -172.52750194072723 111.33823720007555 340.85256084411725
v -176.36682784557343 107.82543390770043 337.33977657774903
v -176.36682784557343 98.65510258282569 344.86569595947344
v -172.52752578258514 111.33812078445635 248.24477657289475
v -172.52752578258514 101.41494746060334 240.101043257639
v -176.36683976650238 98.65497293863669 244.23166943208844
v -176.36683976650238 107.8253365180862 251.7575679443409
v -172.5275138616562 39.97480348557302 234.04981091597688
v -172.5275138616562 28.653557847466352 240.10113855847666
v -176.36682784557343 31.41354265605453 244.2317399917527
v -176.36682784557343 41.875912259830784 238.63948746324164
v -172.52749001979828 10.586704459286551 330.92949466852207
v -172.52749001979828 18.730438027689928 340.8526653388099
v -176.36681592464447 22.24322527428842 337.33985012550534
v -176.36681592464447 14.717311853027546 328.16951284016517
v -172.52750194072723 111.33823720007555 340.85256084411725
v -172.52750194072723 119.4819526339379 330.92938752026714
v -176.36682784557343 115.35133838041642 328.1694070378341
v -176.36682784557343 107.82543390770043 337.33977657774903
v -172.52752578258514 101.41494746060334 240.101043257639
v -172.52752578258514 90.09367600886655 234.04971930407345
v -176.36683976650238 88.19257171035146 238.63942031265526
v -176.36683976650238 98.65497293863669 244.23166943208844
v -172.5275138616562 28.653557847466352 240.10113855847666
v -172.5275138616562 18.730405058569524 248.24485722571592
v -176.36682784557343 22.243199410247932 251.75764149208558
v -176.36682784557343 31.41354265605453 244.2317399917527
v -172.52749001979828 18.730438027689928 340.8526653388099
v -172.52749001979828 28.653599430601354 348.99632116802945
v -176.36681592464447 31.413579913036358 344.8657188354369
v -176.36681592464447 22.24322527428842 337.33985012550534
v -172.52750194072723 119.4819526339379 330.92938752026714
v -172.52750194072723 125.53327658750536 319.6081279894593
v -176.36682784557343 120.94358749985298 317.7070266711745
v -176.36682784557343 115.35133838041642 328.1694070378341
v -176.36682784557343 13.963776840751152 284.3901628907856
v -176.36682784557343 12.963254928595305 294.54874977793963
v -173.58222997188568 20.172403931623883 294.5487474288987
v -173.58222997188568 21.034410838923 285.7965921918952
v -176.36682784557343 65.03428223102591 234.03296852112055
v -176.36682784557343 65.03428498265532 242.4776592254659
v -176.36682784557343 9.125039857627009 271.39036755680314
v -176.36682784557343 16.9269247968939 274.62200942603084
v -176.36682784557343 5.681353552935008 282.7426933486879
v -176.36682784557343 13.963776840751152 284.3901628907856
v -176.36682784557343 4.518558263785465 294.5487525295707
v -176.36682784557343 12.963254928595305 294.54874977793963
v -176.36681592464447 5.681351439365024 306.3547634323067
v -176.36681592464447 13.963780150831006 304.70728821121986
v -176.36681592464447 9.125053364046686 317.7071104538353
v -176.36681592464447 16.926931289849506 314.4754869040576
v -176.36681592464447 14.717311853027546 328.16951284016517
v -176.36681592464447 21.73881870947187 323.4778602327078
v -176.36681592464447 22.24322527428842 337.33985012550534
v -176.36681592464447 28.21452490340117 331.3685604716268
v -176.36681592464447 31.413579913036358 344.8657188354369
v -176.36681592464447 36.10519446980731 337.84419852933536
v -176.36681592464447 41.8759602797037 350.4580156385893
v -176.36681592464447 45.10759916870204 342.6561485807163
v -176.36681592464447 53.2282979925135 353.90167810142145
v -176.36681592464447 54.87577349507176 345.61923097174645
v -176.36681592464447 65.03434550995003 355.06446743010844
v -176.36681592464447 65.03433679785543 346.61977672576404
v -176.36681592464447 76.8403799970603 353.901674254525
v -176.36681592464447 75.19290477597055 345.6192276616656
v -176.36682784557343 88.19272105812826 350.45799617170223
v -176.36682784557343 84.96106770603116 342.6561361272977
v -176.36682784557343 98.65510258282569 344.86569595947344
v -176.36682784557343 93.9634797776888 337.8441771820953
v -176.36682784557343 107.82543390770043 337.33977657774903
v -176.36682784557343 101.85413233289098 331.3684650277093
v -176.36682784557343 115.35133838041642 328.1694070378341
v -176.36682784557343 108.32982999524675 323.47781036245465
v -176.36682784557343 120.94358749985298 317.7070266711745
v -176.36682784557343 113.14170852105057 314.4753848019459
v -176.36682784557343 124.38726188361215 306.3546770374338
v -176.36682784557343 116.104838595796 304.70720749533615
v -176.36683976650238 125.55005121230107 294.5486415669282
v -176.36683976650238 117.10536050795571 294.54864431855833
v -176.36683976650238 124.38723419485976 282.74260695381986
v -176.36683976650238 116.10481144385824 284.39008217490573
v -176.36683976650238 120.94352034924913 271.39025993229325
v -176.36683976650238 113.14164838391467 274.6219073239278
v -176.36683976650238 115.35125589980768 260.9278813878222
v -176.36683976650238 108.3297609642923 265.6195339952776
v -176.36682784557343 53.228247360426494 235.195761696704
v -176.36682784557343 54.87572854197685 243.47818444770456
v -176.36683976650238 107.8253365180862 251.7575679443409
v -176.36683976650238 101.85404880990242 257.72885759821753
v -176.36682784557343 41.875912259830784 238.63948746324164
v -176.36682784557343 45.10755667123214 246.4413534681121
v -176.36683976650238 98.65497293863669 244.23166943208844
v -176.36683976650238 93.9633643423312 251.25319569865349
v -176.36682784557343 31.41354265605453 244.2317399917527
v -176.36682784557343 36.105168441420744 251.2532408877369
v -176.36682784557343 12.963254928595305 294.54874977793963
v -176.36681592464447 13.963780150831006 304.70728821121986
v -173.58221805095673 21.0344136907294 303.3008551160893
v -173.58222997188568 20.172403931623883 294.5487474288987
v -176.36681592464447 13.963780150831006 304.70728821121986
v -176.36681592464447 16.926931289849506 314.4754869040576
v -173.58221805095673 23.587320740581504 311.7166252308687
v -173.58221805095673 21.0344136907294 303.3008551160893
v -176.36681592464447 16.926931289849506 314.4754869040576
v -176.36681592464447 21.73881870947187 323.4778602327078
v -173.58221805095673 27.73300684249589 319.47266554580347
v -173.58221805095673 23.587320740581504 311.7166252308687
v -176.36681592464447 21.73881870947187 323.4778602327078
v -176.36681592464447 28.21452490340117 331.3685604716268
v -173.58221805095673 33.31216363358772 326.2709081594876
v -173.58221805095673 27.73300684249589 319.47266554580347
v -176.36681592464447 28.21452490340117 331.3685604716268
v -176.36681592464447 36.10519446980731 337.84419852933536
v -173.58221805095673 40.11038124309019 331.84999419009335
v -173.58221805095673 33.31216363358772 326.2709081594876
v -176.36681592464447 36.10519446980731 337.84419852933536
v -176.36681592464447 45.10759916870204 342.6561485807163
v -173.58221805095673 47.86641992864138 335.99575823103976
v -173.58221805095673 40.11038124309019 331.84999419009335
v -176.36681592464447 45.10759916870204 342.6561485807163
v -176.36681592464447 54.87577349507176 345.61923097174645
v -173.58221805095673 56.28220279618135 338.54859697357455
v -173.58221805095673 47.86641992864138 335.99575823103976
v -176.36681592464447 54.87577349507176 345.61923097174645
v -176.36681592464447 65.03433679785543 346.61977672576404
v -173.58221805095673 65.03433444880683 339.41059792041307
v -173.58221805095673 56.28220279618135 338.54859697357455
v -176.36681592464447 65.03433679785543 346.61977672576404
v -176.36681592464447 75.19290477597055 345.6192276616656
v -173.58221805095673 73.78646572037545 338.5485941217682
v -173.58221805095673 65.03433444880683 339.41059792041307
v -176.36681592464447 75.19290477597055 345.6192276616656
v -176.36682784557343 84.96106770603116 342.6561361272977
v -173.58222997188568 82.20224775609356 335.9957466765589
v -173.58221805095673 73.78646572037545 338.5485941217682
v -176.36682784557343 84.96106770603116 342.6561361272977
v -176.36682784557343 93.9634797776888 337.8441771820953
v -173.58222997188568 89.95828211055071 331.84998010837506
v -173.58222997188568 82.20224775609356 335.9957466765589
v -176.36682784557343 93.9634797776888 337.8441771820953
v -176.36682784557343 101.85413233289098 331.3684650277093
v -173.58222997188568 96.75649790214712 326.2708382184488
v -173.58222997188568 89.95828211055071 331.84998010837506
v -176.36682784557343 101.85413233289098 331.3684650277093
v -176.36682784557343 108.32982999524675 323.47781036245465
v -173.58222997188568 102.33563757692885 319.4725937868474
v -173.58222997188568 96.75649790214712 326.2708382184488
v -176.36682784557343 108.32982999524675 323.47781036245465
v -176.36682784557343 113.14170852105057 314.4753848019459
v -173.58222997188568 106.48131817137548 311.71657298270327
v -173.58222997188568 102.33563757692885 319.4725937868474
v -176.36682784557343 113.14170852105057 314.4753848019459
v -176.36682784557343 116.104838595796 304.70720749533615
v -173.58222997188568 109.03421651855311 303.3007781942246
v -173.58222997188568 106.48131817137548 311.71657298270327
v -176.36682784557343 116.104838595796 304.70720749533615
v -176.36683976650238 117.10536050795571 294.54864431855833
v -173.58224189281464 109.89620554446266 294.5486466676002
v -173.58222997188568 109.03421651855311 303.3007781942246
v -176.36683976650238 117.10536050795571 294.54864431855833
v -176.36683976650238 116.10481144385824 284.39008217490573
v -173.58224189281464 109.0341898248888 285.7965152700344
v -173.58224189281464 109.89620554446266 294.5486466676002
v -176.36683976650238 116.10481144385824 284.39008217490573
v -176.36683976650238 113.14164838391467 274.6219073239278
v -173.58224189281464 106.48127085410385 277.38072131339896
v -173.58224189281464 109.0341898248888 285.7965152700344
v -176.36683976650238 113.14164838391467 274.6219073239278
v -176.36683976650238 108.3297609642923 265.6195339952776
v -173.58224189281464 102.3355877324256 269.62470484032167
v -173.58224189281464 106.48127085410385 277.38072131339896
v -176.36682784557343 65.03428498265532 242.4776592254659
v -176.36682784557343 54.87572854197685 243.47818444770456
v -173.58222997188568 56.28216163710843 250.54882394806742
v -173.58222997188568 65.03428733169817 249.68682014942345
v -176.36683976650238 108.3297609642923 265.6195339952776
v -176.36683976650238 101.85404880990242 257.72885759821753
v -173.58224189281464 96.75641007971586 262.8265099103568
v -173.58224189281464 102.3355877324256 269.62470484032167
v -176.36682784557343 54.87572854197685 243.47818444770456
v -176.36682784557343 45.10755667123214 246.4413534681121
v -173.58222997188568 47.866379601401974 253.10174291885042
v -173.58222997188568 56.28216163710843 250.54882394806742
v -176.36683976650238 101.85404880990242 257.72885759821753
v -176.36683976650238 93.9633643423312 251.25319569865349
v -173.58224189281464 89.95818054927668 257.24737619603707
v -173.58224189281464 96.75641007971586 262.8265099103568
v -176.36682784557343 45.10755667123214 246.4413534681121
v -176.36682784557343 36.105168441420744 251.2532408877369
v -173.58222997188568 40.11035716785824 257.2474141196007
v -173.58222997188568 47.866379601401974 253.10174291885042
v -176.36683976650238 93.9633643423312 251.25319569865349
v -176.36683976650238 84.96094176205081 246.44129333099124
v -173.58224189281464 82.20213590327265 253.1016836806654
v -173.58224189281464 89.95818054927668 257.24737619603707
v -176.36682784557343 36.105168441420744 251.2532408877369
v -176.36682784557343 28.21450098505349 257.72892920026743
v -173.58222997188568 33.31214137626573 262.8265798513849
v -173.58222997188568 40.11035716785824 257.2474141196007
v -176.36683976650238 84.96094176205081 246.44129333099124
v -176.36682784557343 75.19277041590846 243.47818113763827
v -173.58222997188568 73.78634707526433 250.54882109627366
v -173.58224189281464 82.20213590327265 253.1016836806654
v -176.36682784557343 28.21450098505349 257.72892920026743
v -176.36682784557343 21.73879736223713 265.61960770738096
v -173.58222997188568 27.732992760779503 269.62477659927185
v -173.58222997188568 33.31214137626573 262.8265798513849
v -176.36682784557343 75.19277041590846 243.47818113763827
v -176.36682784557343 65.03428498265532 242.4776592254659
v -173.58222997188568 65.03428733169817 249.68682014942345
v -173.58222997188568 73.78634707526433 250.54882109627366
v -176.36682784557343 21.73879736223713 265.61960770738096
v -176.36682784557343 16.9269247968939 274.62200942603084
v -173.58222997188568 23.587309186104527 277.38082124527443
v -173.58222997188568 27.732992760779503 269.62477659927185
v -176.36682784557343 16.9269247968939 274.62200942603084
v -176.36682784557343 13.963776840751152 284.3901628907856
v -173.58222997188568 21.034410838923 285.7965921918952
v -173.58222997188568 23.587309186104527 277.38082124527443
v -113.59229183197021 52.25907429751081 230.32339208836692
v -113.59229183197021 65.03428657276486 229.06513595581217
v -113.59229183197021 77.80940994318613 230.3233879256889
v -113.59230375289917 90.09368196933103 234.04971930407248
v -113.59230375289917 101.41494746060334 240.101043257639
v -113.59230375289917 111.33812078445635 248.24477657289475
v -113.59230375289917 119.48185733308419 258.16789955946626
v -113.59230375289917 125.53319689651485 269.4891571185
v -113.59230375289917 129.25961572412191 281.7734100490443
v -113.59230375289917 130.5178837776085 294.5486399482005
v -113.59229183197021 129.2596556496072 307.32387086446784
v -113.59229183197021 125.53327658750536 319.6081279894593
v -113.59229183197021 119.4819526339379 330.92938752026714
v -113.59229183197021 111.33823720007555 340.85256084411725
v -113.59229183197021 101.4150903716461 348.99629739274894
v -113.59229183197021 90.09384473354721 355.0476727189646
v -113.59227991104126 77.80957094136943 358.7740438628592
v -113.59227991104126 65.03435308912977 360.03227615355695
v -113.59227991104126 52.259133967797986 358.7740480255537
v -113.59227991104126 39.974858961416956 355.0476928053127
v -113.59227991104126 28.653602410833592 348.99632116802894
v -113.59227991104126 18.730441007922167 340.85266533880946
v -113.59227991104126 10.586704459286551 330.92949466852207
v -113.59227991104126 4.5353708563203625 319.60823710948745
v -113.59227991104126 0.8089699100989804 307.32393649522436
v -113.59229183197021 -0.44927430152195313 294.54875414829553
v -113.59229183197021 0.8089717078728 281.77352336350987
v -113.59229183197021 4.535356730439126 269.4892662385174
v -113.59229183197021 10.58668068401046 258.16803054956745
v -113.59229183197021 18.730408038801762 248.24485722571544
v -113.59229183197021 28.65356082769859 240.10113855847618
v -113.59229183197021 39.97480646580526 234.0498109159764
vn 1.0001936527299624e-8 -0.09801790912200965 -0.9951846509524499
vn 1.0001936527299624e-8 -0.09801790912200965 -0.9951846509524499
vn 1.0001936527299624e-8 -0.09801790912200965 -0.9951846509524499
vn 1.0001936527299624e-8 -0.09801790912200965 -0.9951846509524499
vn 1.231007114708413e-8 -0.29028658565373655 -0.9569397568235399
vn 1.231007114708413e-8 -0.29028658565373655 -0.9569397568235399
vn 1.231007114708413e-8 -0.29028658565373655 -0.9569397568235399
vn 1.231007114708413e-8 -0.29028658565373655 -0.9569397568235399
vn 2.462016059873304e-8 -0.4713962412040135 -0.8819215292636453
vn 2.462016059873304e-8 -0.4713962412040135 -0.8819215292636453
vn 2.462016059873304e-8 -0.4713962412040135 -0.8819215292636453
vn 2.462016059873304e-8 -0.4713962412040135 -0.8819215292636453
vn 0 -0.634393161623499 -0.7730105539288199
vn 0 -0.634393161623499 -0.7730105539288199
vn 0 -0.634393161623499 -0.7730105539288199
vn 0 -0.634393161623499 -0.7730105539288199
vn 9.848047647836381e-8 -0.773011007982724 -0.634392608356626
vn 9.848047647836381e-8 -0.773011007982724 -0.634392608356626
vn 9.848047647836381e-8 -0.773011007982724 -0.634392608356626
vn 9.848047647836381e-8 -0.773011007982724 -0.634392608356626
vn 0 -0.8819212556227626 -0.4713967531504324
vn 0 -0.8819212556227626 -0.4713967531504324
vn 0 -0.8819212556227626 -0.4713967531504324
vn 0 -0.8819212556227626 -0.4713967531504324
vn 9.848070729982758e-8 -0.9569404181699046 -0.29028440549364376
vn 9.848070729982758e-8 -0.9569404181699046 -0.29028440549364376
vn 9.848070729982758e-8 -0.9569404181699046 -0.29028440549364376
vn 9.848070729982758e-8 -0.9569404181699046 -0.29028440549364376
vn 0 -0.995184760500782 -0.09801679686156413
vn 0 -0.995184760500782 -0.09801679686156413
vn 0 -0.995184760500782 -0.09801679686156413
vn 0 -0.995184760500782 -0.09801679686156413
vn 0 -0.995184714181559 0.09801726714905343
vn 0 -0.995184714181559 0.09801726714905343
vn 0 -0.995184714181559 0.09801726714905343
vn 0 -0.995184714181559 0.09801726714905343
vn 0 -0.9569403566977593 0.29028460814029583
vn 0 -0.9569403566977593 0.29028460814029583
vn 0 -0.9569403566977593 0.29028460814029583
vn 0 -0.9569403566977593 0.29028460814029583
vn 0 -0.8819214292896397 0.47139642824242844
vn 0 -0.8819214292896397 0.47139642824242844
vn 0 -0.8819214292896397 0.47139642824242844
vn 0 -0.8819214292896397 0.47139642824242844
vn 0 -0.7730105591703373 0.6343931552366894
vn 0 -0.7730105591703373 0.6343931552366894
vn 0 -0.7730105591703373 0.6343931552366894
vn 0 -0.7730105591703373 0.6343931552366894
vn 4.9240474892442094e-8 -0.6343897295726941 0.773013370526462
vn 4.9240474892442094e-8 -0.6343897295726941 0.773013370526462
vn 4.9240474892442094e-8 -0.6343897295726941 0.773013370526462
vn 4.9240474892442094e-8 -0.6343897295726941 0.773013370526462
vn 4.924021126045314e-8 -0.47139884655011227 0.8819201366740762
vn 4.924021126045314e-8 -0.47139884655011227 0.8819201366740762
vn 4.924021126045314e-8 -0.47139884655011227 0.8819201366740762
vn 4.924021126045314e-8 -0.47139884655011227 0.8819201366740762
vn 1.8465127016332732e-8 -0.29028189780189 0.9569411788655209
vn 1.8465127016332732e-8 -0.29028189780189 0.9569411788655209
vn 1.8465127016332732e-8 -0.29028189780189 0.9569411788655209
vn 1.8465127016332732e-8 -0.29028189780189 0.9569411788655209
vn 1.0001936675743285e-8 -0.09801561935118178 0.9951848764743183
vn 1.0001936675743285e-8 -0.09801561935118178 0.9951848764743183
vn 1.0001936675743285e-8 -0.09801561935118178 0.9951848764743183
vn 1.0001936675743285e-8 -0.09801561935118178 0.9951848764743183
vn -1.0001936675743286e-8 0.0980159436235681 0.995184844536723
vn -1.0001936675743286e-8 0.0980159436235681 0.995184844536723
vn -1.0001936675743286e-8 0.0980159436235681 0.995184844536723
vn -1.0001936675743286e-8 0.0980159436235681 0.995184844536723
vn -3.0775201954686603e-8 0.2902828869787592 0.9569408788045771
vn -3.0775201954686603e-8 0.2902828869787592 0.9569408788045771
vn -3.0775201954686603e-8 0.2902828869787592 0.9569408788045771
vn -3.0775201954686603e-8 0.2902828869787592 0.9569408788045771
vn -2.4620116728136407e-8 0.471399342533745 0.8819198715635976
vn -2.4620116728136407e-8 0.471399342533745 0.8819198715635976
vn -2.4620116728136407e-8 0.471399342533745 0.8819198715635976
vn -2.4620116728136407e-8 0.471399342533745 0.8819198715635976
vn 0 0.6343942055481222 0.7730096972011196
vn 0 0.6343942055481222 0.7730096972011196
vn 0 0.6343942055481222 0.7730096972011196
vn 0 0.6343942055481222 0.7730096972011196
vn 0 0.7730113325309479 0.6343922128925672
vn 0 0.7730113325309479 0.6343922128925672
vn 0 0.7730113325309479 0.6343922128925672
vn 0 0.7730113325309479 0.6343922128925672
vn 0 0.8819217721583525 0.47139578677908356
vn 0 0.8819217721583525 0.47139578677908356
vn 0 0.8819217721583525 0.47139578677908356
vn 0 0.8819217721583525 0.47139578677908356
vn 0 0.9569405523944959 0.29028396301366144
vn 0 0.9569405523944959 0.29028396301366144
vn 0 0.9569405523944959 0.29028396301366144
vn 0 0.9569405523944959 0.29028396301366144
vn 0 0.9951848968234898 0.09801541273911914
vn 0 0.9951848968234898 0.09801541273911914
vn 0 0.9951848968234898 0.09801541273911914
vn 0 0.9951848968234898 0.09801541273911914
vn 0 0.9951845915109456 -0.09801851263507393
vn 0 0.9951845915109456 -0.09801851263507393
vn 0 0.9951845915109456 -0.09801851263507393
vn 0 0.9951845915109456 -0.09801851263507393
vn 0 0.9569396589685898 -0.2902869082357649
vn 0 0.9569396589685898 -0.2902869082357649
vn 0 0.9569396589685898 -0.2902869082357649
vn 0 0.9569396589685898 -0.2902869082357649
vn 0 0.8819212417313999 -0.47139677913934236
vn 0 0.8819212417313999 -0.47139677913934236
vn 0 0.8819212417313999 -0.47139677913934236
vn 0 0.8819212417313999 -0.47139677913934236
vn 0 0.7730090293557104 -0.6343950193172567
vn 0 0.7730090293557104 -0.6343950193172567
vn 0 0.7730090293557104 -0.6343950193172567
vn 0 0.7730090293557104 -0.6343950193172567
vn 0 0.6343929682040135 -0.7730107126639978
vn 0 0.6343929682040135 -0.7730107126639978
vn 0 0.6343929682040135 -0.7730107126639978
vn 0 0.6343929682040135 -0.7730107126639978
vn -2.4620123007733207e-8 0.47139564610025175 -0.8819218473525449
vn -2.4620123007733207e-8 0.47139564610025175 -0.8819218473525449
vn -2.4620123007733207e-8 0.47139564610025175 -0.8819218473525449
vn -2.4620123007733207e-8 0.47139564610025175 -0.8819218473525449
vn -1.0002006614683203e-8 0.0980182695317487 -0.9951846154548417
vn -1.0002006614683203e-8 0.0980182695317487 -0.9951846154548417
vn -1.0002006614683203e-8 0.0980182695317487 -0.9951846154548417
vn -1.0002006614683203e-8 0.0980182695317487 -0.9951846154548417
vn -2.462018251548628e-8 0.2902800674747524 -0.9569417340814709
vn -2.462018251548628e-8 0.2902800674747524 -0.9569417340814709
vn -2.462018251548628e-8 0.2902800674747524 -0.9569417340814709
vn -2.462018251548628e-8 0.2902800674747524 -0.9569417340814709
vn -0.7898129082923177 -0.4741246593231862 -0.38910329903060864
vn -0.7898129082923177 -0.4741246593231862 -0.38910329903060864
vn -0.7898129082923177 -0.4741246593231862 -0.38910329903060864
vn -0.7898129082923177 -0.4741246593231862 -0.38910329903060864
vn -0.7898129620417653 0.17804256498195947 -0.5869380972857849
vn -0.7898129620417653 0.17804256498195947 -0.5869380972857849
vn -0.7898129620417653 0.17804256498195947 -0.5869380972857849
vn -0.7898129620417653 0.17804256498195947 -0.5869380972857849
vn -0.9999999999999949 -1.6360618930842068e-14 -1.0042076326044296e-7
vn -0.9999999999999949 -1.636064208326305e-14 -1.0042090536899013e-7
vn -0.9999999999999949 -1.6360605039389476e-14 -1.0042067799531468e-7
vn -0.9999999999999949 -1.6360639768020955e-14 -1.004208911581354e-7
vn -0.9999999999998462 -5.168630864111872e-7 -2.0084147073488587e-7
vn -0.9999999999998462 -5.168630295677683e-7 -2.0084147073489513e-7
vn -0.9999999999998462 -5.16863598001994e-7 -2.0084169810847796e-7
vn -0.9999999999998462 -5.168633137848788e-7 -2.0084157021083184e-7
vn -0.7898117108619296 -0.2891323587582614 0.5409250784574844
vn -0.7898117108619296 -0.2891323587582614 0.5409250784574844
vn -0.7898117108619296 -0.2891323587582614 0.5409250784574844
vn -0.7898117108619296 -0.2891323587582614 0.5409250784574844
vn -0.7898120280989943 0.586938588786566 0.17804508772608058
vn -0.7898120280989943 0.586938588786566 0.17804508772608058
vn -0.7898120280989943 0.586938588786566 0.17804508772608058
vn -0.7898120280989943 0.586938588786566 0.17804508772608058
vn -0.7898123691501481 0.0601188762491573 -0.6103950706353786
vn -0.7898123691501481 0.0601188762491573 -0.6103950706353786
vn -0.7898123691501481 0.0601188762491573 -0.6103950706353786
vn -0.7898123691501481 0.0601188762491573 -0.6103950706353786
vn -0.7898126610231226 -0.5409246996405686 -0.2891304719436101
vn -0.7898126610231226 -0.5409246996405686 -0.2891304719436101
vn -0.7898126610231226 -0.5409246996405686 -0.2891304719436101
vn -0.7898126610231226 -0.5409246996405686 -0.2891304719436101
vn -0.7898114868709438 -0.17804435649008038 0.5869395389039167
vn -0.7898114868709438 -0.17804435649008038 0.5869395389039167
vn -0.7898114868709438 -0.17804435649008038 0.5869395389039167
vn -0.7898114868709438 -0.17804435649008038 0.5869395389039167
vn -0.7898129522569473 0.610394285774873 0.0601191844634292
vn -0.7898129522569473 0.610394285774873 0.0601191844634292
vn -0.7898129522569473 0.610394285774873 0.0601191844634292
vn -0.7898129522569473 0.610394285774873 0.0601191844634292
vn -0.7898135004964727 -0.5869366086659797 -0.17804508373214567
vn -0.7898135004964727 -0.5869366086659797 -0.17804508373214567
vn -0.7898135004964727 -0.5869366086659797 -0.17804508373214567
vn -0.7898135004964727 -0.5869366086659797 -0.17804508373214567
vn -0.7898106601932431 -0.060118177384431204 0.6103973507421928
vn -0.7898106601932431 -0.060118177384431204 0.6103973507421928
vn -0.7898106601932431 -0.060118177384431204 0.6103973507421928
vn -0.7898106601932431 -0.060118177384431204 0.6103973507421928
vn -0.7898133106067768 0.6103937763660982 -0.060119648717342836
vn -0.7898133106067768 0.6103937763660982 -0.060119648717342836
vn -0.7898133106067768 0.6103937763660982 -0.060119648717342836
vn -0.7898133106067768 0.6103937763660982 -0.060119648717342836
vn -0.7898130899507744 -0.6103941808509439 -0.060118440812410516
vn -0.7898130899507744 -0.6103941808509439 -0.060118440812410516
vn -0.7898130899507744 -0.6103941808509439 -0.060118440812410516
vn -0.7898130899507744 -0.6103941808509439 -0.060118440812410516
vn -0.7898109140400039 0.06011841389267352 0.6103969989886279
vn -0.7898109140400039 0.06011841389267352 0.6103969989886279
vn -0.7898109140400039 0.06011841389267352 0.6103969989886279
vn -0.7898109140400039 0.06011841389267352 0.6103969989886279
vn -0.7898131367748542 0.5869366653321059 -0.17804651040302039
vn -0.7898131367748542 0.5869366653321059 -0.17804651040302039
vn -0.7898131367748542 0.5869366653321059 -0.17804651040302039
vn -0.7898131367748542 0.5869366653321059 -0.17804651040302039
vn -0.7898123321247308 -0.6103950088913652 0.060119989555922376
vn -0.7898123321247308 -0.6103950088913652 0.060119989555922376
vn -0.7898123321247308 -0.6103950088913652 0.060119989555922376
vn -0.7898123321247308 -0.6103950088913652 0.060119989555922376
vn -0.789811566261023 0.1780443435831407 0.58693943598838
vn -0.789811566261023 0.1780443435831407 0.58693943598838
vn -0.789811566261023 0.1780443435831407 0.58693943598838
vn -0.789811566261023 0.1780443435831407 0.58693943598838
vn -0.7898124632503034 -0.06011864109619047 -0.6103949720363329
vn -0.7898124632503034 -0.06011864109619047 -0.6103949720363329
vn -0.7898124632503034 -0.06011864109619047 -0.6103949720363329
vn -0.7898124632503034 -0.06011864109619047 -0.6103949720363329
vn -0.7898127807310308 0.5409246057714224 -0.28913032055622945
vn -0.7898127807310308 0.5409246057714224 -0.28913032055622945
vn -0.7898127807310308 0.5409246057714224 -0.28913032055622945
vn -0.7898127807310308 0.5409246057714224 -0.28913032055622945
vn -0.7898120803409674 -0.5869382715716812 0.17804590169931106
vn -0.7898120803409674 -0.5869382715716812 0.17804590169931106
vn -0.7898120803409674 -0.5869382715716812 0.17804590169931106
vn -0.7898120803409674 -0.5869382715716812 0.17804590169931106
vn -0.7898119052070808 0.28913235390328484 0.5409247972865607
vn -0.7898119052070808 0.28913235390328484 0.5409247972865607
vn -0.7898119052070808 0.28913235390328484 0.5409247972865607
vn -0.7898119052070808 0.28913235390328484 0.5409247972865607
vn -0.7898127127268846 0.47412356880681567 -0.38910502479007986
vn -0.7898127127268846 0.47412356880681567 -0.38910502479007986
vn -0.7898127127268846 0.47412356880681567 -0.38910502479007986
vn -0.7898127127268846 0.47412356880681567 -0.38910502479007986
vn -0.7898123119974036 -0.1780471980404223 -0.5869375666008015
vn -0.7898123119974036 -0.1780471980404223 -0.5869375666008015
vn -0.7898123119974036 -0.1780471980404223 -0.5869375666008015
vn -0.7898123119974036 -0.1780471980404223 -0.5869375666008015
vn -0.7898118395607103 -0.5409258660326037 0.28913053375007713
vn -0.7898118395607103 -0.5409258660326037 0.28913053375007713
vn -0.7898118395607103 -0.5409258660326037 0.28913053375007713
vn -0.7898118395607103 -0.5409258660326037 0.28913053375007713
vn -0.7898121364283321 0.38910497447667464 0.4741245701163566
vn -0.7898121364283321 0.38910497447667464 0.4741245701163566
vn -0.7898121364283321 0.38910497447667464 0.4741245701163566
vn -0.7898121364283321 0.38910497447667464 0.4741245701163566
vn -0.7898131828554419 0.38910307841879527 -0.4741243829975136
vn -0.7898131828554419 0.38910307841879527 -0.4741243829975136
vn -0.7898131828554419 0.38910307841879527 -0.4741243829975136
vn -0.7898131828554419 0.38910307841879527 -0.4741243829975136
vn -0.7898127638294333 -0.28913016535740055 -0.540924713405215
vn -0.7898127638294333 -0.28913016535740055 -0.540924713405215
vn -0.7898127638294333 -0.28913016535740055 -0.540924713405215
vn -0.7898127638294333 -0.28913016535740055 -0.540924713405215
vn -0.7898124410850657 -0.4741246217464789 0.3891042931670224
vn -0.7898124410850657 -0.4741246217464789 0.3891042931670224
vn -0.7898124410850657 -0.4741246217464789 0.3891042931670224
vn -0.7898124410850657 -0.4741246217464789 0.3891042931670224
vn -0.789812180192845 0.4741254860780584 0.3891037695400416
vn -0.789812180192845 0.4741254860780584 0.3891037695400416
vn -0.789812180192845 0.4741254860780584 0.3891037695400416
vn -0.789812180192845 0.4741254860780584 0.3891037695400416
vn -0.7898137581346878 0.2891287820805914 -0.5409240009777295
vn -0.7898137581346878 0.2891287820805914 -0.5409240009777295
vn -0.7898137581346878 0.2891287820805914 -0.5409240009777295
vn -0.7898137581346878 0.2891287820805914 -0.5409240009777295
vn -0.7898129861062936 -0.38910381968074553 -0.4741241024117141
vn -0.7898129861062936 -0.38910381968074553 -0.4741241024117141
vn -0.7898129861062936 -0.38910381968074553 -0.4741241024117141
vn -0.7898129861062936 -0.38910381968074553 -0.4741241024117141
vn -0.7898125422092438 -0.38910237055499414 0.47412603113249935
vn -0.7898125422092438 -0.38910237055499414 0.47412603113249935
vn -0.7898125422092438 -0.38910237055499414 0.47412603113249935
vn -0.7898125422092438 -0.38910237055499414 0.47412603113249935
vn -0.7898122017502305 0.5409256057395245 0.28913003133846477
vn -0.7898122017502305 0.5409256057395245 0.28913003133846477
vn -0.7898122017502305 0.5409256057395245 0.28913003133846477
vn -0.7898122017502305 0.5409256057395245 0.28913003133846477
vn -0.9322441433245093 0.36008759431164095 0.0354652176083376
vn -0.9322441433245093 0.36008759431164095 0.0354652176083376
vn -0.9322441433245093 0.36008759431164095 0.0354652176083376
vn -0.9322441433245093 0.36008759431164095 0.0354652176083376
vn -1 0 0
vn -1 0 0
vn -0.9999999999999972 -1.227045320073161e-14 -7.53155049437725e-8
vn -0.9999999999999972 -1.2270467092184202e-14 -7.531559020890079e-8
vn -0.9999999999999996 -4.090135921368485e-15 -2.51050753519163e-8
vn -0.9999999999999996 -4.090124634563254e-15 -2.5105006073999562e-8
vn -0.9999999999998629 5.294117460511669e-8 5.209333749157014e-7
vn -0.9999999999998629 5.294116394696639e-8 5.209333180722842e-7
vn -0.9999999999998208 5.2941197533714485e-8 5.962489153865738e-7
vn -0.9999999999998208 5.294117266467243e-8 5.962486311694835e-7
vn -0.9999999999999996 4.0901521280631745e-15 2.5105174827899305e-8
vn -0.9999999999999996 4.09013910482637e-15 2.5105094891841532e-8
vn -0.9999999999999988 -8.180300783263195e-15 -5.02103283395165e-8
vn -0.9999999999999988 -8.180268369873814e-15 -5.0210129387550484e-8
vn -0.9999999999999988 -8.180299046831622e-15 -5.021031768137546e-8
vn -0.9999999999999988 -8.180271263926438e-15 -5.021014715111887e-8
vn -1 0 0
vn -1 0 0
vn -1 0 0
vn -1 0 0
vn -1 0 0
vn -1 0 0
vn -0.9999999999999949 -1.6360589990315833e-14 -1.0042058562475902e-7
vn -0.9999999999999949 -1.6360570310757997e-14 -1.0042046483249394e-7
vn -0.9999999999998614 -5.168636626069017e-7 1.0042108905274122e-7
vn -0.9999999999998614 -5.168634920766625e-7 1.0042098247130308e-7
vn -0.9999999999998614 -5.168632647029732e-7 1.0042106773639433e-7
vn -0.9999999999998614 -5.168640036673477e-7 1.0042150116758355e-7
vn -0.9999999999999949 -1.6360576098863242e-14 -1.0042050035963074e-7
vn -0.9999999999999949 -1.6360502011116085e-14 -1.0042004561227984e-7
vn -0.9999999999999949 -1.6360579571726388e-14 -1.0042052167591282e-7
vn -0.9999999999999949 -1.6360622403705214e-14 -1.0042078457672503e-7
vn -1 1.1005333265509187e-20 6.755025412728039e-14
vn -1 -5.687628593529068e-20 -3.4910415487240483e-13
vn -0.9999999999999949 1.636059809366318e-14 1.0042063536275054e-7
vn -0.9999999999999949 1.6360576098863242e-14 1.0042050035963074e-7
vn -0.9999999999998562 -5.294071860146654e-8 5.334849874847012e-7
vn -0.9999999999998562 -5.2940739917711564e-8 5.334852148583801e-7
vn -0.9999999999998562 -5.2940764786679535e-8 5.334853853886407e-7
vn -0.9999999999998562 -5.294070439063961e-8 5.334848169544423e-7
vn -0.9999999999999996 4.090142577689518e-15 2.51051162081236e-8
vn -0.9999999999999996 4.090153285684224e-15 2.5105181933326666e-8
vn -0.9999999999999996 -4.090159652599995e-15 -2.5105221013177133e-8
vn -0.9999999999999996 -4.090168624163128e-15 -2.5105276080239154e-8
vn -0.9999999999999988 -8.180296731589521e-15 -5.021030347052074e-8
vn -0.9999999999999988 -8.180324514494707e-15 -5.021047400077733e-8
vn -1 0 0
vn -1 0 0
vn -1 0 0
vn -1 0 0
vn -1 0 0
vn -1 0 0
vn -1 0 0
vn -1 0 0
vn -0.9999999999999949 -1.6360638610399905e-14 -1.0042088405270805e-7
vn -0.9999999999999949 -1.636061661559997e-14 -1.0042074904958826e-7
vn -0.9322442053764799 0.3600875240964156 -0.03546429940219718
vn -0.9322442053764799 0.3600875240964156 -0.03546429940219718
vn -0.9322442053764799 0.3600875240964156 -0.03546429940219718
vn -0.9322442053764799 0.3600875240964156 -0.03546429940219718
vn -0.9322443548870778 0.34624903242863164 -0.10503366281060818
vn -0.9322443548870778 0.34624903242863164 -0.10503366281060818
vn -0.9322443548870778 0.34624903242863164 -0.10503366281060818
vn -0.9322443548870778 0.34624903242863164 -0.10503366281060818
vn -0.9322443421709125 0.31910490565471566 -0.17056537068648445
vn -0.9322443421709125 0.31910490565471566 -0.17056537068648445
vn -0.9322443421709125 0.31910490565471566 -0.17056537068648445
vn -0.9322443421709125 0.31910490565471566 -0.17056537068648445
vn -0.93224435940702 0.2796982566905032 -0.22954158568348396
vn -0.93224435940702 0.2796982566905032 -0.22954158568348396
vn -0.93224435940702 0.2796982566905032 -0.22954158568348396
vn -0.93224435940702 0.2796982566905032 -0.22954158568348396
vn -0.9322443080350502 0.22954063253093765 -0.27969921014108623
vn -0.9322443080350502 0.22954063253093765 -0.27969921014108623
vn -0.9322443080350502 0.22954063253093765 -0.27969921014108623
vn -0.9322443080350502 0.22954063253093765 -0.27969921014108623
vn -0.9322442625724469 0.17056740482242472 -0.3191040509189719
vn -0.9322442625724469 0.17056740482242472 -0.3191040509189719
vn -0.9322442625724469 0.17056740482242472 -0.3191040509189719
vn -0.9322442625724469 0.17056740482242472 -0.3191040509189719
vn -0.932244227044052 0.10503138016144584 -0.34625006906052724
vn -0.932244227044052 0.10503138016144584 -0.34625006906052724
vn -0.932244227044052 0.10503138016144584 -0.34625006906052724
vn -0.932244227044052 0.10503138016144584 -0.34625006906052724
vn -0.9322443790073653 0.03546562129343465 -0.3600869443834952
vn -0.9322443790073653 0.03546562129343465 -0.3600869443834952
vn -0.9322443790073653 0.03546562129343465 -0.3600869443834952
vn -0.9322443790073653 0.03546562129343465 -0.3600869443834952
vn -0.932244497104549 -0.035465733399272725 -0.3600866275949971
vn -0.932244497104549 -0.035465733399272725 -0.3600866275949971
vn -0.932244497104549 -0.035465733399272725 -0.3600866275949971
vn -0.932244497104549 -0.035465733399272725 -0.3600866275949971
vn -0.9322442648817554 -0.10503285398777024 -0.3462495201126776
vn -0.9322442648817554 -0.10503285398777024 -0.3462495201126776
vn -0.9322442648817554 -0.10503285398777024 -0.3462495201126776
vn -0.9322442648817554 -0.10503285398777024 -0.3462495201126776
vn -0.9322443439158188 -0.17056746116372387 -0.319103783163293
vn -0.9322443439158188 -0.17056746116372387 -0.319103783163293
vn -0.9322443439158188 -0.17056746116372387 -0.319103783163293
vn -0.9322443439158188 -0.17056746116372387 -0.319103783163293
vn -0.9322441222892467 -0.2295425990577007 -0.2796982153589609
vn -0.9322441222892467 -0.2295425990577007 -0.2796982153589609
vn -0.9322441222892467 -0.2295425990577007 -0.2796982153589609
vn -0.9322441222892467 -0.2295425990577007 -0.2796982153589609
vn -0.9322441964978244 -0.27969845546584265 -0.2295420051017847
vn -0.9322441964978244 -0.27969845546584265 -0.2295420051017847
vn -0.9322441964978244 -0.27969845546584265 -0.2295420051017847
vn -0.9322441964978244 -0.27969845546584265 -0.2295420051017847
vn -0.9322442801892488 -0.31910526784126025 -0.17056503185115987
vn -0.9322442801892488 -0.31910526784126025 -0.17056503185115987
vn -0.9322442801892488 -0.31910526784126025 -0.17056503185115987
vn -0.9322442801892488 -0.31910526784126025 -0.17056503185115987
vn -0.9322441062854606 -0.3462497704622077 -0.10503343634715195
vn -0.9322441062854606 -0.3462497704622077 -0.10503343634715195
vn -0.9322441062854606 -0.3462497704622077 -0.10503343634715195
vn -0.9322441062854606 -0.3462497704622077 -0.10503343634715195
vn -0.9322441118004468 -0.3600878137740416 -0.0354638179674319
vn -0.9322441118004468 -0.3600878137740416 -0.0354638179674319
vn -0.9322441118004468 -0.3600878137740416 -0.0354638179674319
vn -0.9322441118004468 -0.3600878137740416 -0.0354638179674319
vn -0.9322441716848107 -0.360087451477807 0.035465922346942805
vn -0.9322441716848107 -0.360087451477807 0.035465922346942805
vn -0.9322441716848107 -0.360087451477807 0.035465922346942805
vn -0.9322441716848107 -0.360087451477807 0.035465922346942805
vn -0.9322439615144715 -0.34624982381497776 0.1050345454024589
vn -0.9322439615144715 -0.34624982381497776 0.1050345454024589
vn -0.9322439615144715 -0.34624982381497776 0.1050345454024589
vn -0.9322439615144715 -0.34624982381497776 0.1050345454024589
vn -0.9322439013466507 -0.3191058214511512 0.1705660667247806
vn -0.9322439013466507 -0.3191058214511512 0.1705660667247806
vn -0.9322439013466507 -0.3191058214511512 0.1705660667247806
vn -0.9322439013466507 -0.3191058214511512 0.1705660667247806
vn -0.9322443262044239 0.0354652843980698 0.36008711426851087
vn -0.9322443262044239 0.0354652843980698 0.36008711426851087
vn -0.9322443262044239 0.0354652843980698 0.36008711426851087
vn -0.9322443262044239 0.0354652843980698 0.36008711426851087
vn -0.9322440371861094 -0.27969810041869786 0.22954308474252855
vn -0.9322440371861094 -0.27969810041869786 0.22954308474252855
vn -0.9322440371861094 -0.27969810041869786 0.22954308474252855
vn -0.9322440371861094 -0.27969810041869786 0.22954308474252855
vn -0.9322442133414618 0.10503438226527687 0.34624919528211284
vn -0.9322442133414618 0.10503438226527687 0.34624919528211284
vn -0.9322442133414618 0.10503438226527687 0.34624919528211284
vn -0.9322442133414618 0.10503438226527687 0.34624919528211284
vn -0.9322441095839165 -0.22954140210599375 0.27969924001560165
vn -0.9322441095839165 -0.22954140210599375 0.27969924001560165
vn -0.9322441095839165 -0.22954140210599375 0.27969924001560165
vn -0.9322441095839165 -0.22954140210599375 0.27969924001560165
vn -0.932244117056812 0.17056547742892425 0.31910550625523254
vn -0.932244117056812 0.17056547742892425 0.31910550625523254
vn -0.932244117056812 0.17056547742892425 0.31910550625523254
vn -0.932244117056812 0.17056547742892425 0.31910550625523254
vn -0.9322439368879373 -0.17056574573221464 0.31910588919431293
vn -0.9322439368879373 -0.17056574573221464 0.31910588919431293
vn -0.9322439368879373 -0.17056574573221464 0.31910588919431293
vn -0.9322439368879373 -0.17056574573221464 0.31910588919431293
vn -0.9322441241170872 0.2295425401280879 0.27969825762902106
vn -0.9322441241170872 0.2295425401280879 0.27969825762902106
vn -0.9322441241170872 0.2295425401280879 0.27969825762902106
vn -0.9322441241170872 0.2295425401280879 0.27969825762902106
vn -0.9322441863133641 -0.10503346173504599 0.34624954729340257
vn -0.9322441863133641 -0.10503346173504599 0.34624954729340257
vn -0.9322441863133641 -0.10503346173504599 0.34624954729340257
vn -0.9322441863133641 -0.10503346173504599 0.34624954729340257
vn -0.932244100992728 0.27969820627629094 0.22954269661674226
vn -0.932244100992728 0.27969820627629094 0.22954269661674226
vn -0.932244100992728 0.27969820627629094 0.22954269661674226
vn -0.932244100992728 0.27969820627629094 0.22954269661674226
vn -0.9322443777317908 -0.035465426072086054 0.360086966913538
vn -0.9322443777317908 -0.035465426072086054 0.360086966913538
vn -0.9322443777317908 -0.035465426072086054 0.360086966913538
vn -0.9322443777317908 -0.035465426072086054 0.360086966913538
vn -0.9322440846535032 0.3191058189617475 0.17056506949930958
vn -0.9322440846535032 0.3191058189617475 0.17056506949930958
vn -0.9322440846535032 0.3191058189617475 0.17056506949930958
vn -0.9322440846535032 0.3191058189617475 0.17056506949930958
vn -0.9322441044188498 0.34624962842164214 0.10503392115964957
vn -0.9322441044188498 0.34624962842164214 0.10503392115964957
vn -0.9322441044188498 0.34624962842164214 0.10503392115964957
vn -0.9322441044188498 0.34624962842164214 0.10503392115964957
vn 0.9999999999999908 1.1108114402111427e-7 -7.792875000934058e-8
vn 0.9999999999999908 1.1108114402111427e-7 -7.792875000934058e-8
vn 0.9999999999999908 1.1108114402111427e-7 -7.792875000934058e-8
vn 0.9999999999999908 1.1108114402111427e-7 -7.792875000934058e-8
vn 0.9999999999999908 1.1108114402111427e-7 -7.792875000934058e-8
vn 0.9999999999999908 1.1108114402111427e-7 -7.792875000934058e-8
vn 0.9999999999999908 1.1108114402111427e-7 -7.792875000934058e-8
vn 0.9999999999999908 1.1108114402111427e-7 -7.792875000934058e-8
vn 0.9999999999999908 1.1108114402111427e-7 -7.792875000934058e-8
vn 0.9999999999999908 1.1108114402111427e-7 -7.792875000934058e-8
vn 0.9999999999999908 1.1108114402111427e-7 -7.792875000934058e-8
vn 0.9999999999999908 1.1108114402111427e-7 -7.792875000934058e-8
vn 0.9999999999999908 1.1108114402111427e-7 -7.792875000934058e-8
vn 0.9999999999999908 1.1108114402111427e-7 -7.792875000934058e-8
vn 0.9999999999999908 1.1108114402111427e-7 -7.792875000934058e-8
vn 0.9999999999999908 1.1108114402111427e-7 -7.792875000934058e-8
vn 0.9999999999999908 1.1108114402111427e-7 -7.792875000934058e-8
vn 0.9999999999999908 1.1108114402111427e-7 -7.792875000934058e-8
vn 0.9999999999999908 1.1108114402111427e-7 -7.792875000934058e-8
vn 0.9999999999999908 1.1108114402111427e-7 -7.792875000934058e-8
vn 0.9999999999999908 1.1108114402111427e-7 -7.792875000934058e-8
vn 0.9999999999999908 1.1108114402111427e-7 -7.792875000934058e-8
vn 0.9999999999999908 1.1108114402111427e-7 -7.792875000934058e-8
vn 0.9999999999999908 1.1108114402111427e-7 -7.792875000934058e-8
vn 0.9999999999999908 1.1108114402111427e-7 -7.792875000934058e-8
vn 0.9999999999999908 1.1108114402111427e-7 -7.792875000934058e-8
vn 0.9999999999999908 1.1108114402111427e-7 -7.792875000934058e-8
vn 0.9999999999999908 1.1108114402111427e-7 -7.792875000934058e-8
vn 0.9999999999999908 1.1108114402111427e-7 -7.792875000934058e-8
vn 0.9999999999999908 1.1108114402111427e-7 -7.792875000934058e-8
vn 0.9999999999999908 1.1108114402111427e-7 -7.792875000934058e-8
vn 0.9999999999999908 1.1108114402111427e-7 -7.792875000934058e-8
f 3101//3101 3102//3102 3103//3103
f 3101//3101 3103//3103 3104//3104
f 3105//3105 3106//3106 3107//3107
f 3105//3105 3107//3107 3108//3108
f 3109//3109 3110//3110 3111//3111
f 3109//3109 3111//3111 3112//3112
f 3113//3113 3114//3114 3115//3115
f 3113//3113 3115//3115 3116//3116
f 3117//3117 3118//3118 3119//3119
f 3117//3117 3119//3119 3120//3120
f 3121//3121 3122//3122 3123//3123
f 3121//3121 3123//3123 3124//3124
f 3125//3125 3126//3126 3127//3127
f 3125//3125 3127//3127 3128//3128
f 3129//3129 3130//3130 3131//3131
f 3129//3129 3131//3131 3132//3132
f 3133//3133 3134//3134 3135//3135
f 3133//3133 3135//3135 3136//3136
f 3137//3137 3138//3138 3139//3139
f 3137//3137 3139//3139 3140//3140
f 3141//3141 3142//3142 3143//3143
f 3141//3141 3143//3143 3144//3144
f 3145//3145 3146//3146 3147//3147
f 3145//3145 3147//3147 3148//3148
f 3149//3149 3150//3150 3151//3151
f 3149//3149 3151//3151 3152//3152
f 3153//3153 3154//3154 3155//3155
f 3153//3153 3155//3155 3156//3156
f 3157//3157 3158//3158 3159//3159
f 3157//3157 3159//3159 3160//3160
f 3161//3161 3162//3162 3163//3163
f 3161//3161 3163//3163 3164//3164
f 3165//3165 3166//3166 3167//3167
f 3165//3165 3167//3167 3168//3168
f 3169//3169 3170//3170 3171//3171
f 3169//3169 3171//3171 3172//3172
f 3173//3173 3174//3174 3175//3175
f 3173//3173 3175//3175 3176//3176
f 3177//3177 3178//3178 3179//3179
f 3177//3177 3179//3179 3180//3180
f 3181//3181 3182//3182 3183//3183
f 3181//3181 3183//3183 3184//3184
f 3185//3185 3186//3186 3187//3187
f 3185//3185 3187//3187 3188//3188
f 3189//3189 3190//3190 3191//3191
f 3189//3189 3191//3191 3192//3192
f 3193//3193 3194//3194 3195//3195
f 3193//3193 3195//3195 3196//3196
f 3197//3197 3198//3198 3199//3199
f 3197//3197 3199//3199 3200//3200
f 3201//3201 3202//3202 3203//3203
f 3201//3201 3203//3203 3204//3204
f 3205//3205 3206//3206 3207//3207
f 3205//3205 3207//3207 3208//3208
f 3209//3209 3210//3210 3211//3211
f 3209//3209 3211//3211 3212//3212
f 3213//3213 3214//3214 3215//3215
f 3213//3213 3215//3215 3216//3216
f 3217//3217 3218//3218 3219//3219
f 3217//3217 3219//3219 3220//3220
f 3221//3221 3222//3222 3223//3223
f 3221//3221 3223//3223 3224//3224
f 3225//3225 3226//3226 3227//3227
f 3225//3225 3227//3227 3228//3228
f 3229//3229 3230//3230 3231//3231
f 3229//3229 3231//3231 3232//3232
f 3233//3233 3234//3234 3235//3235
f 3233//3233 3235//3235 3236//3236
f 3237//3237 3238//3238 3239//3239
f 3237//3237 3239//3239 3240//3240
f 3241//3241 3242//3242 3243//3243
f 3241//3241 3243//3243 3244//3244
f 3245//3245 3246//3246 3247//3247
f 3245//3245 3247//3247 3248//3248
f 3249//3249 3250//3250 3251//3251
f 3249//3249 3251//3251 3252//3252
f 3253//3253 3254//3254 3255//3255
f 3253//3253 3255//3255 3256//3256
f 3257//3257 3258//3258 3259//3259
f 3257//3257 3259//3259 3260//3260
f 3261//3261 3262//3262 3263//3263
f 3261//3261 3263//3263 3264//3264
f 3265//3265 3266//3266 3267//3267
f 3265//3265 3267//3267 3268//3268
f 3269//3269 3270//3270 3271//3271
f 3269//3269 3271//3271 3272//3272
f 3273//3273 3274//3274 3275//3275
f 3273//3273 3275//3275 3276//3276
f 3277//3277 3278//3278 3279//3279
f 3277//3277 3279//3279 3280//3280
f 3281//3281 3282//3282 3283//3283
f 3281//3281 3283//3283 3284//3284
f 3285//3285 3286//3286 3287//3287
f 3285//3285 3287//3287 3288//3288
f 3289//3289 3290//3290 3291//3291
f 3289//3289 3291//3291 3292//3292
f 3293//3293 3294//3294 3295//3295
f 3293//3293 3295//3295 3296//3296
f 3297//3297 3298//3298 3299//3299
f 3297//3297 3299//3299 3300//3300
f 3301//3301 3302//3302 3303//3303
f 3301//3301 3303//3303 3304//3304
f 3305//3305 3306//3306 3307//3307
f 3305//3305 3307//3307 3308//3308
f 3309//3309 3310//3310 3311//3311
f 3309//3309 3311//3311 3312//3312
f 3313//3313 3314//3314 3315//3315
f 3313//3313 3315//3315 3316//3316
f 3317//3317 3318//3318 3319//3319
f 3317//3317 3319//3319 3320//3320
f 3321//3321 3322//3322 3323//3323
f 3321//3321 3323//3323 3324//3324
f 3325//3325 3326//3326 3327//3327
f 3325//3325 3327//3327 3328//3328
f 3329//3329 3330//3330 3331//3331
f 3329//3329 3331//3331 3332//3332
f 3333//3333 3334//3334 3335//3335
f 3333//3333 3335//3335 3336//3336
f 3337//3337 3338//3338 3339//3339
f 3337//3337 3339//3339 3340//3340
f 3341//3341 3342//3342 3343//3343
f 3341//3341 3343//3343 3344//3344
f 3345//3345 3346//3346 3347//3347
f 3345//3345 3347//3347 3348//3348
f 3349//3349 3350//3350 3351//3351
f 3349//3349 3351//3351 3352//3352
f 3353//3353 3354//3354 3355//3355
f 3353//3353 3355//3355 3356//3356
f 3357//3357 3358//3358 3359//3359
f 3357//3357 3359//3359 3360//3360
f 3361//3361 3362//3362 3363//3363
f 3361//3361 3363//3363 3364//3364
f 3365//3365 3366//3366 3367//3367
f 3365//3365 3367//3367 3368//3368
f 3242//3242 3369//3369 3370//3370
f 3242//3242 3370//3370 3243//3243
f 3238//3238 3371//3371 3372//3372
f 3238//3238 3372//3372 3239//3239
f 3371//3371 3373//3373 3374//3374
f 3371//3371 3374//3374 3372//3372
f 3373//3373 3375//3375 3376//3376
f 3373//3373 3376//3376 3374//3374
f 3375//3375 3377//3377 3378//3378
f 3375//3375 3378//3378 3376//3376
f 3377//3377 3379//3379 3380//3380
f 3377//3377 3380//3380 3378//3378
f 3379//3379 3381//3381 3382//3382
f 3379//3379 3382//3382 3380//3380
f 3381//3381 3383//3383 3384//3384
f 3381//3381 3384//3384 3382//3382
f 3383//3383 3385//3385 3386//3386
f 3383//3383 3386//3386 3384//3384
f 3385//3385 3387//3387 3388//3388
f 3385//3385 3388//3388 3386//3386
f 3387//3387 3389//3389 3390//3390
f 3387//3387 3390//3390 3388//3388
f 3389//3389 3391//3391 3392//3392
f 3389//3389 3392//3392 3390//3390
f 3391//3391 3393//3393 3394//3394
f 3391//3391 3394//3394 3392//3392
f 3393//3393 3395//3395 3396//3396
f 3393//3393 3396//3396 3394//3394
f 3395//3395 3397//3397 3398//3398
f 3395//3395 3398//3398 3396//3396
f 3397//3397 3399//3399 3400//3400
f 3397//3397 3400//3400 3398//3398
f 3399//3399 3401//3401 3402//3402
f 3399//3399 3402//3402 3400//3400
f 3401//3401 3403//3403 3404//3404
f 3401//3401 3404//3404 3402//3402
f 3403//3403 3405//3405 3406//3406
f 3403//3403 3406//3406 3404//3404
f 3405//3405 3407//3407 3408//3408
f 3405//3405 3408//3408 3406//3406
f 3407//3407 3409//3409 3410//3410
f 3407//3407 3410//3410 3408//3408
f 3409//3409 3411//3411 3412//3412
f 3409//3409 3412//3412 3410//3410
f 3411//3411 3413//3413 3414//3414
f 3411//3411 3414//3414 3412//3412
f 3369//3369 3415//3415 3416//3416
f 3369//3369 3416//3416 3370//3370
f 3413//3413 3417//3417 3418//3418
f 3413//3413 3418//3418 3414//3414
f 3415//3415 3419//3419 3420//3420
f 3415//3415 3420//3420 3416//3416
f 3417//3417 3421//3421 3422//3422
f 3417//3417 3422//3422 3418//3418
f 3419//3419 3423//3423 3424//3424
f 3419//3419 3424//3424 3420//3420
f 3421//3421 3241//3241 3244//3244
f 3421//3421 3244//3244 3422//3422
f 3423//3423 3237//3237 3240//3240
f 3423//3423 3240//3240 3424//3424
f 3425//3425 3426//3426 3427//3427
f 3425//3425 3427//3427 3428//3428
f 3429//3429 3430//3430 3431//3431
f 3429//3429 3431//3431 3432//3432
f 3433//3433 3434//3434 3435//3435
f 3433//3433 3435//3435 3436//3436
f 3437//3437 3438//3438 3439//3439
f 3437//3437 3439//3439 3440//3440
f 3441//3441 3442//3442 3443//3443
f 3441//3441 3443//3443 3444//3444
f 3445//3445 3446//3446 3447//3447
f 3445//3445 3447//3447 3448//3448
f 3449//3449 3450//3450 3451//3451
f 3449//3449 3451//3451 3452//3452
f 3453//3453 3454//3454 3455//3455
f 3453//3453 3455//3455 3456//3456
f 3457//3457 3458//3458 3459//3459
f 3457//3457 3459//3459 3460//3460
f 3461//3461 3462//3462 3463//3463
f 3461//3461 3463//3463 3464//3464
f 3465//3465 3466//3466 3467//3467
f 3465//3465 3467//3467 3468//3468
f 3469//3469 3470//3470 3471//3471
f 3469//3469 3471//3471 3472//3472
f 3473//3473 3474//3474 3475//3475
f 3473//3473 3475//3475 3476//3476
f 3477//3477 3478//3478 3479//3479
f 3477//3477 3479//3479 3480//3480
f 3481//3481 3482//3482 3483//3483
f 3481//3481 3483//3483 3484//3484
f 3485//3485 3486//3486 3487//3487
f 3485//3485 3487//3487 3488//3488
f 3489//3489 3490//3490 3491//3491
f 3489//3489 3491//3491 3492//3492
f 3493//3493 3494//3494 3495//3495
f 3493//3493 3495//3495 3496//3496
f 3497//3497 3498//3498 3499//3499
f 3497//3497 3499//3499 3500//3500
f 3501//3501 3502//3502 3503//3503
f 3501//3501 3503//3503 3504//3504
f 3505//3505 3506//3506 3507//3507
f 3505//3505 3507//3507 3508//3508
f 3509//3509 3510//3510 3511//3511
f 3509//3509 3511//3511 3512//3512
f 3513//3513 3514//3514 3515//3515
f 3513//3513 3515//3515 3516//3516
f 3517//3517 3518//3518 3519//3519
f 3517//3517 3519//3519 3520//3520
f 3521//3521 3522//3522 3523//3523
f 3521//3521 3523//3523 3524//3524
f 3525//3525 3526//3526 3527//3527
f 3525//3525 3527//3527 3528//3528
f 3529//3529 3530//3530 3531//3531
f 3529//3529 3531//3531 3532//3532
f 3533//3533 3534//3534 3535//3535
f 3533//3533 3535//3535 3536//3536
f 3537//3537 3538//3538 3539//3539
f 3537//3537 3539//3539 3540//3540
f 3541//3541 3542//3542 3543//3543
f 3541//3541 3543//3543 3544//3544
f 3545//3545 3546//3546 3547//3547
f 3545//3545 3547//3547 3548//3548
f 3567//3567 3565//3565 3566//3566
f 3565//3565 3567//3567 3568//3568
f 3565//3565 3568//3568 3564//3564
f 3564//3564 3568//3568 3569//3569
f 3564//3564 3569//3569 3563//3563
f 3563//3563 3569//3569 3570//3570
f 3563//3563 3570//3570 3562//3562
f 3562//3562 3570//3570 3571//3571
f 3562//3562 3571//3571 3561//3561
f 3561//3561 3571//3571 3572//3572
f 3561//3561 3572//3572 3560//3560
f 3560//3560 3572//3572 3573//3573
f 3560//3560 3573//3573 3559//3559
f 3559//3559 3573//3573 3574//3574
f 3559//3559 3574//3574 3558//3558
f 3558//3558 3574//3574 3575//3575
f 3558//3558 3575//3575 3557//3557
f 3557//3557 3575//3575 3576//3576
f 3557//3557 3576//3576 3556//3556
f 3556//3556 3576//3576 3577//3577
f 3556//3556 3577//3577 3555//3555
f 3555//3555 3577//3577 3578//3578
f 3555//3555 3578//3578 3554//3554
f 3554//3554 3578//3578 3579//3579
f 3554//3554 3579//3579 3553//3553
f 3553//3553 3579//3579 3580//3580
f 3553//3553 3580//3580 3552//3552
f 3552//3552 3580//3580 3549//3549
f 3552//3552 3549//3549 3551//3551
f 3551//3551 3549//3549 3550//3550
o WFR_Material031_0
usemtl Material.031
v -174.36637675762177 29.36254551335675 309.3244738282914
v -174.36637675762177 32.93057302435393 315.9997643083874
v -160.1637585312128 53.7208303012048 302.108154888376
v -160.1637585312128 52.46344609455475 299.7557508713375
v -174.36637675762177 32.93057302435393 315.9997643083874
v -174.36637675762177 37.732324160708814 321.8507670537242
v -160.1637585312128 55.41298862090945 304.1700461684746
v -160.1637585312128 53.7208303012048 302.108154888376
v -160.1637585312128 77.60517401890073 299.75574304993984
v -160.1637585312128 76.34779057876139 302.10814822174405
v -128.48476266860962 82.52554446133868 306.23598195256113
v -128.48476266860962 83.02037611097478 305.3102263711493
v -174.36640059947968 100.7060460813325 279.7728965578342
v -160.1637585312128 77.6051633815357 289.341667198501
v -128.48476266860962 85.3618913314652 289.44015515968033
v -134.07405412197113 94.45301614663073 285.67445031334137
v -174.36638867855072 37.73230930411874 267.2467373982694
v -174.36638867855072 32.93056007425213 273.09767614310573
v -134.07404220104218 39.36127907702834 277.3945486052925
v -134.07404220104218 41.250957537760044 275.09197318603566
v -174.36637675762177 50.2585962714958 330.2204969160117
v -174.36637675762177 57.50172326023888 332.4176391714348
v -160.1637585312128 62.37979580325105 307.89385564659307
v -160.1637585312128 59.827291584656635 307.1196170587905
v -174.36637675762177 57.50172326023888 332.4176391714348
v -174.36637675762177 65.03433241196466 333.15957272052316
v -160.1637585312128 65.03431830408402 308.15532886981714
v -160.1637585312128 62.37979580325105 307.89385564659307
v -160.1637585312128 76.34779057876139 302.10814822174405
v -160.1637585312128 74.65563889137076 304.1700400532167
v -128.48476266860962 81.85961169978499 307.0474158531696
v -128.48476266860962 82.52554446133868 306.23598195256113
v -174.36638867855072 79.81006655118804 330.22048614100163
v -174.36638867855072 86.4853749126692 326.6524079660535
v -160.1637585312128 72.5937476112712 305.86219241245686
v -160.1637585312128 70.24133763377405 307.11961238189474
v -174.36638867855072 86.4853749126692 326.6524079660535
v -174.36638867855072 92.33632103359737 321.8506806715657
v -160.1637585312128 74.65563889137076 304.1700400532167
v -160.1637585312128 72.5937476112712 305.86219241245686
v -160.1637585312128 55.41298862090945 304.1700461684746
v -174.36637675762177 37.732324160708814 321.8507670537242
v -134.07403028011322 45.57756888916698 318.3320890177591
v -128.48475074768066 52.53560686049403 311.3740308978188
v -174.36638867855072 32.93056007425213 273.09767614310573
v -174.36638867855072 29.362534738344728 279.7729916276702
v -134.07404220104218 37.957122224097624 280.0215401060314
v -134.07404220104218 39.36127907702834 277.3945486052925
v -160.1637585312128 51.42770576477541 294.5487372446308
v -174.36638867855072 26.423464894300643 294.548745392045
v -134.07403028011322 34.458946368838625 297.60810625245057
v -128.48475074768066 44.299103996897614 297.6081029729048
v -174.36638867855072 100.7060806982063 309.32440260030944
v -174.36638867855072 102.90327063734424 302.0812696510941
v -160.1637585312128 78.37947221134718 297.20323324340023
v -160.1637585312128 77.60517401890073 299.75574304993984
v -174.36638867855072 102.90327063734424 302.0812696510941
v -174.36640059947968 103.64515650271485 294.5486487044491
v -160.1637585312128 78.6409096717795 294.5486806937251
v -160.1637585312128 78.37947221134718 297.20323324340023
v -174.36637675762177 37.732324160708814 321.8507670537242
v -174.36637675762177 43.58328078692307 326.65242091615625
v -134.07403028011322 47.88015026888106 320.22172277500624
v -134.07403028011322 45.57756888916698 318.3320890177591
v -160.1637585312128 70.24133763377405 307.11961238189474
v -160.1637585312128 67.68883515757533 307.89385478164075
v -128.48475074768066 69.13833860429473 315.18099920643647
v -128.48475074768066 70.14285563305626 314.8763224504299
v -174.36640059947968 100.7060460813325 279.7728965578342
v -174.36640059947968 97.13802751103592 273.0976299195947
v -160.1637585312128 76.34777917488566 286.9892631814625
v -160.1637585312128 77.6051633815357 289.341667198501
v -174.36640059947968 97.13802751103592 273.0976299195947
v -174.36640059947968 92.33625253283478 267.24669869983546
v -160.1637585312128 74.65561489471652 284.9273719013649
v -160.1637585312128 76.34777917488566 286.9892631814625
v -160.1637585312128 78.6409096717795 294.5486806937251
v -174.36640059947968 103.64515650271485 294.5486487044491
v -134.07405412197113 95.60966310724794 291.48928797553003
v -128.48476266860962 85.76949951872837 291.48931509693466
v -174.36637675762177 43.58328078692307 326.65242091615625
v -174.36637675762177 50.2585962714958 330.2204969160117
v -134.07403028011322 50.50714474985752 321.6259124104911
v -134.07403028011322 47.88015026888106 320.22172277500624
v -174.36638867855072 50.25856080630361 258.87697961254975
v -174.36638867855072 43.583258405275274 262.44498626192325
v -160.1637585312128 57.474879746216565 283.2352494992366
v -160.1637585312128 59.82727780279253 281.9778772135165
v -160.1637585312128 67.68883515757533 307.89385478164075
v -160.1637585312128 65.03431830408402 308.15532886981714
v -128.48475074768066 68.09367818693656 315.2839246772314
v -128.48475074768066 69.13833860429473 315.18099920643647
v -174.36638867855072 43.583258405275274 262.44498626192325
v -174.36638867855072 37.73230930411874 267.2467373982694
v -160.1637585312128 55.41298250565642 284.9274257003357
v -160.1637585312128 57.474879746216565 283.2352494992366
v -174.36640059947968 79.80996552087883 258.87692115383453
v -174.36638867855072 72.56683853213185 256.6797550565536
v -160.1637585312128 67.68879653650403 281.20356242324823
v -160.1637585312128 70.24130597051263 281.9778486947658
v -174.36638867855072 72.56683853213185 256.6797550565536
v -174.36638867855072 65.03428936854777 255.93786919117125
v -160.1637585312128 65.03430347642913 280.9421130418773
v -160.1637585312128 67.68879653650403 281.20356242324823
v -174.36638867855072 26.423464894300643 294.548745392045
v -174.36637675762177 27.165362154799496 302.0813177531524
v -134.07403028011322 34.75091126352862 300.57245958002034
v -134.07403028011322 34.458946368838625 297.60810625245057
v -174.36638867855072 29.362534738344728 279.7729916276702
v -174.36638867855072 27.165359700368 287.0161245768831
v -160.1637585312128 51.689149185676115 291.8942086682942
v -160.1637585312128 52.46344141766197 289.3417227036135
v -174.36638867855072 27.165359700368 287.0161245768831
v -174.36638867855072 26.423464894300643 294.548745392045
v -160.1637585312128 51.42770576477541 294.5487372446308
v -160.1637585312128 51.689149185676115 291.8942086682942
v -174.36637675762177 27.165362154799496 302.0813177531524
v -174.36637675762177 29.36254551335675 309.3244738282914
v -134.07403028011322 35.615593329451954 303.4229200727813
v -134.07403028011322 34.75091126352862 300.57245958002034
v -174.36637675762177 65.03433241196466 333.15957272052316
v -174.36637675762177 72.56693431790164 332.4176367170004
v -134.07403028011322 71.05807018430899 324.8321114501301
v -134.07403028011322 68.09369338740693 325.1240554831983
v -160.1637585312128 59.827291584656635 307.1196170587905
v -160.1637585312128 57.474886412846594 305.8621978558642
v -128.48475074768066 53.34704672156214 312.0399338570491
v -128.48475074768066 54.27280826343936 312.5347714671487
v -173.58221805095673 21.0344136907294 303.3008551160893
v -173.58221805095673 23.587320740581504 311.7166252308687
v -174.36637675762177 29.36254551335675 309.3244738282914
v -174.36637675762177 27.165362154799496 302.0813177531524
v -173.58222997188568 20.172403931623883 294.5487474288987
v -173.58221805095673 21.0344136907294 303.3008551160893
v -174.36637675762177 27.165362154799496 302.0813177531524
v -174.36638867855072 26.423464894300643 294.548745392045
v -173.58222997188568 21.034410838923 285.7965921918952
v -173.58222997188568 20.172403931623883 294.5487474288987
v -174.36638867855072 26.423464894300643 294.548745392045
v -174.36638867855072 27.165359700368 287.0161245768831
v -173.58222997188568 23.587309186104527 277.38082124527443
v -173.58222997188568 21.034410838923 285.7965921918952
v -174.36638867855072 27.165359700368 287.0161245768831
v -174.36638867855072 29.362534738344728 279.7729916276702
v -173.58222997188568 27.732992760779503 269.62477659927185
v -173.58222997188568 23.587309186104527 277.38082124527443
v -174.36638867855072 29.362534738344728 279.7729916276702
v -174.36638867855072 32.93056007425213 273.09767614310573
v -173.58222997188568 73.78634707526433 250.54882109627366
v -173.58222997188568 65.03428733169817 249.68682014942345
v -174.36638867855072 65.03428936854777 255.93786919117125
v -174.36638867855072 72.56683853213185 256.6797550565536
v -173.58222997188568 33.31214137626573 262.8265798513849
v -173.58222997188568 27.732992760779503 269.62477659927185
v -174.36638867855072 32.93056007425213 273.09767614310573
v -174.36638867855072 37.73230930411874 267.2467373982694
v -173.58224189281464 82.20213590327265 253.1016836806654
v -173.58222997188568 73.78634707526433 250.54882109627366
v -174.36638867855072 72.56683853213185 256.6797550565536
v -174.36640059947968 79.80996552087883 258.87692115383453
v -173.58222997188568 40.11035716785824 257.2474141196007
v -173.58222997188568 33.31214137626573 262.8265798513849
v -174.36638867855072 37.73230930411874 267.2467373982694
v -174.36638867855072 43.583258405275274 262.44498626192325
v -173.58224189281464 89.95818054927668 257.24737619603707
v -173.58224189281464 82.20213590327265 253.1016836806654
v -174.36640059947968 79.80996552087883 258.87692115383453
v -174.36640059947968 86.48528696590827 262.4449494699732
v -173.58222997188568 47.866379601401974 253.10174291885042
v -173.58222997188568 40.11035716785824 257.2474141196007
v -174.36638867855072 43.583258405275274 262.44498626192325
v -174.36638867855072 50.25856080630361 258.87697961254975
v -173.58224189281464 96.75641007971586 262.8265099103568
v -173.58224189281464 89.95818054927668 257.24737619603707
v -174.36640059947968 86.48528696590827 262.4449494699732
v -174.36640059947968 92.33625253283478 267.24669869983546
v -173.58222997188568 56.28216163710843 250.54882394806742
v -173.58222997188568 47.866379601401974 253.10174291885042
v -174.36638867855072 50.25856080630361 258.87697961254975
v -174.36638867855072 57.50168707911387 256.6797575109783
v -173.58224189281464 102.3355877324256 269.62470484032167
v -173.58224189281464 96.75641007971586 262.8265099103568
v -174.36640059947968 92.33625253283478 267.24669869983546
v -174.36640059947968 97.13802751103592 273.0976299195947
v -173.58222997188568 65.03428733169817 249.68682014942345
v -173.58222997188568 56.28216163710843 250.54882394806742
v -174.36638867855072 57.50168707911387 256.6797575109783
v -174.36638867855072 65.03428936854777 255.93786919117125
v -173.58224189281464 106.48127085410385 277.38072131339896
v -173.58224189281464 102.3355877324256 269.62470484032167
v -174.36640059947968 97.13802751103592 273.0976299195947
v -174.36640059947968 100.7060460813325 279.7728965578342
v -173.58224189281464 109.0341898248888 285.7965152700344
v -173.58224189281464 106.48127085410385 277.38072131339896
v -174.36640059947968 100.7060460813325 279.7728965578342
v -174.36640059947968 102.90324434104706 287.01602879111283
v -173.58224189281464 109.89620554446266 294.5486466676002
v -173.58224189281464 109.0341898248888 285.7965152700344
v -174.36640059947968 102.90324434104706 287.01602879111283
v -174.36640059947968 103.64515650271485 294.5486487044491
v -173.58222997188568 109.03421651855311 303.3007781942246
v -173.58224189281464 109.89620554446266 294.5486466676002
v -174.36640059947968 103.64515650271485 294.5486487044491
v -174.36638867855072 102.90327063734424 302.0812696510941
v -173.58222997188568 106.48131817137548 311.71657298270327
v -173.58222997188568 109.03421651855311 303.3007781942246
v -174.36638867855072 102.90327063734424 302.0812696510941
v -174.36638867855072 100.7060806982063 309.32440260030944
v -173.58222997188568 102.33563757692885 319.4725937868474
v -173.58222997188568 106.48131817137548 311.71657298270327
v -174.36638867855072 100.7060806982063 309.32440260030944
v -174.36638867855072 97.13806430299563 315.9997180848724
v -173.58222997188568 96.75649790214712 326.2708382184488
v -173.58222997188568 102.33563757692885 319.4725937868474
v -174.36638867855072 97.13806430299563 315.9997180848724
v -174.36638867855072 92.33632103359737 321.8506806715657
v -173.58222997188568 89.95828211055071 331.84998010837506
v -173.58222997188568 96.75649790214712 326.2708382184488
v -174.36638867855072 92.33632103359737 321.8506806715657
v -174.36638867855072 86.4853749126692 326.6524079660535
v -173.58222997188568 82.20224775609356 335.9957466765589
v -173.58222997188568 89.95828211055071 331.84998010837506
v -174.36638867855072 86.4853749126692 326.6524079660535
v -174.36638867855072 79.81006655118804 330.22048614100163
v -173.58221805095673 73.78646572037545 338.5485941217682
v -173.58222997188568 82.20224775609356 335.9957466765589
v -174.36638867855072 79.81006655118804 330.22048614100163
v -174.36637675762177 72.56693431790164 332.4176367170004
v -173.58221805095673 65.03433444880683 339.41059792041307
v -173.58221805095673 73.78646572037545 338.5485941217682
v -174.36637675762177 72.56693431790164 332.4176367170004
v -174.36637675762177 65.03433241196466 333.15957272052316
v -173.58221805095673 56.28220279618135 338.54859697357455
v -173.58221805095673 65.03433444880683 339.41059792041307
v -174.36637675762177 65.03433241196466 333.15957272052316
v -174.36637675762177 57.50172326023888 332.4176391714348
v -173.58221805095673 47.86641992864138 335.99575823103976
v -173.58221805095673 56.28220279618135 338.54859697357455
v -174.36637675762177 57.50172326023888 332.4176391714348
v -174.36637675762177 50.2585962714958 330.2204969160117
v -173.58221805095673 40.11038124309019 331.84999419009335
v -173.58221805095673 47.86641992864138 335.99575823103976
v -174.36637675762177 50.2585962714958 330.2204969160117
v -174.36637675762177 43.58328078692307 326.65242091615625
v -173.58221805095673 33.31216363358772 326.2709081594876
v -173.58221805095673 40.11038124309019 331.84999419009335
v -174.36637675762177 43.58328078692307 326.65242091615625
v -174.36637675762177 37.732324160708814 321.8507670537242
v -173.58221805095673 27.73300684249589 319.47266554580347
v -173.58221805095673 33.31216363358772 326.2709081594876
v -174.36637675762177 37.732324160708814 321.8507670537242
v -174.36637675762177 32.93057302435393 315.9997643083874
v -173.58221805095673 23.587320740581504 311.7166252308687
v -173.58221805095673 27.73300684249589 319.47266554580347
v -174.36637675762177 32.93057302435393 315.9997643083874
v -174.36637675762177 29.36254551335675 309.3244738282914
v -134.07403028011322 45.57756888916698 318.3320890177591
v -134.07403028011322 47.88015026888106 320.22172277500624
v -128.48475074768066 53.34704672156214 312.0399338570491
v -128.48475074768066 52.53560686049403 311.3740308978188
v -134.07403028011322 47.88015026888106 320.22172277500624
v -134.07403028011322 50.50714474985752 321.6259124104911
v -128.48475074768066 54.27280826343936 312.5347714671487
v -128.48475074768066 53.34704672156214 312.0399338570491
v -134.07403028011322 68.09369338740693 325.1240554831983
v -134.07403028011322 71.05807018430899 324.8321114501301
v -128.48475074768066 69.13833860429473 315.18099920643647
v -128.48475074768066 68.09367818693656 315.2839246772314
v -134.07403028011322 71.05807018430899 324.8321114501301
v -134.07403028011322 73.90853067706753 323.9674144830456
v -128.48475074768066 70.14285563305626 314.8763224504299
v -128.48475074768066 69.13833860429473 315.18099920643647
v -134.07404220104218 88.81766981972383 314.00544488379995
v -134.07404220104218 90.70734828045165 311.7028456226851
v -128.48476266860962 82.52554446133868 306.23598195256113
v -128.48476266860962 81.85961169978499 307.0474158531696
v -134.07404220104218 90.70734828045165 311.7028456226851
v -134.07404220104218 92.11150215315402 309.07587796380466
v -128.48476266860962 83.02037611097478 305.3102263711493
v -128.48476266860962 82.52554446133868 306.23598195256113
v -134.07405412197113 95.60966310724794 291.48928797553003
v -134.07405412197113 95.31768927185735 288.5249108061038
v -128.48476266860962 85.6666157711818 290.4446364256472
v -128.48476266860962 85.76949951872837 291.48931509693466
v -134.07405412197113 95.31768927185735 288.5249108061038
v -134.07405412197113 94.45301614663073 285.67445031334137
v -128.48476266860962 85.3618913314652 289.44015515968033
v -128.48476266860962 85.6666157711818 290.4446364256472
v -134.07404220104218 61.97492875467053 263.97336258663813
v -134.07404220104218 59.01055121271042 264.2653066197064
v -128.48475074768066 60.93027087179571 273.91641886340204
v -128.48475074768066 61.97493203421584 273.8135172344649
v -134.07404220104218 59.01055121271042 264.2653066197064
v -134.07404220104218 56.16009071995188 265.13000358679096
v -128.48475074768066 59.92575980350644 274.2211433031235
v -128.48475074768066 60.93027087179571 273.91641886340204
v -134.07405412197113 84.49101376483333 270.7653290520838
v -134.07405412197113 82.18842642464699 268.8756476111218
v -128.48475074768066 76.72154487312712 277.0574365290765
v -128.48475074768066 77.5329787737385 277.72338717202365
v -134.07405412197113 82.18842642464699 268.8756476111218
v -134.07405412197113 79.56142896344218 267.4714818174954
v -128.48475074768066 75.79577737078542 276.56259891897787
v -128.48475074768066 76.72154487312712 277.0574365290765
v -134.07404220104218 41.250957537760044 275.09197318603566
v -134.07404220104218 39.36127907702834 277.3945486052925
v -128.48475074768066 47.54307395545625 282.8614838009918
v -128.48475074768066 48.209006717002175 282.05000221666745
v -134.07404220104218 39.36127907702834 277.3945486052925
v -134.07404220104218 37.957122224097624 280.0215401060314
v -128.48475074768066 47.04824230582015 283.7872393824035
v -128.48475074768066 47.54307395545625 282.8614838009918
v -134.07403028011322 34.458946368838625 297.60810625245057
v -134.07403028011322 34.75091126352862 300.57245958002034
v -128.48475074768066 44.40199370490089 298.6527339604754
v -128.48475074768066 44.299103996897614 297.6081029729048
v -134.07403028011322 34.75091126352862 300.57245958002034
v -134.07403028011322 35.615593329451954 303.4229200727813
v -128.48475074768066 44.70671218416077 299.65726291015915
v -128.48475074768066 44.40199370490089 298.6527339604754
v -174.36637675762177 50.2585962714958 330.2204969160117
v -160.1637585312128 59.827291584656635 307.1196170587905
v -128.48475074768066 54.27280826343936 312.5347714671487
v -134.07403028011322 50.50714474985752 321.6259124104911
v -174.36640059947968 86.48528696590827 262.4449494699732
v -174.36640059947968 79.80996552087883 258.87692115383453
v -134.07405412197113 79.56142896344218 267.4714818174954
v -134.07405412197113 82.18842642464699 268.8756476111218
v -160.1637585312128 78.37946538592749 291.89417600768354
v -160.1637585312128 78.6409096717795 294.5486806937251
v -128.48476266860962 85.76949951872837 291.48931509693466
v -128.48476266860962 85.6666157711818 290.4446364256472
v -160.1637585312128 77.6051633815357 289.341667198501
v -160.1637585312128 78.37946538592749 291.89417600768354
v -128.48476266860962 85.6666157711818 290.4446364256472
v -128.48476266860962 85.3618913314652 289.44015515968033
v -174.36640059947968 92.33625253283478 267.24669869983546
v -174.36640059947968 86.48528696590827 262.4449494699732
v -134.07405412197113 82.18842642464699 268.8756476111218
v -134.07405412197113 84.49101376483333 270.7653290520838
v -160.1637585312128 62.37978698450214 281.2035632881957
v -160.1637585312128 65.03430347642913 280.9421130418773
v -128.48475074768066 61.97493203421584 273.8135172344649
v -128.48475074768066 60.93027087179571 273.91641886340204
v -174.36638867855072 57.50168707911387 256.6797575109783
v -174.36638867855072 50.25856080630361 258.87697961254975
v -134.07404220104218 56.16009071995188 265.13000358679096
v -134.07404220104218 59.01055121271042 264.2653066197064
v -160.1637585312128 74.65561489471652 284.9273719013649
v -174.36640059947968 92.33625253283478 267.24669869983546
v -134.07405412197113 84.49101376483333 270.7653290520838
v -128.48475074768066 77.5329787737385 277.72338717202365
v -160.1637585312128 65.03431830408402 308.15532886981714
v -174.36637675762177 65.03433241196466 333.15957272052316
v -134.07403028011322 68.09369338740693 325.1240554831983
v -128.48475074768066 68.09367818693656 315.2839246772314
v -160.1637585312128 59.82727780279253 281.9778772135165
v -160.1637585312128 62.37978698450214 281.2035632881957
v -128.48475074768066 60.93027087179571 273.91641886340204
v -128.48475074768066 59.92575980350644 274.2211433031235
v -174.36638867855072 50.25856080630361 258.87697961254975
v -160.1637585312128 59.82727780279253 281.9778772135165
v -128.48475074768066 59.92575980350644 274.2211433031235
v -134.07404220104218 56.16009071995188 265.13000358679096
v -160.1637585312128 65.03430347642913 280.9421130418773
v -174.36638867855072 65.03428936854777 255.93786919117125
v -134.07404220104218 61.97492875467053 263.97336258663813
v -128.48475074768066 61.97493203421584 273.8135172344649
v -160.1637585312128 72.59371710277938 283.23522021397525
v -160.1637585312128 74.65561489471652 284.9273719013649
v -128.48475074768066 77.5329787737385 277.72338717202365
v -128.48475074768066 76.72154487312712 277.0574365290765
v -174.36638867855072 65.03428936854777 255.93786919117125
v -174.36638867855072 57.50168707911387 256.6797575109783
v -134.07404220104218 59.01055121271042 264.2653066197064
v -134.07404220104218 61.97492875467053 263.97336258663813
v -160.1637585312128 70.24130597051263 281.9778486947658
v -160.1637585312128 72.59371710277938 283.23522021397525
v -128.48475074768066 76.72154487312712 277.0574365290765
v -128.48475074768066 75.79577737078542 276.56259891897787
v -160.1637585312128 53.72082485780131 286.9893175318093
v -160.1637585312128 55.41298250565642 284.9274257003357
v -128.48475074768066 48.209006717002175 282.05000221666745
v -128.48475074768066 47.54307395545625 282.8614838009918
v -174.36640059947968 102.90324434104706 287.01602879111283
v -174.36640059947968 100.7060460813325 279.7728965578342
v -134.07405412197113 94.45301614663073 285.67445031334137
v -134.07405412197113 95.31768927185735 288.5249108061038
v -174.36638867855072 79.81006655118804 330.22048614100163
v -160.1637585312128 70.24133763377405 307.11961238189474
v -128.48475074768066 70.14285563305626 314.8763224504299
v -134.07403028011322 73.90853067706753 323.9674144830456
v -160.1637585312128 52.46344141766197 289.3417227036135
v -160.1637585312128 53.72082485780131 286.9893175318093
v -128.48475074768066 47.54307395545625 282.8614838009918
v -128.48475074768066 47.04824230582015 283.7872393824035
v -174.36640059947968 103.64515650271485 294.5486487044491
v -174.36640059947968 102.90324434104706 287.01602879111283
v -134.07405412197113 95.31768927185735 288.5249108061038
v -134.07405412197113 95.60966310724794 291.48928797553003
v -174.36640059947968 79.80996552087883 258.87692115383453
v -160.1637585312128 70.24130597051263 281.9778486947658
v -128.48475074768066 75.79577737078542 276.56259891897787
v -134.07405412197113 79.56142896344218 267.4714818174954
v -160.1637585312128 55.41298250565642 284.9274257003357
v -174.36638867855072 37.73230930411874 267.2467373982694
v -134.07404220104218 41.250957537760044 275.09197318603566
v -128.48475074768066 48.209006717002175 282.05000221666745
v -160.1637585312128 51.68915005062743 297.203242062154
v -160.1637585312128 51.42770576477541 294.5487372446308
v -128.48475074768066 44.299103996897614 297.6081029729048
v -128.48475074768066 44.40199370490089 298.6527339604754
v -174.36638867855072 97.13806430299563 315.9997180848724
v -174.36638867855072 100.7060806982063 309.32440260030944
v -134.07404220104218 92.11150215315402 309.07587796380466
v -134.07404220104218 90.70734828045165 311.7028456226851
v -160.1637585312128 74.65563889137076 304.1700400532167
v -174.36638867855072 92.33632103359737 321.8506806715657
v -134.07404220104218 88.81766981972383 314.00544488379995
v -128.48476266860962 81.85961169978499 307.0474158531696
v -160.1637585312128 52.46344609455475 299.7557508713375
v -160.1637585312128 51.68915005062743 297.203242062154
v -128.48475074768066 44.40199370490089 298.6527339604754
v -128.48475074768066 44.70671218416077 299.65726291015915
v -174.36638867855072 92.33632103359737 321.8506806715657
v -174.36638867855072 97.13806430299563 315.9997180848724
v -134.07404220104218 90.70734828045165 311.7028456226851
v -134.07404220104218 88.81766981972383 314.00544488379995
v -174.36637675762177 29.36254551335675 309.3244738282914
v -160.1637585312128 52.46344609455475 299.7557508713375
v -128.48475074768066 44.70671218416077 299.65726291015915
v -134.07403028011322 35.615593329451954 303.4229200727813
v -160.1637585312128 57.474886412846594 305.8621978558642
v -160.1637585312128 55.41298862090945 304.1700461684746
v -128.48475074768066 52.53560686049403 311.3740308978188
v -128.48475074768066 53.34704672156214 312.0399338570491
v -174.36637675762177 72.56693431790164 332.4176367170004
v -174.36638867855072 79.81006655118804 330.22048614100163
v -134.07403028011322 73.90853067706753 323.9674144830456
v -134.07403028011322 71.05807018430899 324.8321114501301
v -174.36638867855072 29.362534738344728 279.7729916276702
v -160.1637585312128 52.46344141766197 289.3417227036135
v -128.48475074768066 47.04824230582015 283.7872393824035
v -134.07404220104218 37.957122224097624 280.0215401060314
v -174.36638867855072 100.7060806982063 309.32440260030944
v -160.1637585312128 77.60517401890073 299.75574304993984
v -128.48476266860962 83.02037611097478 305.3102263711493
v -134.07404220104218 92.11150215315402 309.07587796380466
v -160.1637585312128 65.03430347642913 280.9421130418773
v -160.1637585312128 62.37978698450214 281.2035632881957
v -160.1637585312128 59.82727780279253 281.9778772135165
v -160.1637585312128 57.474879746216565 283.2352494992366
v -160.1637585312128 55.41298250565642 284.9274257003357
v -160.1637585312128 53.72082485780131 286.9893175318093
v -160.1637585312128 52.46344141766197 289.3417227036135
v -160.1637585312128 51.689149185676115 291.8942086682942
v -160.1637585312128 51.42770576477541 294.5487372446308
v -160.1637585312128 51.68915005062743 297.203242062154
v -160.1637585312128 52.46344609455475 299.7557508713375
v -160.1637585312128 53.7208303012048 302.108154888376
v -160.1637585312128 55.41298862090945 304.1700461684746
v -160.1637585312128 57.474886412846594 305.8621978558642
v -160.1637585312128 59.827291584656635 307.1196170587905
v -160.1637585312128 62.37979580325105 307.89385564659307
v -160.1637585312128 65.03431830408402 308.15532886981714
v -160.1637585312128 67.68883515757533 307.89385478164075
v -160.1637585312128 70.24133763377405 307.11961238189474
v -160.1637585312128 72.5937476112712 305.86219241245686
v -160.1637585312128 74.65563889137076 304.1700400532167
v -160.1637585312128 76.34779057876139 302.10814822174405
v -160.1637585312128 77.60517401890073 299.75574304993984
v -160.1637585312128 78.37947221134718 297.20323324340023
v -160.1637585312128 78.6409096717795 294.5486806937251
v -160.1637585312128 78.37946538592749 291.89417600768354
v -160.1637585312128 77.6051633815357 289.341667198501
v -160.1637585312128 76.34777917488566 286.9892631814625
v -160.1637585312128 74.65561489471652 284.9273719013649
v -160.1637585312128 72.59371710277938 283.23522021397525
v -160.1637585312128 70.24130597051263 281.9778486947658
v -160.1637585312128 67.68879653650403 281.20356242324823
vn -0.8684944200477545 0.43716726320238664 -0.23367119276891996
vn -0.8684944200477545 0.43716726320238664 -0.23367119276891996
vn -0.8684944200477545 0.43716726320238664 -0.23367119276891996
vn -0.8684944200477545 0.43716726320238664 -0.23367119276891996
vn -0.8684944131423455 0.383181414597156 -0.31446694237686623
vn -0.8684944131423455 0.383181414597156 -0.31446694237686623
vn -0.8684944131423455 0.383181414597156 -0.31446694237686623
vn -0.8684944131423455 0.383181414597156 -0.31446694237686623
vn -0.22729892184419442 0.8588368129457299 0.45905830659915986
vn -0.22729892184419442 0.8588368129457299 0.45905830659915986
vn -0.22729892184419442 0.8588368129457299 0.45905830659915986
vn -0.22729892184419442 0.8588368129457299 0.45905830659915986
vn -0.08521715270837127 0.33612435328714674 0.9379543997506359
vn -0.08521715270837127 0.33612435328714674 0.9379543997506359
vn -0.08521715270837127 0.33612435328714674 0.9379543997506359
vn -0.08521715270837127 0.33612435328714674 0.9379543997506359
vn -0.18763403061097975 0.7592805827319381 0.6231263653890169
vn -0.18763403061097975 0.7592805827319381 0.6231263653890169
vn -0.18763403061097975 0.7592805827319381 0.6231263653890169
vn -0.18763403061097975 0.7592805827319381 0.6231263653890169
vn -0.8684942744504442 0.1438896482934451 -0.47435584149537463
vn -0.8684942744504442 0.1438896482934451 -0.47435584149537463
vn -0.8684942744504442 0.1438896482934451 -0.47435584149537463
vn -0.8684942744504442 0.1438896482934451 -0.47435584149537463
vn -0.8684943164947304 0.048589964583823524 -0.49331190696971206
vn -0.8684943164947304 0.048589964583823524 -0.49331190696971206
vn -0.8684943164947304 0.048589964583823524 -0.49331190696971206
vn -0.8684943164947304 0.048589964583823524 -0.49331190696971206
vn -0.22729871291837767 0.7527759791795533 0.6177893008752365
vn -0.22729871291837767 0.7527759791795533 0.6177893008752365
vn -0.22729871291837767 0.7527759791795533 0.6177893008752365
vn -0.22729871291837767 0.7527759791795533 0.6177893008752365
vn -0.8684939490726885 -0.23367427661476453 -0.43716655049613845
vn -0.8684939490726885 -0.23367427661476453 -0.43716655049613845
vn -0.8684939490726885 -0.23367427661476453 -0.43716655049613845
vn -0.8684939490726885 -0.23367427661476453 -0.43716655049613845
vn -0.8684940485270718 -0.31446795312574877 -0.38318141151412605
vn -0.8684940485270718 -0.31446795312574877 -0.38318141151412605
vn -0.8684940485270718 -0.31446795312574877 -0.38318141151412605
vn -0.8684940485270718 -0.31446795312574877 -0.38318141151412605
vn -0.0852166951060954 0.7379304152234148 0.6694750310231096
vn -0.0852166951060954 0.7379304152234148 0.6694750310231096
vn -0.0852166951060954 0.7379304152234148 0.6694750310231096
vn -0.0852166951060954 0.7379304152234148 0.6694750310231096
vn -0.1876338970968423 0.8662576615005532 0.463023956779608
vn -0.1876338970968423 0.8662576615005532 0.463023956779608
vn -0.1876338970968423 0.8662576615005532 0.463023956779608
vn -0.1876338970968423 0.8662576615005532 0.463023956779608
vn -0.08521678684479464 0.04840415706980059 0.9951859810197343
vn -0.08521678684479464 0.04840415706980059 0.9951859810197343
vn -0.08521678684479464 0.04840415706980059 0.9951859810197343
vn -0.08521678684479464 0.04840415706980059 0.9951859810197343
vn -0.8684941408758687 -0.47435463880463785 -0.1438944193108551
vn -0.8684941408758687 -0.47435463880463785 -0.1438944193108551
vn -0.8684941408758687 -0.47435463880463785 -0.1438944193108551
vn -0.8684941408758687 -0.47435463880463785 -0.1438944193108551
vn -0.8684941570405188 -0.4933126928256839 -0.048584835942409366
vn -0.8684941570405188 -0.4933126928256839 -0.048584835942409366
vn -0.8684941570405188 -0.4933126928256839 -0.048584835942409366
vn -0.8684941570405188 -0.4933126928256839 -0.048584835942409366
vn -0.18763369732019158 0.6231177045648978 -0.7592877727763878
vn -0.18763369732019158 0.6231177045648978 -0.7592877727763878
vn -0.18763369732019158 0.6231177045648978 -0.7592877727763878
vn -0.18763369732019158 0.6231177045648978 -0.7592877727763878
vn -0.22729939626567308 0.28266479496087993 0.931898920563268
vn -0.22729939626567308 0.28266479496087993 0.931898920563268
vn -0.22729939626567308 0.28266479496087993 0.931898920563268
vn -0.22729939626567308 0.28266479496087993 0.931898920563268
vn -0.8684940516400054 -0.4371677344128435 0.23367168047127393
vn -0.8684940516400054 -0.4371677344128435 0.23367168047127393
vn -0.8684940516400054 -0.4371677344128435 0.23367168047127393
vn -0.8684940516400054 -0.4371677344128435 0.23367168047127393
vn -0.8684938536212184 -0.38318008610247034 0.3144701064277322
vn -0.8684938536212184 -0.38318008610247034 0.3144701064277322
vn -0.8684938536212184 -0.38318008610247034 0.3144701064277322
vn -0.8684938536212184 -0.38318008610247034 0.3144701064277322
vn -0.08521682295059163 -0.04840559438019732 -0.9951859080186513
vn -0.08521682295059163 -0.04840559438019732 -0.9951859080186513
vn -0.08521682295059163 -0.04840559438019732 -0.9951859080186513
vn -0.08521682295059163 -0.04840559438019732 -0.9951859080186513
vn -0.18763349486764802 0.46302991749651373 -0.8662545625316638
vn -0.18763349486764802 0.46302991749651373 -0.8662545625316638
vn -0.18763349486764802 0.46302991749651373 -0.8662545625316638
vn -0.18763349486764802 0.46302991749651373 -0.8662545625316638
vn -0.868494197907609 0.23366988471105138 0.43716840368437276
vn -0.868494197907609 0.23366988471105138 0.43716840368437276
vn -0.868494197907609 0.23366988471105138 0.43716840368437276
vn -0.868494197907609 0.23366988471105138 0.43716840368437276
vn -0.22729935907219972 0.09546759846141178 0.9691341181742481
vn -0.22729935907219972 0.09546759846141178 0.9691341181742481
vn -0.22729935907219972 0.09546759846141178 0.9691341181742481
vn -0.22729935907219972 0.09546759846141178 0.9691341181742481
vn -0.8684942532839325 0.3144688946114119 0.38318017476725147
vn -0.8684942532839325 0.3144688946114119 0.38318017476725147
vn -0.8684942532839325 0.3144688946114119 0.38318017476725147
vn -0.8684942532839325 0.3144688946114119 0.38318017476725147
vn -0.8684941617712545 -0.14389396083687364 0.47435473962417857
vn -0.8684941617712545 -0.14389396083687364 0.47435473962417857
vn -0.8684941617712545 -0.14389396083687364 0.47435473962417857
vn -0.8684941617712545 -0.14389396083687364 0.47435473962417857
vn -0.8684942791145366 -0.04858683246743592 0.4933122812743492
vn -0.8684942791145366 -0.04858683246743592 0.4933122812743492
vn -0.8684942791145366 -0.04858683246743592 0.4933122812743492
vn -0.8684942791145366 -0.04858683246743592 0.4933122812743492
vn -0.1876339538143479 0.9775092463489363 -0.09627654272110932
vn -0.1876339538143479 0.9775092463489363 -0.09627654272110932
vn -0.1876339538143479 0.9775092463489363 -0.09627654272110932
vn -0.1876339538143479 0.9775092463489363 -0.09627654272110932
vn -0.8684942569341803 0.4743546072812234 0.14389382274240284
vn -0.8684942569341803 0.4743546072812234 0.14389382274240284
vn -0.8684942569341803 0.4743546072812234 0.14389382274240284
vn -0.8684942569341803 0.4743546072812234 0.14389382274240284
vn -0.8684941624425093 0.4933125170804153 0.048586523801041455
vn -0.8684941624425093 0.4933125170804153 0.048586523801041455
vn -0.8684941624425093 0.4933125170804153 0.048586523801041455
vn -0.8684941624425093 0.4933125170804153 0.048586523801041455
vn -0.18763410203501513 0.9399441190567219 -0.2851289126065548
vn -0.18763410203501513 0.9399441190567219 -0.2851289126065548
vn -0.18763410203501513 0.9399441190567219 -0.2851289126065548
vn -0.18763410203501513 0.9399441190567219 -0.2851289126065548
vn -0.1876340446611228 -0.09627792201254348 -0.9775090930610592
vn -0.1876340446611228 -0.09627792201254348 -0.9775090930610592
vn -0.1876340446611228 -0.09627792201254348 -0.9775090930610592
vn -0.1876340446611228 -0.09627792201254348 -0.9775090930610592
vn -0.22729836763500302 -0.4590664070423696 0.8588326297921338
vn -0.22729836763500302 -0.4590664070423696 0.8588326297921338
vn -0.22729836763500302 -0.4590664070423696 0.8588326297921338
vn -0.22729836763500302 -0.4590664070423696 0.8588326297921338
vn -0.9921489938267719 -0.11967636779469583 0.03630345768645941
vn -0.9921489938267719 -0.11967636779469583 0.03630345768645941
vn -0.9921489938267719 -0.11967636779469583 0.03630345768645941
vn -0.9921489938267719 -0.11967636779469583 0.03630345768645941
vn -0.9921489947930435 -0.12445911557755263 0.012259717811064778
vn -0.9921489947930435 -0.12445911557755263 0.012259717811064778
vn -0.9921489947930435 -0.12445911557755263 0.012259717811064778
vn -0.9921489947930435 -0.12445911557755263 0.012259717811064778
vn -0.9921489960352992 -0.12445926871297944 -0.012258062554019648
vn -0.9921489960352992 -0.12445926871297944 -0.012258062554019648
vn -0.9921489960352992 -0.12445926871297944 -0.012258062554019648
vn -0.9921489960352992 -0.12445926871297944 -0.012258062554019648
vn -0.9921489843296475 -0.11967640083005454 -0.03630360833324039
vn -0.9921489843296475 -0.11967640083005454 -0.03630360833324039
vn -0.9921489843296475 -0.11967640083005454 -0.03630360833324039
vn -0.9921489843296475 -0.11967640083005454 -0.03630360833324039
vn -0.9921490099499638 -0.11029431020881546 -0.05895343239259445
vn -0.9921490099499638 -0.11029431020881546 -0.05895343239259445
vn -0.9921490099499638 -0.11029431020881546 -0.05895343239259445
vn -0.9921490099499638 -0.11029431020881546 -0.05895343239259445
vn -0.9921489863820964 0.012258099687641995 -0.12445934200784867
vn -0.9921489863820964 0.012258099687641995 -0.12445934200784867
vn -0.9921489863820964 0.012258099687641995 -0.12445934200784867
vn -0.9921489863820964 0.012258099687641995 -0.12445934200784867
vn -0.9921489674567487 -0.09667384899740399 -0.07933847297833749
vn -0.9921489674567487 -0.09667384899740399 -0.07933847297833749
vn -0.9921489674567487 -0.09667384899740399 -0.07933847297833749
vn -0.9921489674567487 -0.09667384899740399 -0.07933847297833749
vn -0.9921489678251311 0.03630173172736709 -0.11967710690487726
vn -0.9921489678251311 0.03630173172736709 -0.11967710690487726
vn -0.9921489678251311 0.03630173172736709 -0.11967710690487726
vn -0.9921489678251311 0.03630173172736709 -0.11967710690487726
vn -0.9921490125333412 -0.07933818562616889 -0.09667362220721726
vn -0.9921490125333412 -0.07933818562616889 -0.09667362220721726
vn -0.9921490125333412 -0.07933818562616889 -0.09667362220721726
vn -0.9921490125333412 -0.07933818562616889 -0.09667362220721726
vn -0.9921490073352291 0.05895347694070582 -0.11029430991815033
vn -0.9921490073352291 0.05895347694070582 -0.11029430991815033
vn -0.9921490073352291 0.05895347694070582 -0.11029430991815033
vn -0.9921490073352291 0.05895347694070582 -0.11029430991815033
vn -0.9921490410584605 -0.05895332861845034 -0.11029408584136514
vn -0.9921490410584605 -0.05895332861845034 -0.11029408584136514
vn -0.9921490410584605 -0.05895332861845034 -0.11029408584136514
vn -0.9921490410584605 -0.05895332861845034 -0.11029408584136514
vn -0.9921490130349513 0.07933786835968747 -0.09667387743290673
vn -0.9921490130349513 0.07933786835968747 -0.09667387743290673
vn -0.9921490130349513 0.07933786835968747 -0.09667387743290673
vn -0.9921490130349513 0.07933786835968747 -0.09667387743290673
vn -0.9921489837836092 -0.03630390807908507 -0.11967631442911855
vn -0.9921489837836092 -0.03630390807908507 -0.11967631442911855
vn -0.9921489837836092 -0.03630390807908507 -0.11967631442911855
vn -0.9921489837836092 -0.03630390807908507 -0.11967631442911855
vn -0.9921490187622194 0.09667338275275941 -0.07933839950682109
vn -0.9921490187622194 0.09667338275275941 -0.07933839950682109
vn -0.9921490187622194 0.09667338275275941 -0.07933839950682109
vn -0.9921490187622194 0.09667338275275941 -0.07933839950682109
vn -0.9921489442391542 -0.012258049187832333 -0.12445968293081983
vn -0.9921489442391542 -0.012258049187832333 -0.12445968293081983
vn -0.9921489442391542 -0.012258049187832333 -0.12445968293081983
vn -0.9921489442391542 -0.012258049187832333 -0.12445968293081983
vn -0.9921489960377823 0.11029426545196541 -0.058953750259266725
vn -0.9921489960377823 0.11029426545196541 -0.058953750259266725
vn -0.9921489960377823 0.11029426545196541 -0.058953750259266725
vn -0.9921489960377823 0.11029426545196541 -0.058953750259266725
vn -0.9921489972491945 0.11967631631431284 -0.03630353386179534
vn -0.9921489972491945 0.11967631631431284 -0.03630353386179534
vn -0.9921489972491945 0.11967631631431284 -0.03630353386179534
vn -0.9921489972491945 0.11967631631431284 -0.03630353386179534
vn -0.9921489793282985 0.12445935950694875 -0.012258492930845369
vn -0.9921489793282985 0.12445935950694875 -0.012258492930845369
vn -0.9921489793282985 0.12445935950694875 -0.012258492930845369
vn -0.9921489793282985 0.12445935950694875 -0.012258492930845369
vn -0.9921489758150323 0.12445930342957488 0.01225934659791881
vn -0.9921489758150323 0.12445930342957488 0.01225934659791881
vn -0.9921489758150323 0.12445930342957488 0.01225934659791881
vn -0.9921489758150323 0.12445930342957488 0.01225934659791881
vn -0.9921489914818352 0.11967629738467159 0.03630375388128332
vn -0.9921489914818352 0.11967629738467159 0.03630375388128332
vn -0.9921489914818352 0.11967629738467159 0.03630375388128332
vn -0.9921489914818352 0.11967629738467159 0.03630375388128332
vn -0.9921490030623888 0.11029443610298036 0.058953312774038376
vn -0.9921490030623888 0.11029443610298036 0.058953312774038376
vn -0.9921490030623888 0.11029443610298036 0.058953312774038376
vn -0.9921490030623888 0.11029443610298036 0.058953312774038376
vn -0.9921489730854348 0.0966740821565518 0.07933811848478269
vn -0.9921489730854348 0.0966740821565518 0.07933811848478269
vn -0.9921489730854348 0.0966740821565518 0.07933811848478269
vn -0.9921489730854348 0.0966740821565518 0.07933811848478269
vn -0.9921490015271266 0.07933793619271493 0.09667393986698998
vn -0.9921490015271266 0.07933793619271493 0.09667393986698998
vn -0.9921490015271266 0.07933793619271493 0.09667393986698998
vn -0.9921490015271266 0.07933793619271493 0.09667393986698998
vn -0.9921490629515446 0.058954197728278604 0.11029342434881131
vn -0.9921490629515446 0.058954197728278604 0.11029342434881131
vn -0.9921490629515446 0.058954197728278604 0.11029342434881131
vn -0.9921490629515446 0.058954197728278604 0.11029342434881131
vn -0.9921490574002211 0.03630132478479633 0.11967648774392341
vn -0.9921490574002211 0.03630132478479633 0.11967648774392341
vn -0.9921490574002211 0.03630132478479633 0.11967648774392341
vn -0.9921490574002211 0.03630132478479633 0.11967648774392341
vn -0.9921489739755817 0.01225840345775316 0.12445941098955896
vn -0.9921489739755817 0.01225840345775316 0.12445941098955896
vn -0.9921489739755817 0.01225840345775316 0.12445941098955896
vn -0.9921489739755817 0.01225840345775316 0.12445941098955896
vn -0.9921489556092585 -0.012258359882814512 0.1244595616915025
vn -0.9921489556092585 -0.012258359882814512 0.1244595616915025
vn -0.9921489556092585 -0.012258359882814512 0.1244595616915025
vn -0.9921489556092585 -0.012258359882814512 0.1244595616915025
vn -0.9921490423191733 -0.036302613621673946 0.11967622182113938
vn -0.9921490423191733 -0.036302613621673946 0.11967622182113938
vn -0.9921490423191733 -0.036302613621673946 0.11967622182113938
vn -0.9921490423191733 -0.036302613621673946 0.11967622182113938
vn -0.9921490436022596 -0.058954156915049453 0.11029362022146642
vn -0.9921490436022596 -0.058954156915049453 0.11029362022146642
vn -0.9921490436022596 -0.058954156915049453 0.11029362022146642
vn -0.9921490436022596 -0.058954156915049453 0.11029362022146642
vn -0.9921489651439239 -0.07933754892129617 0.0966746310828333
vn -0.9921489651439239 -0.07933754892129617 0.0966746310828333
vn -0.9921489651439239 -0.07933754892129617 0.0966746310828333
vn -0.9921489651439239 -0.07933754892129617 0.0966746310828333
vn -0.9921489819760072 -0.0966741540287736 0.07933791972817017
vn -0.9921489819760072 -0.0966741540287736 0.07933791972817017
vn -0.9921489819760072 -0.0966741540287736 0.07933791972817017
vn -0.9921489819760072 -0.0966741540287736 0.07933791972817017
vn -0.9921489791530618 -0.11029446556512446 0.05895366003261279
vn -0.9921489791530618 -0.11029446556512446 0.05895366003261279
vn -0.9921489791530618 -0.11029446556512446 0.05895366003261279
vn -0.9921489791530618 -0.11029446556512446 0.05895366003261279
vn -0.8684952028262946 0.31446197332994497 -0.38318370267686286
vn -0.8684952028262946 0.31446197332994497 -0.38318370267686286
vn -0.8684952028262946 0.31446197332994497 -0.38318370267686286
vn -0.8684952028262946 0.31446197332994497 -0.38318370267686286
vn -0.868494765885187 0.23367445951586588 -0.43716483001266476
vn -0.868494765885187 0.23367445951586588 -0.43716483001266476
vn -0.868494765885187 0.23367445951586588 -0.43716483001266476
vn -0.868494765885187 0.23367445951586588 -0.43716483001266476
vn -0.868495043167396 -0.048588527423714965 -0.4933107691875963
vn -0.868495043167396 -0.048588527423714965 -0.4933107691875963
vn -0.868495043167396 -0.048588527423714965 -0.4933107691875963
vn -0.868495043167396 -0.048588527423714965 -0.4933107691875963
vn -0.8684949426403665 -0.1438910616588358 -0.47435418938046675
vn -0.8684949426403665 -0.1438910616588358 -0.47435418938046675
vn -0.8684949426403665 -0.1438910616588358 -0.47435418938046675
vn -0.8684949426403665 -0.1438910616588358 -0.47435418938046675
vn -0.868494760662481 -0.38318070794127207 -0.31446684366312055
vn -0.868494760662481 -0.38318070794127207 -0.31446684366312055
vn -0.868494760662481 -0.38318070794127207 -0.31446684366312055
vn -0.868494760662481 -0.38318070794127207 -0.31446684366312055
vn -0.868494859315078 -0.43716609833547015 -0.23367173943253175
vn -0.868494859315078 -0.43716609833547015 -0.23367173943253175
vn -0.868494859315078 -0.43716609833547015 -0.23367173943253175
vn -0.868494859315078 -0.43716609833547015 -0.23367173943253175
vn -0.8684943147297169 -0.49331218815820743 0.04858714126927746
vn -0.8684943147297169 -0.49331218815820743 0.04858714126927746
vn -0.8684943147297169 -0.49331218815820743 0.04858714126927746
vn -0.8684943147297169 -0.49331218815820743 0.04858714126927746
vn -0.8684945520746099 -0.4743535455410032 0.14389554145074168
vn -0.8684945520746099 -0.4743535455410032 0.14389554145074168
vn -0.8684945520746099 -0.4743535455410032 0.14389554145074168
vn -0.8684945520746099 -0.4743535455410032 0.14389554145074168
vn -0.8684947901789961 0.04858561009734953 0.4933115019168008
vn -0.8684947901789961 0.04858561009734953 0.4933115019168008
vn -0.8684947901789961 0.04858561009734953 0.4933115019168008
vn -0.8684947901789961 0.04858561009734953 0.4933115019168008
vn -0.8684948571871643 0.14389662538430006 0.47435265809570115
vn -0.8684948571871643 0.14389662538430006 0.47435265809570115
vn -0.8684948571871643 0.14389662538430006 0.47435265809570115
vn -0.8684948571871643 0.14389662538430006 0.47435265809570115
vn -0.8684940331436489 -0.31447005787360405 0.38317971905471504
vn -0.8684940331436489 -0.31447005787360405 0.38317971905471504
vn -0.8684940331436489 -0.31447005787360405 0.38317971905471504
vn -0.8684940331436489 -0.31447005787360405 0.38317971905471504
vn -0.868493820889853 -0.23367261183496082 0.43716769500315505
vn -0.868493820889853 -0.23367261183496082 0.43716769500315505
vn -0.868493820889853 -0.23367261183496082 0.43716769500315505
vn -0.868493820889853 -0.23367261183496082 0.43716769500315505
vn -0.8684947574385532 0.3831819880184067 0.31446529277491087
vn -0.8684947574385532 0.3831819880184067 0.31446529277491087
vn -0.8684947574385532 0.3831819880184067 0.31446529277491087
vn -0.8684947574385532 0.3831819880184067 0.31446529277491087
vn -0.8684946705162815 0.437166808765407 0.2336711120328865
vn -0.8684946705162815 0.437166808765407 0.2336711120328865
vn -0.8684946705162815 0.437166808765407 0.2336711120328865
vn -0.8684946705162815 0.437166808765407 0.2336711120328865
vn -0.8684949921454002 0.49331094882316623 -0.04858761559851447
vn -0.8684949921454002 0.49331094882316623 -0.04858761559851447
vn -0.8684949921454002 0.49331094882316623 -0.04858761559851447
vn -0.8684949921454002 0.49331094882316623 -0.04858761559851447
vn -0.8684948867085074 0.47435344632798737 -0.14389384878422723
vn -0.8684948867085074 0.47435344632798737 -0.14389384878422723
vn -0.8684948867085074 0.47435344632798737 -0.14389384878422723
vn -0.8684948867085074 0.47435344632798737 -0.14389384878422723
vn -0.085217243081528 -0.9009086200644437 -0.4255604302272048
vn -0.085217243081528 -0.9009086200644437 -0.4255604302272048
vn -0.085217243081528 -0.9009086200644437 -0.4255604302272048
vn -0.085217243081528 -0.9009086200644437 -0.4255604302272048
vn -0.1876333162811411 -0.4630245238370329 0.8662574842082635
vn -0.1876333162811411 -0.4630245238370329 0.8662574842082635
vn -0.1876333162811411 -0.4630245238370329 0.8662574842082635
vn -0.1876333162811411 -0.4630245238370329 0.8662574842082635
vn -0.22729863536676745 0.9691361165669712 -0.0954490331323241
vn -0.22729863536676745 0.9691361165669712 -0.0954490331323241
vn -0.22729863536676745 0.9691361165669712 -0.0954490331323241
vn -0.22729863536676745 0.9691361165669712 -0.0954490331323241
vn -0.22729859728636062 0.9318906573264913 -0.28269267846771834
vn -0.22729859728636062 0.9318906573264913 -0.28269267846771834
vn -0.22729859728636062 0.9318906573264913 -0.28269267846771834
vn -0.22729859728636062 0.9318906573264913 -0.28269267846771834
vn -0.18763349501574172 -0.6231249972933872 0.7592818378548862
vn -0.18763349501574172 -0.6231249972933872 0.7592818378548862
vn -0.18763349501574172 -0.6231249972933872 0.7592818378548862
vn -0.18763349501574172 -0.6231249972933872 0.7592818378548862
vn -0.2272988404256131 -0.09545539562694431 -0.9691354418175382
vn -0.2272988404256131 -0.09545539562694431 -0.9691354418175382
vn -0.2272988404256131 -0.09545539562694431 -0.9691354418175382
vn -0.2272988404256131 -0.09545539562694431 -0.9691354418175382
vn -0.1876338732721593 0.28513479833665895 0.9399423792863051
vn -0.1876338732721593 0.28513479833665895 0.9399423792863051
vn -0.1876338732721593 0.28513479833665895 0.9399423792863051
vn -0.1876338732721593 0.28513479833665895 0.9399423792863051
vn -0.08521724150199872 -0.7379304965073419 -0.6694748718773676
vn -0.08521724150199872 -0.7379304965073419 -0.6694748718773676
vn -0.08521724150199872 -0.7379304965073419 -0.6694748718773676
vn -0.08521724150199872 -0.7379304965073419 -0.6694748718773676
vn -0.08521673065340941 0.9951859612760262 -0.048404661922752404
vn -0.08521673065340941 0.9951859612760262 -0.048404661922752404
vn -0.08521673065340941 0.9951859612760262 -0.048404661922752404
vn -0.08521673065340941 0.9951859612760262 -0.048404661922752404
vn -0.227298375371554 -0.2826930268190798 -0.9318906057801628
vn -0.227298375371554 -0.2826930268190798 -0.9318906057801628
vn -0.227298375371554 -0.2826930268190798 -0.9318906057801628
vn -0.227298375371554 -0.2826930268190798 -0.9318906057801628
vn -0.08521686327758027 0.9379552467839132 -0.33612206301232067
vn -0.08521686327758027 0.9379552467839132 -0.33612206301232067
vn -0.08521686327758027 0.9379552467839132 -0.33612206301232067
vn -0.08521686327758027 0.9379552467839132 -0.33612206301232067
vn -0.08521687218524901 -0.99518596093516 0.04840441976230235
vn -0.08521687218524901 -0.99518596093516 0.04840441976230235
vn -0.08521687218524901 -0.99518596093516 0.04840441976230235
vn -0.08521687218524901 -0.99518596093516 0.04840441976230235
vn -0.22729870841876368 0.617791136389579 -0.7527744741618398
vn -0.22729870841876368 0.617791136389579 -0.7527744741618398
vn -0.22729870841876368 0.617791136389579 -0.7527744741618398
vn -0.22729870841876368 0.617791136389579 -0.7527744741618398
vn -0.1876342306397346 0.09627312731995107 0.9775095295946077
vn -0.1876342306397346 0.09627312731995107 0.9775095295946077
vn -0.1876342306397346 0.09627312731995107 0.9775095295946077
vn -0.1876342306397346 0.09627312731995107 0.9775095295946077
vn -0.22729958457618255 0.459054923727036 -0.8588384457239091
vn -0.22729958457618255 0.459054923727036 -0.8588384457239091
vn -0.22729958457618255 0.459054923727036 -0.8588384457239091
vn -0.22729958457618255 0.459054923727036 -0.8588384457239091
vn -0.22729938349014783 -0.752780032359118 -0.6177841153237947
vn -0.22729938349014783 -0.752780032359118 -0.6177841153237947
vn -0.22729938349014783 -0.752780032359118 -0.6177841153237947
vn -0.22729938349014783 -0.752780032359118 -0.6177841153237947
vn -0.18763391989501085 -0.9399438043714818 0.2851300698426915
vn -0.18763391989501085 -0.9399438043714818 0.2851300698426915
vn -0.18763391989501085 -0.9399438043714818 0.2851300698426915
vn -0.18763391989501085 -0.9399438043714818 0.2851300698426915
vn -0.08521657579747305 -0.9379548411880227 0.33612326771781903
vn -0.08521657579747305 -0.9379548411880227 0.33612326771781903
vn -0.08521657579747305 -0.9379548411880227 0.33612326771781903
vn -0.08521657579747305 -0.9379548411880227 0.33612326771781903
vn -0.2272987782246892 -0.8588368929241385 -0.45905822808220703
vn -0.2272987782246892 -0.8588368929241385 -0.45905822808220703
vn -0.2272987782246892 -0.8588368929241385 -0.45905822808220703
vn -0.2272987782246892 -0.8588368929241385 -0.45905822808220703
vn -0.18763416691646592 -0.977509031300013 0.09627831081024524
vn -0.18763416691646592 -0.977509031300013 0.09627831081024524
vn -0.18763416691646592 -0.977509031300013 0.09627831081024524
vn -0.18763416691646592 -0.977509031300013 0.09627831081024524
vn -0.08521652882049051 0.9009094842071649 0.4255587438666566
vn -0.08521652882049051 0.9009094842071649 0.4255587438666566
vn -0.08521652882049051 0.9009094842071649 0.4255587438666566
vn -0.08521652882049051 0.9009094842071649 0.4255587438666566
vn -0.08521633588460632 -0.6694762691293364 0.7379293334534588
vn -0.08521633588460632 -0.6694762691293364 0.7379293334534588
vn -0.08521633588460632 -0.6694762691293364 0.7379293334534588
vn -0.08521633588460632 -0.6694762691293364 0.7379293334534588
vn -0.22729883969216338 -0.9691358002483107 0.09545175824290816
vn -0.22729883969216338 -0.9691358002483107 0.09545175824290816
vn -0.22729883969216338 -0.9691358002483107 0.09545175824290816
vn -0.22729883969216338 -0.9691358002483107 0.09545175824290816
vn -0.18763371890999306 -0.86625765520538 -0.46302404076471326
vn -0.18763371890999306 -0.86625765520538 -0.46302404076471326
vn -0.18763371890999306 -0.86625765520538 -0.46302404076471326
vn -0.18763371890999306 -0.86625765520538 -0.46302404076471326
vn -0.08521676167436823 0.6694750271975776 -0.7379304110067133
vn -0.08521676167436823 0.6694750271975776 -0.7379304110067133
vn -0.08521676167436823 0.6694750271975776 -0.7379304110067133
vn -0.08521676167436823 0.6694750271975776 -0.7379304110067133
vn -0.22729876234854854 -0.9318925693885007 0.2826862425964807
vn -0.22729876234854854 -0.9318925693885007 0.2826862425964807
vn -0.22729876234854854 -0.9318925693885007 0.2826862425964807
vn -0.22729876234854854 -0.9318925693885007 0.2826862425964807
vn -0.18763389562427663 -0.7592826646535145 -0.623123869202197
vn -0.18763389562427663 -0.7592826646535145 -0.623123869202197
vn -0.18763389562427663 -0.7592826646535145 -0.623123869202197
vn -0.18763389562427663 -0.7592826646535145 -0.623123869202197
vn -0.08521708773273615 -0.3361219773040947 -0.937955257105336
vn -0.08521708773273615 -0.3361219773040947 -0.937955257105336
vn -0.08521708773273615 -0.3361219773040947 -0.937955257105336
vn -0.08521708773273615 -0.3361219773040947 -0.937955257105336
vn -0.2272990472753574 -0.6177826024061077 0.7527813754816546
vn -0.2272990472753574 -0.6177826024061077 0.7527813754816546
vn -0.2272990472753574 -0.6177826024061077 0.7527813754816546
vn -0.2272990472753574 -0.6177826024061077 0.7527813754816546
vn -0.18763395702692612 -0.28512835244622287 -0.9399443179261845
vn -0.18763395702692612 -0.28512835244622287 -0.9399443179261845
vn -0.18763395702692612 -0.28512835244622287 -0.9399443179261845
vn -0.18763395702692612 -0.28512835244622287 -0.9399443179261845
vn -0.0852170209794819 0.42556195721364576 -0.9009079197719784
vn -0.0852170209794819 0.42556195721364576 -0.9009079197719784
vn -0.0852170209794819 0.42556195721364576 -0.9009079197719784
vn -0.0852170209794819 0.42556195721364576 -0.9009079197719784
vn -0.08521726358579491 -0.4255591245081262 0.9009092349037311
vn -0.08521726358579491 -0.4255591245081262 0.9009092349037311
vn -0.08521726358579491 -0.4255591245081262 0.9009092349037311
vn -0.08521726358579491 -0.4255591245081262 0.9009092349037311
vn -1 1.6409716099488296e-16 1.0072211953371247e-9
vn -1 1.6409716099488296e-16 1.0072211953371247e-9
vn -1 1.6409716099488296e-16 1.0072211953371247e-9
vn -1 1.6409716099488296e-16 1.0072211953371247e-9
vn -1 1.6409716099488296e-16 1.0072211953371247e-9
vn -1 1.6409716099488296e-16 1.0072211953371247e-9
vn -1 1.6409716099488296e-16 1.0072211953371247e-9
vn -1 1.6409716099488296e-16 1.0072211953371247e-9
vn -1 1.6409716099488296e-16 1.0072211953371247e-9
vn -1 1.6409716099488296e-16 1.0072211953371247e-9
vn -1 1.6409716099488296e-16 1.0072211953371247e-9
vn -1 1.6409716099488296e-16 1.0072211953371247e-9
vn -1 1.6409716099488296e-16 1.0072211953371247e-9
vn -1 1.6409716099488296e-16 1.0072211953371247e-9
vn -1 1.6409716099488296e-16 1.0072211953371247e-9
vn -1 1.6409716099488296e-16 1.0072211953371247e-9
vn -1 1.6409716099488296e-16 1.0072211953371247e-9
vn -1 1.6409716099488296e-16 1.0072211953371247e-9
vn -1 1.6409716099488296e-16 1.0072211953371247e-9
vn -1 1.6409716099488296e-16 1.0072211953371247e-9
vn -1 1.6409716099488296e-16 1.0072211953371247e-9
vn -1 1.6409716099488296e-16 1.0072211953371247e-9
vn -1 1.6409716099488296e-16 1.0072211953371247e-9
vn -1 1.6409716099488296e-16 1.0072211953371247e-9
vn -1 1.6409716099488296e-16 1.0072211953371247e-9
vn -1 1.6409716099488296e-16 1.0072211953371247e-9
vn -1 1.6409716099488296e-16 1.0072211953371247e-9
vn -1 1.6409716099488296e-16 1.0072211953371247e-9
vn -1 1.6409716099488296e-16 1.0072211953371247e-9
vn -1 1.6409716099488296e-16 1.0072211953371247e-9
vn -1 1.6409716099488296e-16 1.0072211953371247e-9
vn -1 1.6409716099488296e-16 1.0072211953371247e-9
f 3581//3581 3582//3582 3583//3583
f 3581//3581 3583//3583 3584//3584
f 3585//3585 3586//3586 3587//3587
f 3585//3585 3587//3587 3588//3588
f 3589//3589 3590//3590 3591//3591
f 3589//3589 3591//3591 3592//3592
f 3593//3593 3594//3594 3595//3595
f 3593//3593 3595//3595 3596//3596
f 3597//3597 3598//3598 3599//3599
f 3597//3597 3599//3599 3600//3600
f 3601//3601 3602//3602 3603//3603
f 3601//3601 3603//3603 3604//3604
f 3605//3605 3606//3606 3607//3607
f 3605//3605 3607//3607 3608//3608
f 3609//3609 3610//3610 3611//3611
f 3609//3609 3611//3611 3612//3612
f 3613//3613 3614//3614 3615//3615
f 3613//3613 3615//3615 3616//3616
f 3617//3617 3618//3618 3619//3619
f 3617//3617 3619//3619 3620//3620
f 3621//3621 3622//3622 3623//3623
f 3621//3621 3623//3623 3624//3624
f 3625//3625 3626//3626 3627//3627
f 3625//3625 3627//3627 3628//3628
f 3629//3629 3630//3630 3631//3631
f 3629//3629 3631//3631 3632//3632
f 3633//3633 3634//3634 3635//3635
f 3633//3633 3635//3635 3636//3636
f 3637//3637 3638//3638 3639//3639
f 3637//3637 3639//3639 3640//3640
f 3641//3641 3642//3642 3643//3643
f 3641//3641 3643//3643 3644//3644
f 3645//3645 3646//3646 3647//3647
f 3645//3645 3647//3647 3648//3648
f 3649//3649 3650//3650 3651//3651
f 3649//3649 3651//3651 3652//3652
f 3653//3653 3654//3654 3655//3655
f 3653//3653 3655//3655 3656//3656
f 3657//3657 3658//3658 3659//3659
f 3657//3657 3659//3659 3660//3660
f 3661//3661 3662//3662 3663//3663
f 3661//3661 3663//3663 3664//3664
f 3665//3665 3666//3666 3667//3667
f 3665//3665 3667//3667 3668//3668
f 3669//3669 3670//3670 3671//3671
f 3669//3669 3671//3671 3672//3672
f 3673//3673 3674//3674 3675//3675
f 3673//3673 3675//3675 3676//3676
f 3677//3677 3678//3678 3679//3679
f 3677//3677 3679//3679 3680//3680
f 3681//3681 3682//3682 3683//3683
f 3681//3681 3683//3683 3684//3684
f 3685//3685 3686//3686 3687//3687
f 3685//3685 3687//3687 3688//3688
f 3689//3689 3690//3690 3691//3691
f 3689//3689 3691//3691 3692//3692
f 3693//3693 3694//3694 3695//3695
f 3693//3693 3695//3695 3696//3696
f 3697//3697 3698//3698 3699//3699
f 3697//3697 3699//3699 3700//3700
f 3701//3701 3702//3702 3703//3703
f 3701//3701 3703//3703 3704//3704
f 3705//3705 3706//3706 3707//3707
f 3705//3705 3707//3707 3708//3708
f 3709//3709 3710//3710 3711//3711
f 3709//3709 3711//3711 3712//3712
f 3713//3713 3714//3714 3715//3715
f 3713//3713 3715//3715 3716//3716
f 3717//3717 3718//3718 3719//3719
f 3717//3717 3719//3719 3720//3720
f 3721//3721 3722//3722 3723//3723
f 3721//3721 3723//3723 3724//3724
f 3725//3725 3726//3726 3727//3727
f 3725//3725 3727//3727 3728//3728
f 3729//3729 3730//3730 3731//3731
f 3729//3729 3731//3731 3732//3732
f 3733//3733 3734//3734 3735//3735
f 3733//3733 3735//3735 3736//3736
f 3737//3737 3738//3738 3739//3739
f 3737//3737 3739//3739 3740//3740
f 3741//3741 3742//3742 3743//3743
f 3741//3741 3743//3743 3744//3744
f 3745//3745 3746//3746 3747//3747
f 3745//3745 3747//3747 3748//3748
f 3749//3749 3750//3750 3751//3751
f 3749//3749 3751//3751 3752//3752
f 3753//3753 3754//3754 3755//3755
f 3753//3753 3755//3755 3756//3756
f 3757//3757 3758//3758 3759//3759
f 3757//3757 3759//3759 3760//3760
f 3761//3761 3762//3762 3763//3763
f 3761//3761 3763//3763 3764//3764
f 3765//3765 3766//3766 3767//3767
f 3765//3765 3767//3767 3768//3768
f 3769//3769 3770//3770 3771//3771
f 3769//3769 3771//3771 3772//3772
f 3773//3773 3774//3774 3775//3775
f 3773//3773 3775//3775 3776//3776
f 3777//3777 3778//3778 3779//3779
f 3777//3777 3779//3779 3780//3780
f 3781//3781 3782//3782 3783//3783
f 3781//3781 3783//3783 3784//3784
f 3785//3785 3786//3786 3787//3787
f 3785//3785 3787//3787 3788//3788
f 3789//3789 3790//3790 3791//3791
f 3789//3789 3791//3791 3792//3792
f 3793//3793 3794//3794 3795//3795
f 3793//3793 3795//3795 3796//3796
f 3797//3797 3798//3798 3799//3799
f 3797//3797 3799//3799 3800//3800
f 3801//3801 3802//3802 3803//3803
f 3801//3801 3803//3803 3804//3804
f 3805//3805 3806//3806 3807//3807
f 3805//3805 3807//3807 3808//3808
f 3809//3809 3810//3810 3811//3811
f 3809//3809 3811//3811 3812//3812
f 3813//3813 3814//3814 3815//3815
f 3813//3813 3815//3815 3816//3816
f 3817//3817 3818//3818 3819//3819
f 3817//3817 3819//3819 3820//3820
f 3821//3821 3822//3822 3823//3823
f 3821//3821 3823//3823 3824//3824
f 3825//3825 3826//3826 3827//3827
f 3825//3825 3827//3827 3828//3828
f 3829//3829 3830//3830 3831//3831
f 3829//3829 3831//3831 3832//3832
f 3833//3833 3834//3834 3835//3835
f 3833//3833 3835//3835 3836//3836
f 3837//3837 3838//3838 3839//3839
f 3837//3837 3839//3839 3840//3840
f 3841//3841 3842//3842 3843//3843
f 3841//3841 3843//3843 3844//3844
f 3845//3845 3846//3846 3847//3847
f 3845//3845 3847//3847 3848//3848
f 3849//3849 3850//3850 3851//3851
f 3849//3849 3851//3851 3852//3852
f 3853//3853 3854//3854 3855//3855
f 3853//3853 3855//3855 3856//3856
f 3857//3857 3858//3858 3859//3859
f 3857//3857 3859//3859 3860//3860
f 3861//3861 3862//3862 3863//3863
f 3861//3861 3863//3863 3864//3864
f 3865//3865 3866//3866 3867//3867
f 3865//3865 3867//3867 3868//3868
f 3869//3869 3870//3870 3871//3871
f 3869//3869 3871//3871 3872//3872
f 3873//3873 3874//3874 3875//3875
f 3873//3873 3875//3875 3876//3876
f 3877//3877 3878//3878 3879//3879
f 3877//3877 3879//3879 3880//3880
f 3881//3881 3882//3882 3883//3883
f 3881//3881 3883//3883 3884//3884
f 3885//3885 3886//3886 3887//3887
f 3885//3885 3887//3887 3888//3888
f 3889//3889 3890//3890 3891//3891
f 3889//3889 3891//3891 3892//3892
f 3893//3893 3894//3894 3895//3895
f 3893//3893 3895//3895 3896//3896
f 3897//3897 3898//3898 3899//3899
f 3897//3897 3899//3899 3900//3900
f 3901//3901 3902//3902 3903//3903
f 3901//3901 3903//3903 3904//3904
f 3905//3905 3906//3906 3907//3907
f 3905//3905 3907//3907 3908//3908
f 3909//3909 3910//3910 3911//3911
f 3909//3909 3911//3911 3912//3912
f 3913//3913 3914//3914 3915//3915
f 3913//3913 3915//3915 3916//3916
f 3917//3917 3918//3918 3919//3919
f 3917//3917 3919//3919 3920//3920
f 3921//3921 3922//3922 3923//3923
f 3921//3921 3923//3923 3924//3924
f 3925//3925 3926//3926 3927//3927
f 3925//3925 3927//3927 3928//3928
f 3929//3929 3930//3930 3931//3931
f 3929//3929 3931//3931 3932//3932
f 3933//3933 3934//3934 3935//3935
f 3933//3933 3935//3935 3936//3936
f 3937//3937 3938//3938 3939//3939
f 3937//3937 3939//3939 3940//3940
f 3941//3941 3942//3942 3943//3943
f 3941//3941 3943//3943 3944//3944
f 3945//3945 3946//3946 3947//3947
f 3945//3945 3947//3947 3948//3948
f 3949//3949 3950//3950 3951//3951
f 3949//3949 3951//3951 3952//3952
f 3953//3953 3954//3954 3955//3955
f 3953//3953 3955//3955 3956//3956
f 3957//3957 3958//3958 3959//3959
f 3957//3957 3959//3959 3960//3960
f 3961//3961 3962//3962 3963//3963
f 3961//3961 3963//3963 3964//3964
f 3965//3965 3966//3966 3967//3967
f 3965//3965 3967//3967 3968//3968
f 3969//3969 3970//3970 3971//3971
f 3969//3969 3971//3971 3972//3972
f 3973//3973 3974//3974 3975//3975
f 3973//3973 3975//3975 3976//3976
f 3977//3977 3978//3978 3979//3979
f 3977//3977 3979//3979 3980//3980
f 3981//3981 3982//3982 3983//3983
f 3981//3981 3983//3983 3984//3984
f 3985//3985 3986//3986 3987//3987
f 3985//3985 3987//3987 3988//3988
f 3989//3989 3990//3990 3991//3991
f 3989//3989 3991//3991 3992//3992
f 3993//3993 3994//3994 3995//3995
f 3993//3993 3995//3995 3996//3996
f 3997//3997 3998//3998 3999//3999
f 3997//3997 3999//3999 4000//4000
f 4001//4001 4002//4002 4003//4003
f 4001//4001 4003//4003 4004//4004
f 4005//4005 4006//4006 4007//4007
f 4005//4005 4007//4007 4008//4008
f 4009//4009 4010//4010 4011//4011
f 4009//4009 4011//4011 4012//4012
f 4013//4013 4014//4014 4015//4015
f 4013//4013 4015//4015 4016//4016
f 4017//4017 4018//4018 4019//4019
f 4017//4017 4019//4019 4020//4020
f 4021//4021 4022//4022 4023//4023
f 4021//4021 4023//4023 4024//4024
f 4025//4025 4026//4026 4027//4027
f 4025//4025 4027//4027 4028//4028
f 4046//4046 4044//4044 4045//4045
f 4044//4044 4046//4046 4047//4047
f 4044//4044 4047//4047 4043//4043
f 4043//4043 4047//4047 4042//4042
f 4042//4042 4047//4047 4048//4048
f 4042//4042 4048//4048 4041//4041
f 4041//4041 4048//4048 4049//4049
f 4041//4041 4049//4049 4040//4040
f 4040//4040 4049//4049 4050//4050
f 4040//4040 4050//4050 4039//4039
f 4039//4039 4050//4050 4051//4051
f 4039//4039 4051//4051 4038//4038
f 4038//4038 4051//4051 4052//4052
f 4038//4038 4052//4052 4037//4037
f 4037//4037 4052//4052 4053//4053
f 4037//4037 4053//4053 4036//4036
f 4036//4036 4053//4053 4054//4054
f 4036//4036 4054//4054 4035//4035
f 4035//4035 4054//4054 4055//4055
f 4035//4035 4055//4055 4034//4034
f 4034//4034 4055//4055 4056//4056
f 4034//4034 4056//4056 4033//4033
f 4033//4033 4056//4056 4057//4057
f 4033//4033 4057//4057 4032//4032
f 4032//4032 4057//4057 4058//4058
f 4032//4032 4058//4058 4031//4031
f 4031//4031 4058//4058 4059//4059
f 4031//4031 4059//4059 4030//4030
f 4030//4030 4059//4059 4060//4060
f 4030//4030 4060//4060 4029//4029
o CarBody_Material028_0
usemtl Material.028
v 167.08578516370244 84.2929776136135 -289.42201675720753
v 157.5030391348023 45.954965658937965 -292.19303044676053
v 155.9640472067017 59.55521591704671 -352.106810967577
v 167.08578516370244 84.2929776136135 -289.42201675720753
v 155.9640472067017 59.55521591704671 -352.106810967577
v 150.93722988492436 93.6827306340241 -357.24704956751094
v 167.86130119687505 88.2022213437215 -96.81747561553716
v 157.5030391348023 35.94671602031217 -96.81746710203477
v 157.5030391348023 35.94670951814486 -136.7274855460955
v 167.86130119687505 88.2022213437215 -96.81747561553716
v 157.5030391348023 35.94670951814486 -136.7274855460955
v 167.3115437162537 85.43121905473248 -134.84358152165856
v 140.57155300504155 69.40072002007159 397.5085944184479
v 141.6842882764954 38.28746880432249 384.298135963575
v 157.5030391348023 35.946708243678614 367.64087926485496
v 140.57155300504155 69.40072002007159 397.5085944184479
v 157.5030391348023 35.946708243678614 367.64087926485496
v 166.1570494306702 79.60447026983321 368.95405784393625
v 166.69353891736455 82.3134654831251 221.82220906731683
v 157.5030391348023 35.94670848850514 222.80333291628122
v 157.5030391348023 35.94670776503719 145.19257794954447
v 166.69353891736455 82.3134654831251 221.82220906731683
v 157.5030391348023 35.94670776503719 145.19257794954447
v 167.86130119687505 88.20222500937936 145.19259327789803
v 167.86130119687505 88.20222754962572 51.02930361172055
v 157.5030391348023 35.94671626575142 51.02930914499169
v 157.5030391348023 35.94671602031217 -96.81746710203477
v 167.86130119687505 88.20222754962572 51.02930361172055
v 157.5030391348023 35.94671602031217 -96.81746710203477
v 167.86130119687505 88.2022213437215 -96.81747561553716
v 151.17527891522832 168.20899684913422 51.02930547812457
v 151.17527891522832 166.71048919069844 -90.43170902535904
v 145.14430214291997 174.67644082886147 -75.3297530020101
v 110.05803991681523 233.15025275622173 24.565300514038764
v 110.98707367307134 222.15329045163475 20.20146595761448
v 110.98707367307134 223.63267099516378 -57.75217838025958
v -110.05802701586299 232.1202524632642 -135.4559716198289
v -132.01877425783687 183.3874865180549 -205.16524083326962
v -125.23224900835567 191.64828959980196 -158.469544871538
v -110.05802701586299 232.1202524632642 -135.4559716198289
v -115.13174127214961 214.06217445626868 -126.40782862881373
v -115.13174127214961 215.52373063368245 -110.4257851237977
v 110.05803991681523 232.1202524632642 -135.4559716198289
v 110.05803991681523 235.29800227467615 -100.70746559152907
v 115.13175417310185 215.52373063368245 -110.4257851237977
v -110.05802701586299 235.29800227467615 -100.70746559152907
v -115.13174127214961 215.52373063368245 -110.4257851237977
v -115.13174127214961 215.48808941162085 -95.96774273479683
v 167.86130119687505 88.20222500937936 145.19259327789803
v 157.5030391348023 35.94670776503719 145.19257794954447
v 157.5030391348023 35.94671626575142 51.02930914499169
v 167.86130119687505 88.20222500937936 145.19259327789803
v 157.5030391348023 35.94671626575142 51.02930914499169
v 167.86130119687505 88.20222754962572 51.02930361172055
v 110.05803991681523 226.60984758039538 64.67630986608268
v 147.98304487592168 169.16274987174955 149.98133645829887
v 142.4924199712891 176.42879925946878 124.38804256134355
v -110.05802701586299 233.15025275622173 24.565300514038764
v -110.05802701586299 235.22050347648445 -69.2724766033776
v -110.9870607721191 223.63267099516378 -57.75217838025958
v 74.04626060849614 141.52148056850135 414.54087217348973
v 5.684341886080802e-14 140.10972930611476 440.9763906682641
v 5.684341886080802e-14 132.1629898425783 448.256646326966
v 74.04626060849614 141.52148056850135 414.54087217348973
v 5.684341886080802e-14 132.1629898425783 448.256646326966
v 71.67027045613713 133.75697806258123 426.6416176859244
v 54.73476101285405 237.72925189320642 -100.70746598762992
v 5.684341886080802e-14 240.13278535191608 -100.70746637921522
v 5.684341886080802e-14 241.59424880495288 -68.50246907779714
v 54.73476101285405 237.72925189320642 -100.70746598762992
v 5.684341886080802e-14 241.59424880495288 -68.50246907779714
v 54.73476101285405 238.42449757525765 -68.88546416684788
v 37.068015827002 180.91173609959893 -387.9195662966203
v 5.684341886080802e-14 181.0388809993472 -392.51231877399994
v 5.684341886080802e-14 189.59036750995392 -306.0583101574472
v 37.068015827002 180.91173609959893 -387.9195662966203
v 5.684341886080802e-14 189.59036750995392 -306.0583101574472
v 45.82251657372899 187.46901188862682 -302.93826891827973
v 86.47127200490422 183.87675178105255 -293.3357693248475
v 70.39966632253117 185.96264185810986 -282.954738628305
v 83.68011762029118 218.16428664037494 -191.46743155772307
v -86.47127102488093 183.87675178105255 -293.3357693248475
v -102.78351853960567 223.4297388294076 -180.96273366221706
v -83.68010471933894 218.16428664037494 -191.46743155772307
v 95.81927706128545 59.82696663040049 423.64890435833763
v 5.684341886080802e-14 55.89196773166768 450.54485722416206
v 5.684341886080802e-14 38.76246192562695 443.63715852260316
v 95.81927706128545 59.82696663040049 423.64890435833763
v 5.684341886080802e-14 38.76246192562695 443.63715852260316
v 70.46326447850652 38.526203186489155 420.25988309417534
v -77.5652701722961 86.78971987831667 -368.34653002713867
v -32.832025991616774 90.9091529724542 -379.7545259222787
v -32.831924663720656 80.20031129097393 -379.7545241775869
v 54.73476101285405 235.3242644434289 -135.06897110423103
v 5.684341886080802e-14 238.4939977917326 -134.68596409424842
v 5.684341886080802e-14 240.13278535191608 -100.70746637921522
v 54.73476101285405 235.3242644434289 -135.06897110423103
v 5.684341886080802e-14 240.13278535191608 -100.70746637921522
v 54.73476101285405 237.72925189320642 -100.70746598762992
v 70.46326447850652 38.526203186489155 420.25988309417534
v 5.684341886080802e-14 38.76246192562695 443.63715852260316
v 5.684341886080802e-14 34.91972021419865 367.64087943217254
v 70.46326447850652 38.526203186489155 420.25988309417534
v 5.684341886080802e-14 34.91972021419865 367.64087943217254
v 78.33052326566167 35.430460494350015 367.6408793489624
v 78.33052326566167 45.43871790960935 -292.1930303626531
v 5.684341886080802e-14 44.92771536902099 -292.1930302794002
v 5.684341886080802e-14 63.40471175875692 -380.19409377552597
v 78.33052326566167 45.43871790960935 -292.1930303626531
v 5.684341886080802e-14 63.40471175875692 -380.19409377552597
v 77.56501485234685 61.4902175924649 -373.6668126561201
v 54.73476101285405 238.42449757525765 -68.88546416684788
v 5.684341886080802e-14 241.59424880495288 -68.50246907779714
v 5.684341886080802e-14 239.52525561724482 24.56530096553509
v 54.73476101285405 238.42449757525765 -68.88546416684788
v 5.684341886080802e-14 239.52525561724482 24.56530096553509
v 54.73476101285405 236.3555044499475 24.565301481953103
v 54.73476101285405 236.3555044499475 24.565301481953103
v 5.684341886080802e-14 239.52525561724482 24.56530096553509
v 5.684341886080802e-14 233.75380892251002 94.870811771108
v 54.73476101285405 236.3555044499475 24.565301481953103
v 5.684341886080802e-14 233.75380892251002 94.870811771108
v 54.73476101285405 230.20079261293188 86.79381077831245
v 54.73476101285405 226.24648723705909 -182.26047028903136
v 5.684341886080802e-14 229.0332425838705 -183.58023678766813
v 5.684341886080802e-14 238.4939977917326 -134.68596409424842
v 54.73476101285405 226.24648723705909 -182.26047028903136
v 5.684341886080802e-14 238.4939977917326 -134.68596409424842
v 54.73476101285405 235.3242644434289 -135.06897110423103
v 5.684341886080802e-14 181.0388809993472 -392.51231877399994
v 35.98425139314122 174.23948575865788 -382.4962101070336
v 35.98425139314122 149.12784662776122 -384.80586215901684
v 51.37751151448674 156.43900325994244 398.67363646674943
v 5.684341886080802e-14 154.93274807055775 400.9918759241857
v 5.684341886080802e-14 140.10972930611476 440.9763906682641
v 51.37751151448674 156.43900325994244 398.67363646674943
v 5.684341886080802e-14 140.10972930611476 440.9763906682641
v 74.04626060849614 141.52148056850135 414.54087217348973
v 5.684341886080802e-14 63.40471175875692 -380.19409377552597
v 9.690815829799249e-7 81.01069008087566 -379.7545243096144
v 32.83193160420842 80.20031129097393 -379.7545241775869
v 5.684341886080802e-14 141.46373504629193 -386.79989853854846
v 39.77862645513005 141.46373728790803 -384.47379151340226
v 32.83203889256902 114.0517172691763 -379.75452969268093
v 5.684341886080802e-14 233.75380892251002 94.870811771108
v -54.73476003283076 230.20079261293188 86.79381077831245
v -49.69231735342555 225.05989238926722 89.17664438145066
v -71.97902153605037 178.5592419260569 178.09235167775208
v -65.34795712107234 178.17581320481855 172.0642955955061
v -134.35009072893672 169.64497472966536 146.54300668307914
v 71.67027045613713 133.75697806258123 426.6416176859244
v 5.684341886080802e-14 132.1629898425783 448.256646326966
v 5.684341886080802e-14 133.04473153320492 442.1468839915395
v 71.67027045613713 133.75697806258123 426.6416176859244
v 5.684341886080802e-14 133.04473153320492 442.1468839915395
v 69.24326468831487 133.99197445187832 423.50717627190625
v 178.2195394170899 148.45489419651244 -213.1475368540642
v 88.63302518254704 148.96140254688476 -213.14753693658488
v 86.85752202397771 128.17272719486564 -266.83052839220977
v 178.2195394170899 148.45489419651244 -213.1475368540642
v 86.85752202397771 128.17272719486564 -266.83052839220977
v 174.6482913625855 127.8432327185473 -266.8305283385283
v 5.684341886080802e-14 229.0332425838705 -183.58023678766813
v 54.73476101285405 226.24648723705909 -182.26047028903136
v 44.56172336465306 220.457515571333 -192.5239600227682
v -54.73476003283076 226.24648723705909 -182.26047028903136
v -44.561722384629775 220.457515571333 -192.5239600227682
v -83.68010471933894 218.16428664037494 -191.46743155772307
v 174.6482913625855 127.8432327185473 -266.8305283385283
v 86.85752202397771 128.17272719486564 -266.83052839220977
v 83.09651662236638 84.24946622292747 -289.42201675011864
v 83.09651662236638 84.24946622292747 -289.42201675011864
v 167.08578516370244 84.2929776136135 -289.42201675720753
v 174.6482913625855 127.8432327185473 -266.8305283385283
v 140.57155300504155 69.40072002007159 397.5085944184479
v 95.81927706128545 59.82696663040049 423.64890435833763
v 70.46326447850652 38.526203186489155 420.25988309417534
v 140.57155300504155 69.40072002007159 397.5085944184479
v 70.46326447850652 38.526203186489155 420.25988309417534
v 141.6842882764954 38.28746880432249 384.298135963575
v 157.5030391348023 35.946708243678614 367.64087926485496
v 78.33052326566167 35.430460494350015 367.6408793489624
v 82.63427068120427 79.51497389570298 368.95405785851705
v 157.5030391348023 35.946708243678614 367.64087926485496
v 82.63427068120427 79.51497389570298 368.95405785851705
v 166.1570494306702 79.60447026983321 368.95405784393625
v 174.78603769666142 123.13798240522193 245.05287429878854
v 86.92577530271001 123.47423604825782 245.05287424400586
v 82.90126968747563 82.25046933406199 221.82220907758023
v 174.78603769666142 123.13798240522193 245.05287429878854
v 82.90126968747563 82.25046933406199 221.82220907758023
v 166.69353891736455 82.3134654831251 221.82220906731683
v 155.9640472067017 59.55521591704671 -352.106810967577
v 77.56501485234685 61.4902175924649 -373.6668126561201
v 77.56527115231938 86.78971987831667 -368.34653002713867
v 155.9640472067017 59.55521591704671 -352.106810967577
v 77.56527115231938 86.78971987831667 -368.34653002713867
v 150.93722988492436 93.6827306340241 -357.24704956751094
v 157.5030391348023 35.94670848850514 222.80333291628122
v 78.33052326566167 35.43046073917654 222.80333300038868
v 78.33052326566167 35.43046001570859 145.1925780336519
v 157.5030391348023 35.94670848850514 222.80333291628122
v 78.33052326566167 35.43046001570859 145.1925780336519
v 157.5030391348023 35.94670776503719 145.19257794954447
v 166.1570494306702 79.60447026983321 368.95405784393625
v 82.63427068120427 79.51497389570298 368.95405785851705
v 86.78901840573735 122.07496693737933 349.27812853081497
v 166.1570494306702 79.60447026983321 368.95405784393625
v 86.78901840573735 122.07496693737933 349.27812853081497
v 174.5117848051209 121.75221970684954 349.2781285833972
v 141.6842882764954 38.28746880432249 384.298135963575
v 70.46326447850652 38.526203186489155 420.25988309417534
v 78.33052326566167 35.430460494350015 367.6408793489624
v 141.6842882764954 38.28746880432249 384.298135963575
v 78.33052326566167 35.430460494350015 367.6408793489624
v 157.5030391348023 35.946708243678614 367.64087926485496
v 174.9237959516663 126.85374806282249 -156.2696341648682
v 86.99402262097783 127.19674895164695 -156.26963422075013
v 88.63302518254704 148.96140254688476 -213.14753693658488
v 174.9237959516663 126.85374806282249 -156.2696341648682
v 88.63302518254704 148.96140254688476 -213.14753693658488
v 178.2195394170899 148.45489419651244 -213.1475368540642
v 157.5030391348023 45.954965658937965 -292.19303044676053
v 78.33052326566167 45.43871790960935 -292.1930303626531
v 77.56501485234685 61.4902175924649 -373.6668126561201
v 157.5030391348023 45.954965658937965 -292.19303044676053
v 77.56501485234685 61.4902175924649 -373.6668126561201
v 155.9640472067017 59.55521591704671 -352.106810967577
v 166.69353891736455 82.3134654831251 221.82220906731683
v 82.90126968747563 82.25046933406199 221.82220907758023
v 78.33052326566167 35.43046073917654 222.80333300038868
v 166.69353891736455 82.3134654831251 221.82220906731683
v 78.33052326566167 35.43046073917654 222.80333300038868
v 157.5030391348023 35.94670848850514 222.80333291628122
v 174.5117848051209 121.75221970684954 349.2781285833972
v 86.78901840573735 122.07496693737933 349.27812853081497
v 88.63302518254704 140.96398372135667 296.31663291495073
v 174.5117848051209 121.75221970684954 349.2781285833972
v 88.63302518254704 140.96398372135667 296.31663291495073
v 178.2195394170899 140.4574872919133 296.31663299746947
v 167.08578516370244 84.2929776136135 -289.42201675720753
v 83.09651662236638 84.24946622292747 -289.42201675011864
v 78.33052326566167 45.43871790960935 -292.1930303626531
v 167.08578516370244 84.2929776136135 -289.42201675720753
v 78.33052326566167 45.43871790960935 -292.1930303626531
v 157.5030391348023 45.954965658937965 -292.19303044676053
v 157.5030391348023 35.94671626575142 51.02930914499169
v 78.33052326566167 35.43046851642282 51.02930922909913
v 78.33052326566167 35.43046827098357 -96.81746701792733
v 157.5030391348023 35.94671626575142 51.02930914499169
v 78.33052326566167 35.43046827098357 -96.81746701792733
v 157.5030391348023 35.94671602031217 -96.81746710203477
v 157.5030391348023 35.94670776503719 145.19257794954447
v 78.33052326566167 35.43046001570859 145.1925780336519
v 78.33052326566167 35.43046851642282 51.02930922909913
v 157.5030391348023 35.94670776503719 145.19257794954447
v 78.33052326566167 35.43046851642282 51.02930922909913
v 157.5030391348023 35.94671626575142 51.02930914499169
v 157.5030391348023 35.94671602031217 -96.81746710203477
v 78.33052326566167 35.43046827098357 -96.81746701792733
v 78.33052326566167 35.43046176881626 -136.72748546198807
v 157.5030391348023 35.94670951814486 -136.7274855460955
v 157.5030391348023 35.94670951814486 -136.7274855460955
v 78.33052326566167 35.43046176881626 -136.72748546198807
v 83.2085256708283 85.39871664193646 -134.84358151636323
v 157.5030391348023 35.94670951814486 -136.7274855460955
v 83.2085256708283 85.39871664193646 -134.84358151636323
v 167.3115437162537 85.43121905473248 -134.84358152165856
v 178.2195394170899 140.4574872919133 296.31663299746947
v 88.63302518254704 140.96398372135667 296.31663291495073
v 86.92577530271001 123.47423604825782 245.05287424400586
v 178.2195394170899 140.4574872919133 296.31663299746947
v 86.92577530271001 123.47423604825782 245.05287424400586
v 174.78603769666142 123.13798240522193 245.05287429878854
v 167.3115437162537 85.43121905473248 -134.84358152165856
v 83.2085256708283 85.39871664193646 -134.84358151636323
v 86.99402262097783 127.19674895164695 -156.26963422075013
v 167.3115437162537 85.43121905473248 -134.84358152165856
v 86.99402262097783 127.19674895164695 -156.26963422075013
v 174.9237959516663 126.85374806282249 -156.2696341648682
v 71.97902251607366 178.5592419260569 178.09235167775208
v 147.98304487592168 169.16274987174955 149.98133645829887
v 134.35010362988896 169.64497472966536 146.54300668307914
v 5.684341886080802e-14 233.75380892251002 94.870811771108
v 1.6931173263401433e-7 228.28558371036877 96.50955296312719
v 49.692324293913316 225.05989238926722 89.17664438145066
v 5.684341886080802e-14 81.24021991432917 451.3098429473129
v 88.01426936513371 80.32371767882663 430.8333587979238
v 69.34402037984319 103.78972155105552 436.5483913670385
v 5.684341886080802e-14 81.24021991432917 451.3098429473129
v 69.34402037984319 103.78972155105552 436.5483913670385
v 5.684341886080802e-14 97.42747367670927 452.34090529725717
v 5.684341886080802e-14 97.42747367670927 452.34090529725717
v 69.34402037984319 103.78972155105552 436.5483913670385
v 67.14951444989629 109.31722904529096 431.85540683917384
v 5.684341886080802e-14 97.42747367670927 452.34090529725717
v 67.14951444989629 109.31722904529096 431.85540683917384
v 5.684341886080802e-14 103.30047659324578 448.13338862387076
v 82.47174073583074 76.8318977254834 424.3979173959882
v 5.684341886080802e-14 76.90311026915737 442.04184591221843
v 5.684341886080802e-14 64.23058424163479 439.68965795913476
v 82.47174073583074 76.8318977254834 424.3979173959882
v 5.684341886080802e-14 64.23058424163479 439.68965795913476
v 86.68493677503056 64.46524426930456 418.4596278610891
v 56.08501483327336 186.2922418412369 181.7160863225801
v 5.684341886080802e-14 190.55874324042577 187.40085478107386
v 5.684341886080802e-14 188.13948671322723 227.89459382649696
v 56.08501483327336 186.2922418412369 181.7160863225801
v 5.684341886080802e-14 188.13948671322723 227.89459382649696
v 57.79176999455876 183.48050141709066 226.92358723843503
v 71.97902251607366 178.5592419260569 178.09235167775208
v 5.684341886080802e-14 182.82449210179982 186.687090419958
v 5.684341886080802e-14 190.55874324042577 187.40085478107386
v 71.97902251607366 178.5592419260569 178.09235167775208
v 5.684341886080802e-14 190.55874324042577 187.40085478107386
v 56.08501483327336 186.2922418412369 181.7160863225801
v 54.88201428777165 178.18799005777694 297.80435878398407
v 5.684341886080802e-14 181.06249570228428 298.5693958522888
v 5.684341886080802e-14 154.93274807055775 400.9918759241857
v 54.88201428777165 178.18799005777694 297.80435878398407
v 5.684341886080802e-14 154.93274807055775 400.9918759241857
v 51.37751151448674 156.43900325994244 398.67363646674943
v 57.79176999455876 183.48050141709066 226.92358723843503
v 5.684341886080802e-14 188.13948671322723 227.89459382649696
v 5.684341886080802e-14 181.06249570228428 298.5693958522888
v 57.79176999455876 183.48050141709066 226.92358723843503
v 5.684341886080802e-14 181.06249570228428 298.5693958522888
v 54.88201428777165 178.18799005777694 297.80435878398407
v -167.0857722627502 84.2929776136135 -289.42201675720753
v -150.93721698397212 93.6827306340241 -357.24704956751094
v -155.96403430574946 59.55521591704671 -352.106810967577
v -167.0857722627502 84.2929776136135 -289.42201675720753
v -155.96403430574946 59.55521591704671 -352.106810967577
v -157.50302623385005 45.954965658937965 -292.19303044676053
v -167.8612882959228 88.2022213437215 -96.81747561553716
v -167.31153081530147 85.43121905473248 -134.84358152165856
v -157.50302623385005 35.94670951814486 -136.7274855460955
v -167.8612882959228 88.2022213437215 -96.81747561553716
v -157.50302623385005 35.94670951814486 -136.7274855460955
v -157.50302623385005 35.94671602031217 -96.81746710203477
v -140.5715401040893 69.40072002007159 397.5085944184479
v -166.15703652971797 79.60447026983321 368.95405784393625
v -157.50302623385005 35.946708243678614 367.64087926485496
v -140.5715401040893 69.40072002007159 397.5085944184479
v -157.50302623385005 35.946708243678614 367.64087926485496
v -141.68427537554317 38.28746880432249 384.298135963575
v -166.6935260164123 82.3134654831251 221.82220906731683
v -167.8612882959228 88.20222500937936 145.19259327789803
v -157.50302623385005 35.94670776503719 145.19257794954447
v -166.6935260164123 82.3134654831251 221.82220906731683
v -157.50302623385005 35.94670776503719 145.19257794954447
v -157.50302623385005 35.94670848850514 222.80333291628122
v -167.8612882959228 88.20222754962572 51.02930361172055
v -167.8612882959228 88.2022213437215 -96.81747561553716
v -157.50302623385005 35.94671602031217 -96.81746710203477
v -167.8612882959228 88.20222754962572 51.02930361172055
v -157.50302623385005 35.94671602031217 -96.81746710203477
v -157.50302623385005 35.94671626575142 51.02930914499169
v -110.05802701586299 233.15025275622173 24.565300514038764
v -110.9870607721191 222.15329045163475 20.20146595761448
v -110.9870607721191 217.4796241579557 53.522792199989766
v 110.05803991681523 235.22050347648445 -69.2724766033776
v 110.98707367307134 223.63267099516378 -57.75217838025958
v 145.14430214291997 174.67644082886147 -75.3297530020101
v 146.3865463865418 174.55898933415304 -133.53522640587974
v 132.0187871587891 183.3874865180549 -205.16524083326962
v 125.23226190930791 191.64828959980196 -158.469544871538
v 151.17527891522832 166.71048919069844 -90.43170902535904
v 134.04299665814824 183.97794931444054 -105.69960849080724
v 115.13175417310185 215.48808941162085 -95.96774273479683
v 146.3865463865418 174.55898933415304 -133.53522640587974
v 131.84049774533696 187.58774344308304 -125.52441195443642
v 134.04299665814824 183.97794931444054 -105.69960849080724
v -146.38653348558955 174.55898933415304 -133.53522640587974
v -131.84048484438472 187.58774344308304 -125.52441195443642
v -125.23224900835567 191.64828959980196 -158.469544871538
v -167.8612882959228 88.20222500937936 145.19259327789803
v -167.8612882959228 88.20222754962572 51.02930361172055
v -157.50302623385005 35.94671626575142 51.02930914499169
v -167.8612882959228 88.20222500937936 145.19259327789803
v -157.50302623385005 35.94671626575142 51.02930914499169
v -157.50302623385005 35.94670776503719 145.19257794954447
v -110.05802701586299 226.60984758039538 64.67630986608268
v -110.9870607721191 217.4796241579557 53.522792199989766
v -142.49240707033687 176.42879925946878 124.38804256134355
v 151.17527891522832 168.20899684913422 51.02930547812457
v 145.14430214291997 175.74725145750915 42.185852511629356
v 142.4924199712891 176.42879925946878 124.38804256134355
v -74.04625962847285 141.52148056850135 414.54087217348973
v -71.67026947611384 133.75697806258123 426.6416176859244
v 5.684341886080802e-14 132.1629898425783 448.256646326966
v -74.04625962847285 141.52148056850135 414.54087217348973
v 5.684341886080802e-14 132.1629898425783 448.256646326966
v 5.684341886080802e-14 140.10972930611476 440.9763906682641
v -54.73476003283076 237.72925189320642 -100.70746598762992
v -54.73476003283076 238.42449757525765 -68.88546416684788
v 5.684341886080802e-14 241.59424880495288 -68.50246907779714
v -54.73476003283076 237.72925189320642 -100.70746598762992
v 5.684341886080802e-14 241.59424880495288 -68.50246907779714
v 5.684341886080802e-14 240.13278535191608 -100.70746637921522
v -37.068008886514235 180.91173609959893 -387.9195662966203
v -45.822509633241225 187.46901188862682 -302.93826891827973
v 5.684341886080802e-14 189.59036750995392 -306.0583101574472
v -37.068008886514235 180.91173609959893 -387.9195662966203
v 5.684341886080802e-14 189.59036750995392 -306.0583101574472
v 5.684341886080802e-14 181.0388809993472 -392.51231877399994
v 5.684341886080802e-14 229.0332425838705 -183.58023678766813
v 5.539079097616195e-7 222.72633043687006 -193.59841756098413
v -44.561722384629775 220.457515571333 -192.5239600227682
v 5.684341886080802e-14 189.59036750995392 -306.0583101574472
v 5.539079097616195e-7 191.7788614077756 -293.3126440100917
v 37.30591584569402 188.88724976869483 -290.7725319972402
v -95.81927608126216 59.82696663040049 423.64890435833763
v -70.46326349848323 38.526203186489155 420.25988309417534
v 5.684341886080802e-14 38.76246192562695 443.63715852260316
v -95.81927608126216 59.82696663040049 423.64890435833763
v 5.684341886080802e-14 38.76246192562695 443.63715852260316
v 5.684341886080802e-14 55.89196773166768 450.54485722416206
v 77.56527115231938 86.78971987831667 -368.34653002713867
v 77.56501485234685 61.4902175924649 -373.6668126561201
v 32.83193160420842 80.20031129097393 -379.7545241775869
v 5.684341886080802e-14 141.46373504629193 -386.79989853854846
v 9.690815829799249e-7 114.0517172691763 -379.75452969268093
v -32.832025991616774 114.0517172691763 -379.75452969268093
v -54.73476003283076 235.3242644434289 -135.06897110423103
v -54.73476003283076 237.72925189320642 -100.70746598762992
v 5.684341886080802e-14 240.13278535191608 -100.70746637921522
v -54.73476003283076 235.3242644434289 -135.06897110423103
v 5.684341886080802e-14 240.13278535191608 -100.70746637921522
v 5.684341886080802e-14 238.4939977917326 -134.68596409424842
v -70.46326349848323 38.526203186489155 420.25988309417534
v -78.33052228563838 35.430460494350015 367.6408793489624
v 5.684341886080802e-14 34.91972021419865 367.64087943217254
v -70.46326349848323 38.526203186489155 420.25988309417534
v 5.684341886080802e-14 34.91972021419865 367.64087943217254
v 5.684341886080802e-14 38.76246192562695 443.63715852260316
v -78.33052228563838 45.43871790960935 -292.1930303626531
v -77.56501387232356 61.4902175924649 -373.6668126561201
v 5.684341886080802e-14 63.40471175875692 -380.19409377552597
v -78.33052228563838 45.43871790960935 -292.1930303626531
v 5.684341886080802e-14 63.40471175875692 -380.19409377552597
v 5.684341886080802e-14 44.92771536902099 -292.1930302794002
v 88.63302518254704 140.96398372135667 296.31663291495073
v 82.63427068120427 79.51497389570298 368.95405785851705
v 82.90126968747563 82.25046933406199 221.82220907758023
v -54.73476003283076 238.42449757525765 -68.88546416684788
v -54.73476003283076 236.3555044499475 24.565301481953103
v 5.684341886080802e-14 239.52525561724482 24.56530096553509
v -54.73476003283076 238.42449757525765 -68.88546416684788
v 5.684341886080802e-14 239.52525561724482 24.56530096553509
v 5.684341886080802e-14 241.59424880495288 -68.50246907779714
v -54.73476003283076 236.3555044499475 24.565301481953103
v -54.73476003283076 230.20079261293188 86.79381077831245
v 5.684341886080802e-14 233.75380892251002 94.870811771108
v -54.73476003283076 236.3555044499475 24.565301481953103
v 5.684341886080802e-14 233.75380892251002 94.870811771108
v 5.684341886080802e-14 239.52525561724482 24.56530096553509
v -54.73476003283076 226.24648723705909 -182.26047028903136
v -54.73476003283076 235.3242644434289 -135.06897110423103
v 5.684341886080802e-14 238.4939977917326 -134.68596409424842
v -54.73476003283076 226.24648723705909 -182.26047028903136
v 5.684341886080802e-14 238.4939977917326 -134.68596409424842
v 5.684341886080802e-14 229.0332425838705 -183.58023678766813
v 5.684341886080802e-14 181.0388809993472 -392.51231877399994
v 5.684341886080802e-14 141.46373504629193 -386.79989853854846
v -35.984244452653456 149.12783470683226 -384.8058621590149
v -51.377510534463454 156.43900325994244 398.67363646674943
v -74.04625962847285 141.52148056850135 414.54087217348973
v 5.684341886080802e-14 140.10972930611476 440.9763906682641
v -51.377510534463454 156.43900325994244 398.67363646674943
v 5.684341886080802e-14 140.10972930611476 440.9763906682641
v 5.684341886080802e-14 154.93274807055775 400.9918759241857
v 83.09651662236638 84.24946622292747 -289.42201675011864
v 88.63302518254704 148.96140254688476 -213.14753693658488
v 83.2085256708283 85.39871664193646 -134.84358151636323
v 5.684341886080802e-14 63.40471175875692 -380.19409377552597
v -77.56501387232356 61.4902175924649 -373.6668126561201
v -32.831924663720656 80.20031129097393 -379.7545241775869
v -82.90126870745235 82.25046933406199 221.82220907758023
v -82.63426970118098 79.51497389570298 368.95405785851705
v -88.63302420252376 140.96398372135667 296.31663291495073
v -83.09651564234309 84.24946622292747 -289.42201675011864
v -78.33052228563838 35.43046176881626 -136.72748546198807
v -83.208524690805 85.39871664193646 -134.84358151636323
v -54.73476003283076 230.20079261293188 86.79381077831245
v -110.05802701586299 226.60984758039538 64.67630986608268
v -99.91893719309383 221.79977730905387 69.09671031557517
v 110.05803991681523 226.60984758039538 64.67630986608268
v 99.91893817311711 221.79977730905387 69.09671031557517
v 134.35010362988896 169.64497472966536 146.54300668307914
v -71.67026947611384 133.75697806258123 426.6416176859244
v -69.24326370829158 133.99197445187832 423.50717627190625
v 5.684341886080802e-14 133.04473153320492 442.1468839915395
v -71.67026947611384 133.75697806258123 426.6416176859244
v 5.684341886080802e-14 133.04473153320492 442.1468839915395
v 5.684341886080802e-14 132.1629898425783 448.256646326966
v -178.21952651613765 148.45489419651244 -213.1475368540642
v -174.64827846163325 127.8432327185473 -266.8305283385283
v -86.85752104395442 128.17272719486564 -266.83052839220977
v -178.21952651613765 148.45489419651244 -213.1475368540642
v -86.85752104395442 128.17272719486564 -266.83052839220977
v -88.63302420252376 148.96140254688476 -213.14753693658488
v 45.82251657372899 187.46901188862682 -302.93826891827973
v 37.30591584569402 188.88724976869483 -290.7725319972402
v 70.39966632253117 185.96264185810986 -282.954738628305
v 54.73476101285405 226.24648723705909 -182.26047028903136
v 102.78353144055791 223.4297388294076 -180.96273366221706
v 83.68011762029118 218.16428664037494 -191.46743155772307
v -174.64827846163325 127.8432327185473 -266.8305283385283
v -167.0857722627502 84.2929776136135 -289.42201675720753
v -83.09651564234309 84.24946622292747 -289.42201675011864
v -174.64827846163325 127.8432327185473 -266.8305283385283
v -83.09651564234309 84.24946622292747 -289.42201675011864
v -86.85752104395442 128.17272719486564 -266.83052839220977
v -140.5715401040893 69.40072002007159 397.5085944184479
v -141.68427537554317 38.28746880432249 384.298135963575
v -70.46326349848323 38.526203186489155 420.25988309417534
v -140.5715401040893 69.40072002007159 397.5085944184479
v -70.46326349848323 38.526203186489155 420.25988309417534
v -95.81927608126216 59.82696663040049 423.64890435833763
v -157.50302623385005 35.946708243678614 367.64087926485496
v -166.15703652971797 79.60447026983321 368.95405784393625
v -82.63426970118098 79.51497389570298 368.95405785851705
v -157.50302623385005 35.946708243678614 367.64087926485496
v -82.63426970118098 79.51497389570298 368.95405785851705
v -78.33052228563838 35.430460494350015 367.6408793489624
v -174.78602479570918 123.13798240522193 245.05287429878854
v -166.6935260164123 82.3134654831251 221.82220906731683
v -82.90126870745235 82.25046933406199 221.82220907758023
v -174.78602479570918 123.13798240522193 245.05287429878854
v -82.90126870745235 82.25046933406199 221.82220907758023
v -86.92577432268672 123.47423604825782 245.05287424400586
v -155.96403430574946 59.55521591704671 -352.106810967577
v -150.93721698397212 93.6827306340241 -357.24704956751094
v -77.5652701722961 86.78971987831667 -368.34653002713867
v -155.96403430574946 59.55521591704671 -352.106810967577
v -77.5652701722961 86.78971987831667 -368.34653002713867
v -77.56501387232356 61.4902175924649 -373.6668126561201
v -157.50302623385005 35.94670848850514 222.80333291628122
v -157.50302623385005 35.94670776503719 145.19257794954447
v -78.33052228563838 35.43046001570859 145.1925780336519
v -157.50302623385005 35.94670848850514 222.80333291628122
v -78.33052228563838 35.43046001570859 145.1925780336519
v -78.33052228563838 35.43046073917654 222.80333300038868
v -166.15703652971797 79.60447026983321 368.95405784393625
v -174.51177190416865 121.75221970684954 349.2781285833972
v -86.78901742571406 122.07496693737933 349.27812853081497
v -166.15703652971797 79.60447026983321 368.95405784393625
v -86.78901742571406 122.07496693737933 349.27812853081497
v -82.63426970118098 79.51497389570298 368.95405785851705
v -141.68427537554317 38.28746880432249 384.298135963575
v -157.50302623385005 35.946708243678614 367.64087926485496
v -78.33052228563838 35.430460494350015 367.6408793489624
v -141.68427537554317 38.28746880432249 384.298135963575
v -78.33052228563838 35.430460494350015 367.6408793489624
v -70.46326349848323 38.526203186489155 420.25988309417534
v -174.92378305071406 126.85374806282249 -156.2696341648682
v -178.21952651613765 148.45489419651244 -213.1475368540642
v -88.63302420252376 148.96140254688476 -213.14753693658488
v -174.92378305071406 126.85374806282249 -156.2696341648682
v -88.63302420252376 148.96140254688476 -213.14753693658488
v -86.99402164095454 127.19674895164695 -156.26963422075013
v -157.50302623385005 45.954965658937965 -292.19303044676053
v -155.96403430574946 59.55521591704671 -352.106810967577
v -77.56501387232356 61.4902175924649 -373.6668126561201
v -157.50302623385005 45.954965658937965 -292.19303044676053
v -77.56501387232356 61.4902175924649 -373.6668126561201
v -78.33052228563838 45.43871790960935 -292.1930303626531
v -166.6935260164123 82.3134654831251 221.82220906731683
v -157.50302623385005 35.94670848850514 222.80333291628122
v -78.33052228563838 35.43046073917654 222.80333300038868
v -166.6935260164123 82.3134654831251 221.82220906731683
v -78.33052228563838 35.43046073917654 222.80333300038868
v -82.90126870745235 82.25046933406199 221.82220907758023
v -174.51177190416865 121.75221970684954 349.2781285833972
v -178.21952651613765 140.4574872919133 296.31663299746947
v -88.63302420252376 140.96398372135667 296.31663291495073
v -174.51177190416865 121.75221970684954 349.2781285833972
v -88.63302420252376 140.96398372135667 296.31663291495073
v -86.78901742571406 122.07496693737933 349.27812853081497
v -167.0857722627502 84.2929776136135 -289.42201675720753
v -157.50302623385005 45.954965658937965 -292.19303044676053
v -78.33052228563838 45.43871790960935 -292.1930303626531
v -167.0857722627502 84.2929776136135 -289.42201675720753
v -78.33052228563838 45.43871790960935 -292.1930303626531
v -83.09651564234309 84.24946622292747 -289.42201675011864
v -157.50302623385005 35.94671626575142 51.02930914499169
v -157.50302623385005 35.94671602031217 -96.81746710203477
v -78.33052228563838 35.43046827098357 -96.81746701792733
v -157.50302623385005 35.94671626575142 51.02930914499169
v -78.33052228563838 35.43046827098357 -96.81746701792733
v -78.33052228563838 35.43046851642282 51.02930922909913
v -157.50302623385005 35.94670776503719 145.19257794954447
v -157.50302623385005 35.94671626575142 51.02930914499169
v -78.33052228563838 35.43046851642282 51.02930922909913
v -157.50302623385005 35.94670776503719 145.19257794954447
v -78.33052228563838 35.43046851642282 51.02930922909913
v -78.33052228563838 35.43046001570859 145.1925780336519
v -37.068008886514235 180.91173609959893 -387.9195662966203
v 5.684341886080802e-14 181.0388809993472 -392.51231877399994
v -35.984244452653456 174.23948575865788 -382.4962101070336
v -157.50302623385005 35.94671602031217 -96.81746710203477
v -157.50302623385005 35.94670951814486 -136.7274855460955
v -78.33052228563838 35.43046176881626 -136.72748546198807
v -157.50302623385005 35.94671602031217 -96.81746710203477
v -78.33052228563838 35.43046176881626 -136.72748546198807
v -78.33052228563838 35.43046827098357 -96.81746701792733
v -157.50302623385005 35.94670951814486 -136.7274855460955
v -167.31153081530147 85.43121905473248 -134.84358152165856
v -83.208524690805 85.39871664193646 -134.84358151636323
v -157.50302623385005 35.94670951814486 -136.7274855460955
v -83.208524690805 85.39871664193646 -134.84358151636323
v -78.33052228563838 35.43046176881626 -136.72748546198807
v -178.21952651613765 140.4574872919133 296.31663299746947
v -174.78602479570918 123.13798240522193 245.05287429878854
v -86.92577432268672 123.47423604825782 245.05287424400586
v -178.21952651613765 140.4574872919133 296.31663299746947
v -86.92577432268672 123.47423604825782 245.05287424400586
v -88.63302420252376 140.96398372135667 296.31663291495073
v -167.31153081530147 85.43121905473248 -134.84358152165856
v -174.92378305071406 126.85374806282249 -156.2696341648682
v -86.99402164095454 127.19674895164695 -156.26963422075013
v -167.31153081530147 85.43121905473248 -134.84358152165856
v -86.99402164095454 127.19674895164695 -156.26963422075013
v -83.208524690805 85.39871664193646 -134.84358151636323
v -110.05802701586299 226.60984758039538 64.67630986608268
v -147.98303197496944 169.16274987174955 149.98133645829887
v -134.35009072893672 169.64497472966536 146.54300668307914
v 5.684341886080802e-14 182.82449210179982 186.687090419958
v 71.97902251607366 178.5592419260569 178.09235167775208
v 65.34795810109563 178.17581320481855 172.0642955955061
v 5.684341886080802e-14 81.24021991432917 451.3098429473129
v 5.684341886080802e-14 97.42747367670927 452.34090529725717
v -69.3440193998199 103.78972155105552 436.5483913670385
v 5.684341886080802e-14 81.24021991432917 451.3098429473129
v -69.3440193998199 103.78972155105552 436.5483913670385
v -88.01426838511043 80.32371767882663 430.8333587979238
v 5.684341886080802e-14 97.42747367670927 452.34090529725717
v 5.684341886080802e-14 103.30047659324578 448.13338862387076
v -67.149513469873 109.31722904529096 431.85540683917384
v 5.684341886080802e-14 97.42747367670927 452.34090529725717
v -67.149513469873 109.31722904529096 431.85540683917384
v -69.3440193998199 103.78972155105552 436.5483913670385
v -82.47173975580745 76.8318977254834 424.3979173959882
v -86.68493579500728 64.46524426930456 418.4596278610891
v 5.684341886080802e-14 64.23058424163479 439.68965795913476
v -82.47173975580745 76.8318977254834 424.3979173959882
v 5.684341886080802e-14 64.23058424163479 439.68965795913476
v 5.684341886080802e-14 76.90311026915737 442.04184591221843
v -56.085013853250075 186.2922418412369 181.7160863225801
v -57.791769014535475 183.48050141709066 226.92358723843503
v 5.684341886080802e-14 188.13948671322723 227.89459382649696
v -56.085013853250075 186.2922418412369 181.7160863225801
v 5.684341886080802e-14 188.13948671322723 227.89459382649696
v 5.684341886080802e-14 190.55874324042577 187.40085478107386
v -71.97902153605037 178.5592419260569 178.09235167775208
v -56.085013853250075 186.2922418412369 181.7160863225801
v 5.684341886080802e-14 190.55874324042577 187.40085478107386
v -71.97902153605037 178.5592419260569 178.09235167775208
v 5.684341886080802e-14 190.55874324042577 187.40085478107386
v 5.684341886080802e-14 182.82449210179982 186.687090419958
v -54.882013307748366 178.18799005777694 297.80435878398407
v -51.377510534463454 156.43900325994244 398.67363646674943
v 5.684341886080802e-14 154.93274807055775 400.9918759241857
v -54.882013307748366 178.18799005777694 297.80435878398407
v 5.684341886080802e-14 154.93274807055775 400.9918759241857
v 5.684341886080802e-14 181.06249570228428 298.5693958522888
v -57.791769014535475 183.48050141709066 226.92358723843503
v -54.882013307748366 178.18799005777694 297.80435878398407
v 5.684341886080802e-14 181.06249570228428 298.5693958522888
v -57.791769014535475 183.48050141709066 226.92358723843503
v 5.684341886080802e-14 181.06249570228428 298.5693958522888
v 5.684341886080802e-14 188.13948671322723 227.89459382649696
v 78.33052326566167 35.43046827098357 -96.81746701792733
v -78.33052228563838 35.43046827098357 -96.81746701792733
v -78.33052228563838 35.43046176881626 -136.72748546198807
v 110.05803991681523 233.15025275622173 24.565300514038764
v 110.05803991681523 226.60984758039538 64.67630986608268
v 110.98707367307134 217.4796241579557 53.522792199989766
v -151.17526601427608 168.20899684913422 51.02930547812457
v -147.98303197496944 169.16274987174955 149.98133645829887
v -142.49240707033687 176.42879925946878 124.38804256134355
v -110.05802701586299 235.22050347648445 -69.2724766033776
v -151.17526601427608 166.71048919069844 -90.43170902535904
v -145.14428924196773 174.67644082886147 -75.3297530020101
v -151.17526601427608 168.20899684913422 51.02930547812457
v -145.14428924196773 175.74725145750818 42.18584655116488
v -145.14428924196773 174.67644082886147 -75.3297530020101
v 54.73476101285405 230.20079261293188 86.79381077831245
v 49.692324293913316 225.05989238926722 89.17664438145066
v 99.91893817311711 221.79977730905387 69.09671031557517
v 5.684341886080802e-14 182.82449210179982 186.687090419958
v 1.6931173263401433e-7 182.04814049250672 179.86724630053098
v -65.34795712107234 178.17581320481855 172.0642955955061
v -146.38653348558955 174.55898933415304 -133.53522640587974
v -151.17526601427608 166.71048919069844 -90.43170902535904
v -134.042983757196 183.97794931444054 -105.69960849080724
v 110.05803991681523 232.1202524632642 -135.4559716198289
v 115.13175417310185 214.06217445626868 -126.40782862881373
v 125.23226190930791 191.64828959980196 -158.469544871538
v 110.05803991681523 235.29800227467615 -100.70746559152907
v 110.05803991681523 235.22050347648445 -69.2724766033776
v 115.13175417310185 215.48808941162085 -95.96774273479683
v -151.17526601427608 166.71048919069844 -90.43170902535904
v -110.05802701586299 235.22050347648445 -69.2724766033776
v -115.13174127214961 215.48808941162085 -95.96774273479683
v 5.684341886080802e-14 189.59036750995392 -306.0583101574472
v -45.822509633241225 187.46901188862682 -302.93826891827973
v -37.30590890520625 188.88724976869483 -290.7725319972402
v -45.822509633241225 187.46901188862682 -302.93826891827973
v -86.47127102488093 183.87675178105255 -293.3357693248475
v -70.39966534250789 185.96264185810986 -282.954738628305
v 59.113735450567674 127.17373815523736 417.34706118705907
v 1.0899375979533943e-7 126.67188379487452 433.25997554494484
v 1.0899375979533943e-7 110.91326367992065 438.370718773971
v 59.113735450567674 127.17373815523736 417.34706118705907
v 1.0899375979533943e-7 110.91326367992065 438.370718773971
v 57.326275600256395 114.10096252193944 424.4740622182519
v -59.11373447054439 127.17373815523736 417.34706118705907
v -57.32627462023311 114.10096252193944 424.4740622182519
v 1.0899375979533943e-7 110.91326367992065 438.370718773971
v -59.11373447054439 127.17373815523736 417.34706118705907
v 1.0899375979533943e-7 110.91326367992065 438.370718773971
v 1.0899375979533943e-7 126.67188379487452 433.25997554494484
v 39.77862645513005 141.46373728790803 -384.47379151340226
v 5.684341886080802e-14 141.46373504629193 -386.79989853854846
v 35.98425139314122 149.12784662776122 -384.80586215901684
v 145.14430214291997 175.74725145750915 42.185852511629356
v 151.17527891522832 168.20899684913422 51.02930547812457
v 145.14430214291997 174.67644082886147 -75.3297530020101
v 110.05803991681523 235.22050347648445 -69.2724766033776
v 110.05803991681523 233.15025275622173 24.565300514038764
v 110.98707367307134 223.63267099516378 -57.75217838025958
v -115.13174127214961 214.06217445626868 -126.40782862881373
v -110.05802701586299 232.1202524632642 -135.4559716198289
v -125.23224900835567 191.64828959980196 -158.469544871538
v -110.05802701586299 235.29800227467615 -100.70746559152907
v -110.05802701586299 232.1202524632642 -135.4559716198289
v -115.13174127214961 215.52373063368245 -110.4257851237977
v 115.13175417310185 214.06217445626868 -126.40782862881373
v 110.05803991681523 232.1202524632642 -135.4559716198289
v 115.13175417310185 215.52373063368245 -110.4257851237977
v -110.05802701586299 235.22050347648445 -69.2724766033776
v -110.05802701586299 235.29800227467615 -100.70746559152907
v -115.13174127214961 215.48808941162085 -95.96774273479683
v 110.98707367307134 217.4796241579557 53.522792199989766
v 110.05803991681523 226.60984758039538 64.67630986608268
v 142.4924199712891 176.42879925946878 124.38804256134355
v -110.9870607721191 222.15329045163475 20.20146595761448
v -110.05802701586299 233.15025275622173 24.565300514038764
v -110.9870607721191 223.63267099516378 -57.75217838025958
v 102.78353144055791 223.4297388294076 -180.96273366221706
v 86.47127200490422 183.87675178105255 -293.3357693248475
v 83.68011762029118 218.16428664037494 -191.46743155772307
v -70.39966534250789 185.96264185810986 -282.954738628305
v -86.47127102488093 183.87675178105255 -293.3357693248475
v -83.68010471933894 218.16428664037494 -191.46743155772307
v -77.56501387232356 61.4902175924649 -373.6668126561201
v -77.5652701722961 86.78971987831667 -368.34653002713867
v -32.831924663720656 80.20031129097393 -379.7545241775869
v 5.684341886080802e-14 141.46373504629193 -386.79989853854846
v 5.684341886080802e-14 181.0388809993472 -392.51231877399994
v 35.98425139314122 149.12784662776122 -384.80586215901684
v 77.56501485234685 61.4902175924649 -373.6668126561201
v 5.684341886080802e-14 63.40471175875692 -380.19409377552597
v 32.83193160420842 80.20031129097393 -379.7545241775869
v 9.690815829799249e-7 114.0517172691763 -379.75452969268093
v 5.684341886080802e-14 141.46373504629193 -386.79989853854846
v 32.83203889256902 114.0517172691763 -379.75452969268093
v 1.6931173263401433e-7 228.28558371036877 96.50955296312719
v 5.684341886080802e-14 233.75380892251002 94.870811771108
v -49.69231735342555 225.05989238926722 89.17664438145066
v -147.98303197496944 169.16274987174955 149.98133645829887
v -71.97902153605037 178.5592419260569 178.09235167775208
v -134.35009072893672 169.64497472966536 146.54300668307914
v 5.539079097616195e-7 222.72633043687006 -193.59841756098413
v 5.684341886080802e-14 229.0332425838705 -183.58023678766813
v 44.56172336465306 220.457515571333 -192.5239600227682
v -102.78351853960567 223.4297388294076 -180.96273366221706
v -54.73476003283076 226.24648723705909 -182.26047028903136
v -83.68010471933894 218.16428664037494 -191.46743155772307
v 5.684341886080802e-14 181.0388809993472 -392.51231877399994
v 37.068015827002 180.91173609959893 -387.9195662966203
v 35.98425139314122 174.23948575865788 -382.4962101070336
v 65.34795810109563 178.17581320481855 172.0642955955061
v 71.97902251607366 178.5592419260569 178.09235167775208
v 134.35010362988896 169.64497472966536 146.54300668307914
v 54.73476101285405 230.20079261293188 86.79381077831245
v 5.684341886080802e-14 233.75380892251002 94.870811771108
v 49.692324293913316 225.05989238926722 89.17664438145066
v -110.05802701586299 226.60984758039538 64.67630986608268
v -110.05802701586299 233.15025275622173 24.565300514038764
v -110.9870607721191 217.4796241579557 53.522792199989766
v 151.17527891522832 166.71048919069844 -90.43170902535904
v 110.05803991681523 235.22050347648445 -69.2724766033776
v 145.14430214291997 174.67644082886147 -75.3297530020101
v 131.84049774533696 187.58774344308304 -125.52441195443642
v 146.3865463865418 174.55898933415304 -133.53522640587974
v 125.23226190930791 191.64828959980196 -158.469544871538
v 110.05803991681523 235.22050347648445 -69.2724766033776
v 151.17527891522832 166.71048919069844 -90.43170902535904
v 115.13175417310185 215.48808941162085 -95.96774273479683
v 151.17527891522832 166.71048919069844 -90.43170902535904
v 146.3865463865418 174.55898933415304 -133.53522640587974
v 134.04299665814824 183.97794931444054 -105.69960849080724
v -132.01877425783687 183.3874865180549 -205.16524083326962
v -146.38653348558955 174.55898933415304 -133.53522640587974
v -125.23224900835567 191.64828959980196 -158.469544871538
v -147.98303197496944 169.16274987174955 149.98133645829887
v -110.05802701586299 226.60984758039538 64.67630986608268
v -142.49240707033687 176.42879925946878 124.38804256134355
v 147.98304487592168 169.16274987174955 149.98133645829887
v 151.17527891522832 168.20899684913422 51.02930547812457
v 142.4924199712891 176.42879925946878 124.38804256134355
v -54.73476003283076 226.24648723705909 -182.26047028903136
v 5.684341886080802e-14 229.0332425838705 -183.58023678766813
v -44.561722384629775 220.457515571333 -192.5239600227682
v 45.82251657372899 187.46901188862682 -302.93826891827973
v 5.684341886080802e-14 189.59036750995392 -306.0583101574472
v 37.30591584569402 188.88724976869483 -290.7725319972402
v 32.83203889256902 90.9091529724542 -379.7545259222787
v 77.56527115231938 86.78971987831667 -368.34653002713867
v 32.83193160420842 80.20031129097393 -379.7545241775869
v -39.77861951464229 141.46373728790803 -384.47379151340226
v 5.684341886080802e-14 141.46373504629193 -386.79989853854846
v -32.832025991616774 114.0517172691763 -379.75452969268093
v 82.90126968747563 82.25046933406199 221.82220907758023
v 86.92577530271001 123.47423604825782 245.05287424400586
v 88.63302518254704 140.96398372135667 296.31663291495073
v 88.63302518254704 140.96398372135667 296.31663291495073
v 86.78901840573735 122.07496693737933 349.27812853081497
v 82.63427068120427 79.51497389570298 368.95405785851705
v 82.63427068120427 79.51497389570298 368.95405785851705
v 78.33052326566167 35.430460494350015 367.6408793489624
v 78.33052326566167 35.43046073917654 222.80333300038868
v 78.33052326566167 35.43046073917654 222.80333300038868
v 82.90126968747563 82.25046933406199 221.82220907758023
v 82.63427068120427 79.51497389570298 368.95405785851705
v -35.984244452653456 174.23948575865788 -382.4962101070336
v 5.684341886080802e-14 181.0388809993472 -392.51231877399994
v -35.984244452653456 149.12783470683226 -384.8058621590149
v 5.684341886080802e-14 141.46373504629193 -386.79989853854846
v -39.77861951464229 141.46373728790803 -384.47379151340226
v -35.984244452653456 149.12783470683226 -384.8058621590149
v 78.33052326566167 35.43046176881626 -136.72748546198807
v 78.33052326566167 45.43871790960935 -292.1930303626531
v 83.09651662236638 84.24946622292747 -289.42201675011864
v 83.09651662236638 84.24946622292747 -289.42201675011864
v 86.85752202397771 128.17272719486564 -266.83052839220977
v 88.63302518254704 148.96140254688476 -213.14753693658488
v 88.63302518254704 148.96140254688476 -213.14753693658488
v 86.99402262097783 127.19674895164695 -156.26963422075013
v 83.2085256708283 85.39871664193646 -134.84358151636323
v 83.2085256708283 85.39871664193646 -134.84358151636323
v 78.33052326566167 35.43046176881626 -136.72748546198807
v 83.09651662236638 84.24946622292747 -289.42201675011864
v 9.690815829799249e-7 81.01069008087566 -379.7545243096144
v 5.684341886080802e-14 63.40471175875692 -380.19409377552597
v -32.831924663720656 80.20031129097393 -379.7545241775869
v -88.63302420252376 140.96398372135667 296.31663291495073
v -86.92577432268672 123.47423604825782 245.05287424400586
v -82.90126870745235 82.25046933406199 221.82220907758023
v -82.90126870745235 82.25046933406199 221.82220907758023
v -78.33052228563838 35.43046073917654 222.80333300038868
v -82.63426970118098 79.51497389570298 368.95405785851705
v -78.33052228563838 35.430460494350015 367.6408793489624
v -82.63426970118098 79.51497389570298 368.95405785851705
v -78.33052228563838 35.43046073917654 222.80333300038868
v -86.78901742571406 122.07496693737933 349.27812853081497
v -88.63302420252376 140.96398372135667 296.31663291495073
v -82.63426970118098 79.51497389570298 368.95405785851705
v -86.99402164095454 127.19674895164695 -156.26963422075013
v -88.63302420252376 148.96140254688476 -213.14753693658488
v -83.208524690805 85.39871664193646 -134.84358151636323
v -86.85752104395442 128.17272719486564 -266.83052839220977
v -83.09651564234309 84.24946622292747 -289.42201675011864
v -88.63302420252376 148.96140254688476 -213.14753693658488
v -78.33052228563838 45.43871790960935 -292.1930303626531
v -78.33052228563838 35.43046176881626 -136.72748546198807
v -83.09651564234309 84.24946622292747 -289.42201675011864
v -83.208524690805 85.39871664193646 -134.84358151636323
v -88.63302420252376 148.96140254688476 -213.14753693658488
v -83.09651564234309 84.24946622292747 -289.42201675011864
v -49.69231735342555 225.05989238926722 89.17664438145066
v -54.73476003283076 230.20079261293188 86.79381077831245
v -99.91893719309383 221.79977730905387 69.09671031557517
v 147.98304487592168 169.16274987174955 149.98133645829887
v 110.05803991681523 226.60984758039538 64.67630986608268
v 134.35010362988896 169.64497472966536 146.54300668307914
v 86.47127200490422 183.87675178105255 -293.3357693248475
v 45.82251657372899 187.46901188862682 -302.93826891827973
v 70.39966632253117 185.96264185810986 -282.954738628305
v 44.56172336465306 220.457515571333 -192.5239600227682
v 54.73476101285405 226.24648723705909 -182.26047028903136
v 83.68011762029118 218.16428664037494 -191.46743155772307
v -99.91893719309383 221.79977730905387 69.09671031557517
v -110.05802701586299 226.60984758039538 64.67630986608268
v -134.35009072893672 169.64497472966536 146.54300668307914
v 1.6931173263401433e-7 182.04814049250672 179.86724630053098
v 5.684341886080802e-14 182.82449210179982 186.687090419958
v 65.34795810109563 178.17581320481855 172.0642955955061
v 5.684341886080802e-14 34.91972021419865 367.64087943217254
v -78.33052228563838 35.430460494350015 367.6408793489624
v -78.33052228563838 35.43046073917654 222.80333300038868
v -78.33052228563838 35.43046073917654 222.80333300038868
v -78.33052228563838 35.43046001570859 145.1925780336519
v 78.33052326566167 35.43046073917654 222.80333300038868
v -78.33052228563838 35.43046851642282 51.02930922909913
v -78.33052228563838 35.43046827098357 -96.81746701792733
v 78.33052326566167 35.43046851642282 51.02930922909913
v -78.33052228563838 35.43046176881626 -136.72748546198807
v -78.33052228563838 45.43871790960935 -292.1930303626531
v 5.684341886080802e-14 44.92771536902099 -292.1930302794002
v 5.684341886080802e-14 44.92771536902099 -292.1930302794002
v 78.33052326566167 45.43871790960935 -292.1930303626531
v 78.33052326566167 35.43046176881626 -136.72748546198807
v 78.33052326566167 35.43046176881626 -136.72748546198807
v 78.33052326566167 35.43046851642282 51.02930922909913
v 78.33052326566167 35.43046001570859 145.1925780336519
v -78.33052228563838 35.43046851642282 51.02930922909913
v 78.33052326566167 35.43046073917654 222.80333300038868
v 78.33052326566167 35.430460494350015 367.6408793489624
v 5.684341886080802e-14 34.91972021419865 367.64087943217254
v 5.684341886080802e-14 34.91972021419865 367.64087943217254
v -78.33052228563838 35.43046073917654 222.80333300038868
v 78.33052326566167 35.43046073917654 222.80333300038868
v 78.33052326566167 35.43046827098357 -96.81746701792733
v 5.684341886080802e-14 44.92771536902099 -292.1930302794002
v 78.33052326566167 35.43046176881626 -136.72748546198807
v -78.33052228563838 35.43046176881626 -136.72748546198807
v 78.33052326566167 35.43046001570859 145.1925780336519
v -78.33052228563838 35.43046001570859 145.1925780336519
v -78.33052228563838 35.43046851642282 51.02930922909913
v -78.33052228563838 35.43046001570859 145.1925780336519
v 78.33052326566167 35.43046001570859 145.1925780336519
v 78.33052326566167 35.43046073917654 222.80333300038868
v 110.98707367307134 222.15329045163475 20.20146595761448
v 110.05803991681523 233.15025275622173 24.565300514038764
v 110.98707367307134 217.4796241579557 53.522792199989766
v -145.14428924196773 175.74725145750818 42.18584655116488
v -151.17526601427608 168.20899684913422 51.02930547812457
v -142.49240707033687 176.42879925946878 124.38804256134355
v -110.9870607721191 223.63267099516378 -57.75217838025958
v -110.05802701586299 235.22050347648445 -69.2724766033776
v -145.14428924196773 174.67644082886147 -75.3297530020101
v -151.17526601427608 166.71048919069844 -90.43170902535904
v -151.17526601427608 168.20899684913422 51.02930547812457
v -145.14428924196773 174.67644082886147 -75.3297530020101
v 110.05803991681523 226.60984758039538 64.67630986608268
v 54.73476101285405 230.20079261293188 86.79381077831245
v 99.91893817311711 221.79977730905387 69.09671031557517
v -71.97902153605037 178.5592419260569 178.09235167775208
v 5.684341886080802e-14 182.82449210179982 186.687090419958
v -65.34795712107234 178.17581320481855 172.0642955955061
v -131.84048484438472 187.58774344308304 -125.52441195443642
v -146.38653348558955 174.55898933415304 -133.53522640587974
v -134.042983757196 183.97794931444054 -105.69960849080724
v 132.0187871587891 183.3874865180549 -205.16524083326962
v 110.05803991681523 232.1202524632642 -135.4559716198289
v 125.23226190930791 191.64828959980196 -158.469544871538
v 115.13175417310185 215.52373063368245 -110.4257851237977
v 110.05803991681523 235.29800227467615 -100.70746559152907
v 115.13175417310185 215.48808941162085 -95.96774273479683
v -134.042983757196 183.97794931444054 -105.69960849080724
v -151.17526601427608 166.71048919069844 -90.43170902535904
v -115.13174127214961 215.48808941162085 -95.96774273479683
v 5.539079097616195e-7 191.7788614077756 -293.3126440100917
v 5.684341886080802e-14 189.59036750995392 -306.0583101574472
v -37.30590890520625 188.88724976869483 -290.7725319972402
v -37.30590890520625 188.88724976869483 -290.7725319972402
v -45.822509633241225 187.46901188862682 -302.93826891827973
v -70.39966534250789 185.96264185810986 -282.954738628305
vt 0.9091169834136963 0.313198983669281
vt 0.9121559858322144 0.35524797439575195
vt 0.9778689742088318 0.3403310179710388
vt 0.9091169834136963 0.313198983669281
vt 0.9778689742088318 0.3403310179710388
vt 0.9835079908370972 0.3029000163078308
vt 0.6978660225868225 0.3089110255241394
vt 0.6978660225868225 0.366225004196167
vt 0.7416399717330933 0.366225004196167
vt 0.6978660225868225 0.3089110255241394
vt 0.7416399717330933 0.366225004196167
vt 0.7424150109291077 0.31195002794265747
vt 0.15568499267101288 0.3295329809188843
vt 0.17017300426959991 0.36365801095962524
vt 0.18844300508499146 0.366225004196167
vt 0.15568499267101288 0.3295329809188843
vt 0.18844300508499146 0.366225004196167
vt 0.18984399735927582 0.3183410167694092
vt 0.3445889949798584 0.31537002325057983
vt 0.34303998947143555 0.366225004196167
vt 0.43242698907852173 0.366225004196167
vt 0.3445889949798584 0.31537002325057983
vt 0.43242698907852173 0.366225004196167
vt 0.43242698907852173 0.3089110255241394
vt 0.5357059836387634 0.3089110255241394
vt 0.5357059836387634 0.366225004196167
vt 0.6978660225868225 0.366225004196167
vt 0.5357059836387634 0.3089110255241394
vt 0.6978660225868225 0.366225004196167
vt 0.6978660225868225 0.3089110255241394
vt 0.5357059836387634 0.2211589813232422
vt 0.6908619999885559 0.22280198335647583
vt 0.6908619999885559 0.22280198335647583
vt 0.14169099926948547 0.5573070049285889
vt 0.14169099926948547 0.5573070049285889
vt 0.14169099926948547 0.45039302110671997
vt 0.74024498462677 0.15105998516082764
vt 0.8167030215263367 0.20451098680496216
vt 0.8167030215263367 0.20451098680496216
vt 0.14169099926948547 0.37498700618743896
vt 0.14169099926948547 0.37498700618743896
vt 0.14169099926948547 0.41457802057266235
vt 0.14169099926948547 0.37498700618743896
vt 0.14169099926948547 0.41457802057266235
vt 0.14169099926948547 0.41457802057266235
vt 0.14169099926948547 0.41457802057266235
vt 0.14169099926948547 0.41457802057266235
vt 0.14169099926948547 0.45039302110671997
vt 0.43242698907852173 0.3089110255241394
vt 0.43242698907852173 0.366225004196167
vt 0.5357059836387634 0.366225004196167
vt 0.43242698907852173 0.3089110255241394
vt 0.5357059836387634 0.366225004196167
vt 0.5357059836387634 0.3089110255241394
vt 0.14169099926948547 0.6030069887638092
vt 0.18490000069141388 0.7001990079879761
vt 0.18490000069141388 0.7001990079879761
vt 0.14169099926948547 0.5573070049285889
vt 0.14169099926948547 0.45039302110671997
vt 0.14169099926948547 0.45039302110671997
vt 0.4652419984340668 0.7265940010547638
vt 0.3194560110569 0.7293750047683716
vt 0.3194560110569 0.7450209856033325
vt 0.4652419984340668 0.7265940010547638
vt 0.3194560110569 0.7450209856033325
vt 0.460563987493515 0.7418799996376038
vt 0.07865899801254272 0.41457802057266235
vt 0.016297999769449234 0.41457802057266235
vt 0.016297999769449234 0.4512709975242615
vt 0.07865899801254272 0.41457802057266235
vt 0.016297999769449234 0.4512709975242615
vt 0.07865899801254272 0.4508339762687683
vt 0.10467100143432617 0.09347498416900635
vt 0.016297999769449234 0.08211201429367065
vt 0.016297999769449234 0.18061399459838867
vt 0.10467100143432617 0.09347498416900635
vt 0.016297999769449234 0.18061399459838867
vt 0.06850499659776688 0.1841679811477661
vt 0.9134089946746826 0.20397400856018066
vt 0.9134089946746826 0.20397400856018066
vt 0.7901570200920105 0.1605929732322693
vt 0.9134089946746826 0.20397400856018066
vt 0.7901570200920105 0.1605929732322693
vt 0.7901570200920105 0.1605929732322693
vt 0.508109986782074 0.8874389976263046
vt 0.3194560110569 0.8951859995722771
vt 0.3194560110569 0.9289119988679886
vt 0.508109986782074 0.8874389976263046
vt 0.3194560110569 0.9289119988679886
vt 0.458187997341156 0.9293769970536232
vt 0.5036410093307495 0.592415988445282
vt 0.5036410093307495 0.592415988445282
vt 0.5036410093307495 0.6422269940376282
vt 0.07865899801254272 0.3754280209541321
vt 0.016297999769449234 0.37586402893066406
vt 0.016297999769449234 0.41457802057266235
vt 0.07865899801254272 0.3754280209541321
vt 0.016297999769449234 0.41457802057266235
vt 0.07865899801254272 0.41457802057266235
vt 0.238769993185997 0.08116298913955688
vt 0.22185300290584564 0.12883299589157104
vt 0.2736859917640686 0.12991797924041748
vt 0.238769993185997 0.08116298913955688
vt 0.2736859917640686 0.12991797924041748
vt 0.27479100227355957 0.07655197381973267
vt 0.9224810004234314 0.07654201984405518
vt 0.9235910177230835 0.12991201877593994
vt 0.9848530292510986 0.12856298685073853
vt 0.9224810004234314 0.07654201984405518
vt 0.9848530292510986 0.12856298685073853
vt 0.9790679812431335 0.07581901550292969
vt 0.07865899801254272 0.4508339762687683
vt 0.016297999769449234 0.4512709975242615
vt 0.016297999769449234 0.5573070049285889
vt 0.07865899801254272 0.4508339762687683
vt 0.016297999769449234 0.5573070049285889
vt 0.07865899801254272 0.5573070049285889
vt 0.07865899801254272 0.5573070049285889
vt 0.016297999769449234 0.5573070049285889
vt 0.016297999769449234 0.6374090015888214
vt 0.07865899801254272 0.5573070049285889
vt 0.016297999769449234 0.6374090015888214
vt 0.07865899801254272 0.6282060146331787
vt 0.07865899801254272 0.32166099548339844
vt 0.016297999769449234 0.3201580047607422
vt 0.016297999769449234 0.37586402893066406
vt 0.07865899801254272 0.32166099548339844
vt 0.016297999769449234 0.37586402893066406
vt 0.07865899801254272 0.3754280209541321
vt 0.6563559770584106 0.40236902236938477
vt 0.6563559770584106 0.40236902236938477
vt 0.6563559770584106 0.4847699999809265
vt 0.4206109941005707 0.6972239911556244
vt 0.3194560110569 0.700190007686615
vt 0.3194560110569 0.7293750047683716
vt 0.4206109941005707 0.6972239911556244
vt 0.3194560110569 0.7293750047683716
vt 0.4652419984340668 0.7265940010547638
vt 0.9848530292510986 0.12856298685073853
vt 0.9848530292510986 0.12856298685073853
vt 0.9790679812431335 0.07581901550292969
vt 0.6563559770584106 0.4847699999809265
vt 0.5036410093307495 0.4847699999809265
vt 0.5036410093307495 0.4847699999809265
vt 0.016297999769449234 0.6374090015888214
vt 0.07865899801254272 0.6282060146331787
vt 0.07865899801254272 0.6282060146331787
vt 0.09830600023269653 0.7322269976139069
vt 0.09830600023269653 0.7322269976139069
vt 0.18490000069141388 0.7001990079879761
vt 0.460563987493515 0.7418799996376038
vt 0.3194560110569 0.7450209856033325
vt 0.32023099064826965 0.7502609938383102
vt 0.460563987493515 0.7418799996376038
vt 0.32023099064826965 0.7502609938383102
vt 0.45578598976135254 0.7483949959278107
vt 0.8261669874191284 0.0097770094871521
vt 0.8268150091171265 0.07082200050354004
vt 0.865451991558075 0.07155299186706543
vt 0.8261669874191284 0.0097770094871521
vt 0.865451991558075 0.07155299186706543
vt 0.8647810220718384 0.01173102855682373
vt 0.016297999769449234 0.3201580047607422
vt 0.07865899801254272 0.32166099548339844
vt 0.07865899801254272 0.32166099548339844
vt 0.07865899801254272 0.32166099548339844
vt 0.07865899801254272 0.32166099548339844
vt 0.1334030032157898 0.323140025138855
vt 0.8647810220718384 0.01173102855682373
vt 0.865451991558075 0.07155299186706543
vt 0.895920991897583 0.07367599010467529
vt 0.895920991897583 0.07367599010467529
vt 0.8950669765472412 0.016447007656097412
vt 0.8647810220718384 0.01173102855682373
vt 0.5962200164794922 0.8685899972915649
vt 0.508109986782074 0.8874389976263046
vt 0.458187997341156 0.9293769970536232
vt 0.5962200164794922 0.8685899972915649
vt 0.458187997341156 0.9293769970536232
vt 0.5984119772911072 0.929847002029419
vt 0.2759299874305725 0.02261197566986084
vt 0.27479100227355957 0.07655197381973267
vt 0.30488499999046326 0.07405298948287964
vt 0.2759299874305725 0.02261197566986084
vt 0.30488499999046326 0.07405298948287964
vt 0.30577099323272705 0.017148971557617188
vt 0.41198301315307617 0.012512028217315674
vt 0.4113920032978058 0.07237398624420166
vt 0.44252800941467285 0.07531601190567017
vt 0.41198301315307617 0.012512028217315674
vt 0.44252800941467285 0.07531601190567017
vt 0.44285500049591064 0.01822298765182495
vt 0.3492850065231323 0.6460370123386383
vt 0.5036410093307495 0.6422269940376282
vt 0.5036410093307495 0.592415988445282
vt 0.3492850065231323 0.6460370123386383
vt 0.5036410093307495 0.592415988445282
vt 0.37871599197387695 0.5788449943065643
vt 0.47442200779914856 0.024689972400665283
vt 0.47442299127578735 0.07863801717758179
vt 0.5299540162086487 0.0786370038986206
vt 0.47442200779914856 0.024689972400665283
vt 0.5299540162086487 0.0786370038986206
vt 0.5299530029296875 0.024688005447387695
vt 0.30577099323272705 0.017148971557617188
vt 0.30488499999046326 0.07405298948287964
vt 0.3361720144748688 0.07167601585388184
vt 0.30577099323272705 0.017148971557617188
vt 0.3361720144748688 0.07167601585388184
vt 0.3368380069732666 0.011907994747161865
vt 0.2642349898815155 0.03313499689102173
vt 0.238769993185997 0.08116298913955688
vt 0.27479100227355957 0.07655197381973267
vt 0.2642349898815155 0.03313499689102173
vt 0.27479100227355957 0.07655197381973267
vt 0.2759299874305725 0.02261197566986084
vt 0.7841110229492188 0.012404978275299072
vt 0.7847179770469666 0.07232099771499634
vt 0.8268150091171265 0.07082200050354004
vt 0.7841110229492188 0.012404978275299072
vt 0.8268150091171265 0.07082200050354004
vt 0.8261669874191284 0.0097770094871521
vt 0.9213510155677795 0.022598981857299805
vt 0.9224810004234314 0.07654201984405518
vt 0.9790679812431335 0.07581901550292969
vt 0.9213510155677795 0.022598981857299805
vt 0.9790679812431335 0.07581901550292969
vt 0.9632290005683899 0.022709012031555176
vt 0.44285500049591064 0.01822298765182495
vt 0.44252800941467285 0.07531601190567017
vt 0.47442299127578735 0.07863801717758179
vt 0.44285500049591064 0.01822298765182495
vt 0.47442299127578735 0.07863801717758179
vt 0.47442200779914856 0.024689972400665283
vt 0.3368380069732666 0.011907994747161865
vt 0.3361720144748688 0.07167601585388184
vt 0.37449800968170166 0.07089298963546753
vt 0.3368380069732666 0.011907994747161865
vt 0.37449800968170166 0.07089298963546753
vt 0.37513598799705505 0.009854018688201904
vt 0.8950669765472412 0.016447007656097412
vt 0.895920991897583 0.07367599010467529
vt 0.9224810004234314 0.07654201984405518
vt 0.8950669765472412 0.016447007656097412
vt 0.9224810004234314 0.07654201984405518
vt 0.9213510155677795 0.022598981857299805
vt 0.5941159725189209 0.024685978889465332
vt 0.5941169857978821 0.07863599061965942
vt 0.6948609948158264 0.07863402366638184
vt 0.5941159725189209 0.024685978889465332
vt 0.6948609948158264 0.07863402366638184
vt 0.6948599815368652 0.024682998657226562
vt 0.5299530029296875 0.024688005447387695
vt 0.5299540162086487 0.0786370038986206
vt 0.5941169857978821 0.07863599061965942
vt 0.5299530029296875 0.024688005447387695
vt 0.5941169857978821 0.07863599061965942
vt 0.5941159725189209 0.024685978889465332
vt 0.6948599815368652 0.024682998657226562
vt 0.6948609948158264 0.07863402366638184
vt 0.7220569849014282 0.07863301038742065
vt 0.722055971622467 0.02468198537826538
vt 0.722055971622467 0.02468198537826538
vt 0.7220569849014282 0.07863301038742065
vt 0.7560880184173584 0.07508701086044312
vt 0.722055971622467 0.02468198537826538
vt 0.7560880184173584 0.07508701086044312
vt 0.7557340264320374 0.017777979373931885
vt 0.37513598799705505 0.009854018688201904
vt 0.37449800968170166 0.07089298963546753
vt 0.4113920032978058 0.07237398624420166
vt 0.37513598799705505 0.009854018688201904
vt 0.4113920032978058 0.07237398624420166
vt 0.41198301315307617 0.012512028217315674
vt 0.7557340264320374 0.017777979373931885
vt 0.7560880184173584 0.07508701086044312
vt 0.7847179770469666 0.07232099771499634
vt 0.7557340264320374 0.017777979373931885
vt 0.7847179770469666 0.07232099771499634
vt 0.7841110229492188 0.012404978275299072
vt 0.09830600023269653 0.7322269976139069
vt 0.18490000069141388 0.7001990079879761
vt 0.18490000069141388 0.7001990079879761
vt 0.016297999769449234 0.6374090015888214
vt 0.016297999769449234 0.6374090015888214
vt 0.07865899801254272 0.6282060146331787
vt 0.3194560110569 0.8452800065279007
vt 0.49274298548698425 0.8470840007066727
vt 0.4559839963912964 0.8008829951286316
vt 0.3194560110569 0.8452800065279007
vt 0.4559839963912964 0.8008829951286316
vt 0.3194560110569 0.8134090006351471
vt 0.3194560110569 0.8134090006351471
vt 0.4559839963912964 0.8008829951286316
vt 0.451664000749588 0.7900000065565109
vt 0.3194560110569 0.8134090006351471
vt 0.451664000749588 0.7900000065565109
vt 0.3194560110569 0.8018459975719452
vt 0.4888629913330078 0.8514830023050308
vt 0.3194560110569 0.8505119979381561
vt 0.3194560110569 0.8836489990353584
vt 0.4888629913330078 0.8514830023050308
vt 0.3194560110569 0.8836489990353584
vt 0.4999620020389557 0.8830069974064827
vt 0.08142799884080887 0.7425079941749573
vt 0.016913000494241714 0.7489840090274811
vt 0.016297999769449234 0.7889679968357086
vt 0.08142799884080887 0.7425079941749573
vt 0.016297999769449234 0.7889679968357086
vt 0.08214200288057327 0.7878630012273788
vt 0.09830600023269653 0.7322269976139069
vt 0.016297999769449234 0.7420180141925812
vt 0.016913000494241714 0.7489840090274811
vt 0.09830600023269653 0.7322269976139069
vt 0.016913000494241714 0.7489840090274811
vt 0.08142799884080887 0.7425079941749573
vt 0.07882700115442276 0.8686189949512482
vt 0.016297999769449234 0.8694919943809509
vt 0.016297999769449234 0.9861850002780557
vt 0.07882700115442276 0.8686189949512482
vt 0.016297999769449234 0.9861850002780557
vt 0.07483399659395218 0.9835439994931221
vt 0.08214200288057327 0.7878630012273788
vt 0.016297999769449234 0.7889679968357086
vt 0.016297999769449234 0.8694919943809509
vt 0.08214200288057327 0.7878630012273788
vt 0.016297999769449234 0.8694919943809509
vt 0.07882700115442276 0.8686189949512482
vt 0.9091169834136963 0.313198983669281
vt 0.9835079908370972 0.3029000163078308
vt 0.9778689742088318 0.3403310179710388
vt 0.9091169834136963 0.313198983669281
vt 0.9778689742088318 0.3403310179710388
vt 0.9121559858322144 0.35524797439575195
vt 0.6978660225868225 0.3089110255241394
vt 0.7424150109291077 0.31195002794265747
vt 0.7416399717330933 0.366225004196167
vt 0.6978660225868225 0.3089110255241394
vt 0.7416399717330933 0.366225004196167
vt 0.6978660225868225 0.366225004196167
vt 0.15568499267101288 0.3295329809188843
vt 0.18984399735927582 0.3183410167694092
vt 0.18844300508499146 0.366225004196167
vt 0.15568499267101288 0.3295329809188843
vt 0.18844300508499146 0.366225004196167
vt 0.17017300426959991 0.36365801095962524
vt 0.3445889949798584 0.31537002325057983
vt 0.43242698907852173 0.3089110255241394
vt 0.43242698907852173 0.366225004196167
vt 0.3445889949798584 0.31537002325057983
vt 0.43242698907852173 0.366225004196167
vt 0.34303998947143555 0.366225004196167
vt 0.5357059836387634 0.3089110255241394
vt 0.6978660225868225 0.3089110255241394
vt 0.6978660225868225 0.366225004196167
vt 0.5357059836387634 0.3089110255241394
vt 0.6978660225868225 0.366225004196167
vt 0.5357059836387634 0.366225004196167
vt 0.14169099926948547 0.5573070049285889
vt 0.14169099926948547 0.5573070049285889
vt 0.14169099926948547 0.6030069887638092
vt 0.6676539778709412 0.1476600170135498
vt 0.6676539778709412 0.1476600170135498
vt 0.6908619999885559 0.22280198335647583
vt 0.7381380200386047 0.21419501304626465
vt 0.8167030215263367 0.20451098680496216
vt 0.8167030215263367 0.20451098680496216
vt 0.6908619999885559 0.22280198335647583
vt 0.6908619999885559 0.22280198335647583
vt 0.6676539778709412 0.1476600170135498
vt 0.7381380200386047 0.21419501304626465
vt 0.7381380200386047 0.21419501304626465
vt 0.6908619999885559 0.22280198335647583
vt 0.7381380200386047 0.21419501304626465
vt 0.7381380200386047 0.21419501304626465
vt 0.8167030215263367 0.20451098680496216
vt 0.43242698907852173 0.3089110255241394
vt 0.5357059836387634 0.3089110255241394
vt 0.5357059836387634 0.366225004196167
vt 0.43242698907852173 0.3089110255241394
vt 0.5357059836387634 0.366225004196167
vt 0.43242698907852173 0.366225004196167
vt 0.14169099926948547 0.6030069887638092
vt 0.14169099926948547 0.6030069887638092
vt 0.18490000069141388 0.7001990079879761
vt 0.5357059836387634 0.2211589813232422
vt 0.5357059836387634 0.2211589813232422
vt 0.42717400193214417 0.22011202573776245
vt 0.4652419984340668 0.7265940010547638
vt 0.460563987493515 0.7418799996376038
vt 0.3194560110569 0.7450209856033325
vt 0.4652419984340668 0.7265940010547638
vt 0.3194560110569 0.7450209856033325
vt 0.3194560110569 0.7293750047683716
vt 0.07865899801254272 0.41457802057266235
vt 0.07865899801254272 0.4508339762687683
vt 0.016297999769449234 0.4512709975242615
vt 0.07865899801254272 0.41457802057266235
vt 0.016297999769449234 0.4512709975242615
vt 0.016297999769449234 0.41457802057266235
vt 0.10467100143432617 0.09347498416900635
vt 0.06850499659776688 0.1841679811477661
vt 0.016297999769449234 0.18061399459838867
vt 0.10467100143432617 0.09347498416900635
vt 0.016297999769449234 0.18061399459838867
vt 0.016297999769449234 0.08211201429367065
vt 0.016297999769449234 0.3201580047607422
vt 0.016297999769449234 0.3201580047607422
vt 0.07865899801254272 0.32166099548339844
vt 0.016297999769449234 0.18061399459838867
vt 0.016297999769449234 0.18061399459838867
vt 0.06850499659776688 0.1841679811477661
vt 0.508109986782074 0.8874389976263046
vt 0.458187997341156 0.9293769970536232
vt 0.3194560110569 0.9289119988679886
vt 0.508109986782074 0.8874389976263046
vt 0.3194560110569 0.9289119988679886
vt 0.3194560110569 0.8951859995722771
vt 0.5036410093307495 0.592415988445282
vt 0.5036410093307495 0.6422269940376282
vt 0.5036410093307495 0.6422269940376282
vt 0.6563559770584106 0.4847699999809265
vt 0.6563559770584106 0.4847699999809265
vt 0.5036410093307495 0.4847699999809265
vt 0.07865899801254272 0.3754280209541321
vt 0.07865899801254272 0.41457802057266235
vt 0.016297999769449234 0.41457802057266235
vt 0.07865899801254272 0.3754280209541321
vt 0.016297999769449234 0.41457802057266235
vt 0.016297999769449234 0.37586402893066406
vt 0.238769993185997 0.08116298913955688
vt 0.27479100227355957 0.07655197381973267
vt 0.2736859917640686 0.12991797924041748
vt 0.238769993185997 0.08116298913955688
vt 0.2736859917640686 0.12991797924041748
vt 0.22185300290584564 0.12883299589157104
vt 0.9224810004234314 0.07654201984405518
vt 0.9790679812431335 0.07581901550292969
vt 0.9848530292510986 0.12856298685073853
vt 0.9224810004234314 0.07654201984405518
vt 0.9848530292510986 0.12856298685073853
vt 0.9235910177230835 0.12991201877593994
vt 0.3361720144748688 0.07167601585388184
vt 0.27479100227355957 0.07655197381973267
vt 0.4113920032978058 0.07237398624420166
vt 0.07865899801254272 0.4508339762687683
vt 0.07865899801254272 0.5573070049285889
vt 0.016297999769449234 0.5573070049285889
vt 0.07865899801254272 0.4508339762687683
vt 0.016297999769449234 0.5573070049285889
vt 0.016297999769449234 0.4512709975242615
vt 0.07865899801254272 0.5573070049285889
vt 0.07865899801254272 0.6282060146331787
vt 0.016297999769449234 0.6374090015888214
vt 0.07865899801254272 0.5573070049285889
vt 0.016297999769449234 0.6374090015888214
vt 0.016297999769449234 0.5573070049285889
vt 0.07865899801254272 0.32166099548339844
vt 0.07865899801254272 0.3754280209541321
vt 0.016297999769449234 0.37586402893066406
vt 0.07865899801254272 0.32166099548339844
vt 0.016297999769449234 0.37586402893066406
vt 0.016297999769449234 0.3201580047607422
vt 0.6563559770584106 0.40236902236938477
vt 0.6563559770584106 0.4847699999809265
vt 0.6563559770584106 0.4847699999809265
vt 0.4206109941005707 0.6972239911556244
vt 0.4652419984340668 0.7265940010547638
vt 0.3194560110569 0.7293750047683716
vt 0.4206109941005707 0.6972239911556244
vt 0.3194560110569 0.7293750047683716
vt 0.3194560110569 0.700190007686615
vt 0.895920991897583 0.07367599010467529
vt 0.8268150091171265 0.07082200050354004
vt 0.7560880184173584 0.07508701086044312
vt 0.9848530292510986 0.12856298685073853
vt 0.9790679812431335 0.07581901550292969
vt 0.9790679812431335 0.07581901550292969
vt 0.44252800941467285 0.07531601190567017
vt 0.30488499999046326 0.07405298948287964
vt 0.37449800968170166 0.07089298963546753
vt 0.895920991897583 0.07367599010467529
vt 0 1
vt 0.7560880184173584 0.07508701086044312
vt 0.07865899801254272 0.6282060146331787
vt 0.14169099926948547 0.6030069887638092
vt 0.14169099926948547 0.6030069887638092
vt 0.14169099926948547 0.6030069887638092
vt 0.14169099926948547 0.6030069887638092
vt 0.18490000069141388 0.7001990079879761
vt 0.460563987493515 0.7418799996376038
vt 0.45578598976135254 0.7483949959278107
vt 0.32023099064826965 0.7502609938383102
vt 0.460563987493515 0.7418799996376038
vt 0.32023099064826965 0.7502609938383102
vt 0.3194560110569 0.7450209856033325
vt 0.8261669874191284 0.0097770094871521
vt 0.8647810220718384 0.01173102855682373
vt 0.865451991558075 0.07155299186706543
vt 0.8261669874191284 0.0097770094871521
vt 0.865451991558075 0.07155299186706543
vt 0.8268150091171265 0.07082200050354004
vt 0.06850499659776688 0.1841679811477661
vt 0.06850499659776688 0.1841679811477661
vt 0.11481799930334091 0.19510900974273682
vt 0.07865899801254272 0.32166099548339844
vt 0.1334030032157898 0.323140025138855
vt 0.1334030032157898 0.323140025138855
vt 0.8647810220718384 0.01173102855682373
vt 0.8950669765472412 0.016447007656097412
vt 0.895920991897583 0.07367599010467529
vt 0.8647810220718384 0.01173102855682373
vt 0.895920991897583 0.07367599010467529
vt 0.865451991558075 0.07155299186706543
vt 0.5962200164794922 0.8685899972915649
vt 0.5984119772911072 0.929847002029419
vt 0.458187997341156 0.9293769970536232
vt 0.5962200164794922 0.8685899972915649
vt 0.458187997341156 0.9293769970536232
vt 0.508109986782074 0.8874389976263046
vt 0.2759299874305725 0.02261197566986084
vt 0.30577099323272705 0.017148971557617188
vt 0.30488499999046326 0.07405298948287964
vt 0.2759299874305725 0.02261197566986084
vt 0.30488499999046326 0.07405298948287964
vt 0.27479100227355957 0.07655197381973267
vt 0.41198301315307617 0.012512028217315674
vt 0.44285500049591064 0.01822298765182495
vt 0.44252800941467285 0.07531601190567017
vt 0.41198301315307617 0.012512028217315674
vt 0.44252800941467285 0.07531601190567017
vt 0.4113920032978058 0.07237398624420166
vt 0.3492850065231323 0.6460370123386383
vt 0.37871599197387695 0.5788449943065643
vt 0.5036410093307495 0.592415988445282
vt 0.3492850065231323 0.6460370123386383
vt 0.5036410093307495 0.592415988445282
vt 0.5036410093307495 0.6422269940376282
vt 0.47442200779914856 0.024689972400665283
vt 0.5299530029296875 0.024688005447387695
vt 0.5299540162086487 0.0786370038986206
vt 0.47442200779914856 0.024689972400665283
vt 0.5299540162086487 0.0786370038986206
vt 0.47442299127578735 0.07863801717758179
vt 0.30577099323272705 0.017148971557617188
vt 0.3368380069732666 0.011907994747161865
vt 0.3361720144748688 0.07167601585388184
vt 0.30577099323272705 0.017148971557617188
vt 0.3361720144748688 0.07167601585388184
vt 0.30488499999046326 0.07405298948287964
vt 0.2642349898815155 0.03313499689102173
vt 0.2759299874305725 0.02261197566986084
vt 0.27479100227355957 0.07655197381973267
vt 0.2642349898815155 0.03313499689102173
vt 0.27479100227355957 0.07655197381973267
vt 0.238769993185997 0.08116298913955688
vt 0.7841110229492188 0.012404978275299072
vt 0.8261669874191284 0.0097770094871521
vt 0.8268150091171265 0.07082200050354004
vt 0.7841110229492188 0.012404978275299072
vt 0.8268150091171265 0.07082200050354004
vt 0.7847179770469666 0.07232099771499634
vt 0.9213510155677795 0.022598981857299805
vt 0.9632290005683899 0.022709012031555176
vt 0.9790679812431335 0.07581901550292969
vt 0.9213510155677795 0.022598981857299805
vt 0.9790679812431335 0.07581901550292969
vt 0.9224810004234314 0.07654201984405518
vt 0.44285500049591064 0.01822298765182495
vt 0.47442200779914856 0.024689972400665283
vt 0.47442299127578735 0.07863801717758179
vt 0.44285500049591064 0.01822298765182495
vt 0.47442299127578735 0.07863801717758179
vt 0.44252800941467285 0.07531601190567017
vt 0.3368380069732666 0.011907994747161865
vt 0.37513598799705505 0.009854018688201904
vt 0.37449800968170166 0.07089298963546753
vt 0.3368380069732666 0.011907994747161865
vt 0.37449800968170166 0.07089298963546753
vt 0.3361720144748688 0.07167601585388184
vt 0.8950669765472412 0.016447007656097412
vt 0.9213510155677795 0.022598981857299805
vt 0.9224810004234314 0.07654201984405518
vt 0.8950669765472412 0.016447007656097412
vt 0.9224810004234314 0.07654201984405518
vt 0.895920991897583 0.07367599010467529
vt 0.5941159725189209 0.024685978889465332
vt 0.6948599815368652 0.024682998657226562
vt 0.6948609948158264 0.07863402366638184
vt 0.5941159725189209 0.024685978889465332
vt 0.6948609948158264 0.07863402366638184
vt 0.5941169857978821 0.07863599061965942
vt 0.5299530029296875 0.024688005447387695
vt 0.5941159725189209 0.024685978889465332
vt 0.5941169857978821 0.07863599061965942
vt 0.5299530029296875 0.024688005447387695
vt 0.5941169857978821 0.07863599061965942
vt 0.5299540162086487 0.0786370038986206
vt 0.10467100143432617 0.09347498416900635
vt 0.016297999769449234 0.08211201429367065
vt 0.016297999769449234 0.08211201429367065
vt 0.6948599815368652 0.024682998657226562
vt 0.722055971622467 0.02468198537826538
vt 0.7220569849014282 0.07863301038742065
vt 0.6948599815368652 0.024682998657226562
vt 0.7220569849014282 0.07863301038742065
vt 0.6948609948158264 0.07863402366638184
vt 0.722055971622467 0.02468198537826538
vt 0.7557340264320374 0.017777979373931885
vt 0.7560880184173584 0.07508701086044312
vt 0.722055971622467 0.02468198537826538
vt 0.7560880184173584 0.07508701086044312
vt 0.7220569849014282 0.07863301038742065
vt 0.37513598799705505 0.009854018688201904
vt 0.41198301315307617 0.012512028217315674
vt 0.4113920032978058 0.07237398624420166
vt 0.37513598799705505 0.009854018688201904
vt 0.4113920032978058 0.07237398624420166
vt 0.37449800968170166 0.07089298963546753
vt 0.7557340264320374 0.017777979373931885
vt 0.7841110229492188 0.012404978275299072
vt 0.7847179770469666 0.07232099771499634
vt 0.7557340264320374 0.017777979373931885
vt 0.7847179770469666 0.07232099771499634
vt 0.7560880184173584 0.07508701086044312
vt 0.14169099926948547 0.6030069887638092
vt 0.18490000069141388 0.7001990079879761
vt 0.18490000069141388 0.7001990079879761
vt 0.016297999769449234 0.7420180141925812
vt 0.09830600023269653 0.7322269976139069
vt 0.09830600023269653 0.7322269976139069
vt 0.3194560110569 0.8452800065279007
vt 0.3194560110569 0.8134090006351471
vt 0.4559839963912964 0.8008829951286316
vt 0.3194560110569 0.8452800065279007
vt 0.4559839963912964 0.8008829951286316
vt 0.49274298548698425 0.8470840007066727
vt 0.3194560110569 0.8134090006351471
vt 0.3194560110569 0.8018459975719452
vt 0.451664000749588 0.7900000065565109
vt 0.3194560110569 0.8134090006351471
vt 0.451664000749588 0.7900000065565109
vt 0.4559839963912964 0.8008829951286316
vt 0.4888629913330078 0.8514830023050308
vt 0.4999620020389557 0.8830069974064827
vt 0.3194560110569 0.8836489990353584
vt 0.4888629913330078 0.8514830023050308
vt 0.3194560110569 0.8836489990353584
vt 0.3194560110569 0.8505119979381561
vt 0.08142799884080887 0.7425079941749573
vt 0.08214200288057327 0.7878630012273788
vt 0.016297999769449234 0.7889679968357086
vt 0.08142799884080887 0.7425079941749573
vt 0.016297999769449234 0.7889679968357086
vt 0.016913000494241714 0.7489840090274811
vt 0.09830600023269653 0.7322269976139069
vt 0.08142799884080887 0.7425079941749573
vt 0.016913000494241714 0.7489840090274811
vt 0.09830600023269653 0.7322269976139069
vt 0.016913000494241714 0.7489840090274811
vt 0.016297999769449234 0.7420180141925812
vt 0.07882700115442276 0.8686189949512482
vt 0.07483399659395218 0.9835439994931221
vt 0.016297999769449234 0.9861850002780557
vt 0.07882700115442276 0.8686189949512482
vt 0.016297999769449234 0.9861850002780557
vt 0.016297999769449234 0.8694919943809509
vt 0.08214200288057327 0.7878630012273788
vt 0.07882700115442276 0.8686189949512482
vt 0.016297999769449234 0.8694919943809509
vt 0.08214200288057327 0.7878630012273788
vt 0.016297999769449234 0.8694919943809509
vt 0.016297999769449234 0.7889679968357086
vt 0.6948609948158264 0.07863402366638184
vt 0.6948609948158264 0.07863402366638184
vt 0 1
vt 0.14169099926948547 0.5573070049285889
vt 0.14169099926948547 0.6030069887638092
vt 0.14169099926948547 0.6030069887638092
vt 0.5357059836387634 0.2211589813232422
vt 0.42717400193214417 0.22011202573776245
vt 0.42717400193214417 0.22011202573776245
vt 0.6676539778709412 0.1476600170135498
vt 0.6908619999885559 0.22280198335647583
vt 0.6908619999885559 0.22280198335647583
vt 0.5357059836387634 0.2211589813232422
vt 0.5357059836387634 0.2211589813232422
vt 0.6908619999885559 0.22280198335647583
vt 0.07865899801254272 0.6282060146331787
vt 0.07865899801254272 0.6282060146331787
vt 0.14169099926948547 0.6030069887638092
vt 0.016297999769449234 0.7420180141925812
vt 0.016297999769449234 0.7420180141925812
vt 0.09830600023269653 0.7322269976139069
vt 0.7381380200386047 0.21419501304626465
vt 0.6908619999885559 0.22280198335647583
vt 0.6908619999885559 0.22280198335647583
vt 0.74024498462677 0.15105998516082764
vt 0.74024498462677 0.15105998516082764
vt 0.8167030215263367 0.20451098680496216
vt 0.14169099926948547 0.41457802057266235
vt 0.14169099926948547 0.45039302110671997
vt 0.14169099926948547 0.45039302110671997
vt 0.6908619999885559 0.22280198335647583
vt 0.6676539778709412 0.1476600170135498
vt 0.6676539778709412 0.1476600170135498
vt 0.016297999769449234 0.18061399459838867
vt 0.06850499659776688 0.1841679811477661
vt 0.06850499659776688 0.1841679811477661
vt 0.06850499659776688 0.1841679811477661
vt 0.11481799930334091 0.19510900974273682
vt 0.11481799930334091 0.19510900974273682
vt 0.45578598976135254 0.7483949959278107
vt 0.32023099064826965 0.7502609938383102
vt 0.3194560110569 0.8018459975719452
vt 0.45578598976135254 0.7483949959278107
vt 0.3194560110569 0.8018459975719452
vt 0.451664000749588 0.7900000065565109
vt 0.45578598976135254 0.7483949959278107
vt 0.451664000749588 0.7900000065565109
vt 0.3194560110569 0.8018459975719452
vt 0.45578598976135254 0.7483949959278107
vt 0.3194560110569 0.8018459975719452
vt 0.32023099064826965 0.7502609938383102
vt 0.5036410093307495 0.4847699999809265
vt 0.6563559770584106 0.4847699999809265
vt 0.6563559770584106 0.4847699999809265
vt 0.5357059836387634 0.2211589813232422
vt 0.5357059836387634 0.2211589813232422
vt 0.6908619999885559 0.22280198335647583
vt 0.14169099926948547 0.45039302110671997
vt 0.14169099926948547 0.5573070049285889
vt 0.14169099926948547 0.45039302110671997
vt 0.74024498462677 0.15105998516082764
vt 0.74024498462677 0.15105998516082764
vt 0.8167030215263367 0.20451098680496216
vt 0.14169099926948547 0.41457802057266235
vt 0.14169099926948547 0.37498700618743896
vt 0.14169099926948547 0.41457802057266235
vt 0.14169099926948547 0.37498700618743896
vt 0.14169099926948547 0.37498700618743896
vt 0.14169099926948547 0.41457802057266235
vt 0.14169099926948547 0.45039302110671997
vt 0.14169099926948547 0.41457802057266235
vt 0.14169099926948547 0.45039302110671997
vt 0.14169099926948547 0.6030069887638092
vt 0.14169099926948547 0.6030069887638092
vt 0.18490000069141388 0.7001990079879761
vt 0.14169099926948547 0.5573070049285889
vt 0.14169099926948547 0.5573070049285889
vt 0.14169099926948547 0.45039302110671997
vt 0.7901570200920105 0.1605929732322693
vt 0.9134089946746826 0.20397400856018066
vt 0.7901570200920105 0.1605929732322693
vt 0.9134089946746826 0.20397400856018066
vt 0.9134089946746826 0.20397400856018066
vt 0.7901570200920105 0.1605929732322693
vt 0.5036410093307495 0.6422269940376282
vt 0.5036410093307495 0.592415988445282
vt 0.5036410093307495 0.6422269940376282
vt 0.6563559770584106 0.4847699999809265
vt 0.6563559770584106 0.40236902236938477
vt 0.6563559770584106 0.4847699999809265
vt 0.9790679812431335 0.07581901550292969
vt 0.9848530292510986 0.12856298685073853
vt 0.9790679812431335 0.07581901550292969
vt 0.6563559770584106 0.4847699999809265
vt 0.6563559770584106 0.4847699999809265
vt 0.5036410093307495 0.4847699999809265
vt 0.016297999769449234 0.6374090015888214
vt 0.016297999769449234 0.6374090015888214
vt 0.07865899801254272 0.6282060146331787
vt 0.18490000069141388 0.7001990079879761
vt 0.09830600023269653 0.7322269976139069
vt 0.18490000069141388 0.7001990079879761
vt 0.016297999769449234 0.3201580047607422
vt 0.016297999769449234 0.3201580047607422
vt 0.07865899801254272 0.32166099548339844
vt 0.1334030032157898 0.323140025138855
vt 0.07865899801254272 0.32166099548339844
vt 0.1334030032157898 0.323140025138855
vt 0.016297999769449234 0.08211201429367065
vt 0.10467100143432617 0.09347498416900635
vt 0.016297999769449234 0.08211201429367065
vt 0.09830600023269653 0.7322269976139069
vt 0.09830600023269653 0.7322269976139069
vt 0.18490000069141388 0.7001990079879761
vt 0.07865899801254272 0.6282060146331787
vt 0.016297999769449234 0.6374090015888214
vt 0.07865899801254272 0.6282060146331787
vt 0.14169099926948547 0.6030069887638092
vt 0.14169099926948547 0.5573070049285889
vt 0.14169099926948547 0.6030069887638092
vt 0.6908619999885559 0.22280198335647583
vt 0.6676539778709412 0.1476600170135498
vt 0.6908619999885559 0.22280198335647583
vt 0.7381380200386047 0.21419501304626465
vt 0.7381380200386047 0.21419501304626465
vt 0.8167030215263367 0.20451098680496216
vt 0.6676539778709412 0.1476600170135498
vt 0.6908619999885559 0.22280198335647583
vt 0.6676539778709412 0.1476600170135498
vt 0.6908619999885559 0.22280198335647583
vt 0.7381380200386047 0.21419501304626465
vt 0.6908619999885559 0.22280198335647583
vt 0.8167030215263367 0.20451098680496216
vt 0.7381380200386047 0.21419501304626465
vt 0.8167030215263367 0.20451098680496216
vt 0.18490000069141388 0.7001990079879761
vt 0.14169099926948547 0.6030069887638092
vt 0.18490000069141388 0.7001990079879761
vt 0.42717400193214417 0.22011202573776245
vt 0.5357059836387634 0.2211589813232422
vt 0.42717400193214417 0.22011202573776245
vt 0.07865899801254272 0.32166099548339844
vt 0.016297999769449234 0.3201580047607422
vt 0.07865899801254272 0.32166099548339844
vt 0.06850499659776688 0.1841679811477661
vt 0.016297999769449234 0.18061399459838867
vt 0.06850499659776688 0.1841679811477661
vt 0.5036410093307495 0.592415988445282
vt 0.5036410093307495 0.592415988445282
vt 0.5036410093307495 0.6422269940376282
vt 0.5036410093307495 0.4847699999809265
vt 0.6563559770584106 0.4847699999809265
vt 0.5036410093307495 0.4847699999809265
vt 0.4113920032978058 0.07237398624420166
vt 0.37449800968170166 0.07089298963546753
vt 0.3361720144748688 0.07167601585388184
vt 0.3361720144748688 0.07167601585388184
vt 0.30488499999046326 0.07405298948287964
vt 0.27479100227355957 0.07655197381973267
vt 0.27479100227355957 0.07655197381973267
vt 0 1
vt 0.44252800941467285 0.07531601190567017
vt 0.44252800941467285 0.07531601190567017
vt 0.4113920032978058 0.07237398624420166
vt 0.27479100227355957 0.07655197381973267
vt 0.6563559770584106 0.40236902236938477
vt 0.6563559770584106 0.40236902236938477
vt 0.6563559770584106 0.4847699999809265
vt 0.6563559770584106 0.4847699999809265
vt 0.5036410093307495 0.4847699999809265
vt 0.6563559770584106 0.4847699999809265
vt 0.7220569849014282 0.07863301038742065
vt 0 1
vt 0.895920991897583 0.07367599010467529
vt 0.895920991897583 0.07367599010467529
vt 0.865451991558075 0.07155299186706543
vt 0.8268150091171265 0.07082200050354004
vt 0.8268150091171265 0.07082200050354004
vt 0.7847179770469666 0.07232099771499634
vt 0.7560880184173584 0.07508701086044312
vt 0.7560880184173584 0.07508701086044312
vt 0.7220569849014282 0.07863301038742065
vt 0.895920991897583 0.07367599010467529
vt 0.9848530292510986 0.12856298685073853
vt 0.9848530292510986 0.12856298685073853
vt 0.9790679812431335 0.07581901550292969
vt 0.37449800968170166 0.07089298963546753
vt 0.4113920032978058 0.07237398624420166
vt 0.44252800941467285 0.07531601190567017
vt 0.44252800941467285 0.07531601190567017
vt 0.47442299127578735 0.07863801717758179
vt 0.30488499999046326 0.07405298948287964
vt 0 1
vt 0.30488499999046326 0.07405298948287964
vt 0.47442299127578735 0.07863801717758179
vt 0.3361720144748688 0.07167601585388184
vt 0.37449800968170166 0.07089298963546753
vt 0.30488499999046326 0.07405298948287964
vt 0.7847179770469666 0.07232099771499634
vt 0.8268150091171265 0.07082200050354004
vt 0.7560880184173584 0.07508701086044312
vt 0.865451991558075 0.07155299186706543
vt 0.895920991897583 0.07367599010467529
vt 0.8268150091171265 0.07082200050354004
vt 0.9224810004234314 0.07654201984405518
vt 0 1
vt 0.895920991897583 0.07367599010467529
vt 0.7560880184173584 0.07508701086044312
vt 0.8268150091171265 0.07082200050354004
vt 0.895920991897583 0.07367599010467529
vt 0.07865899801254272 0.6282060146331787
vt 0.07865899801254272 0.6282060146331787
vt 0.14169099926948547 0.6030069887638092
vt 0.18490000069141388 0.7001990079879761
vt 0.14169099926948547 0.6030069887638092
vt 0.18490000069141388 0.7001990079879761
vt 0.11481799930334091 0.19510900974273682
vt 0.06850499659776688 0.1841679811477661
vt 0.11481799930334091 0.19510900974273682
vt 0.07865899801254272 0.32166099548339844
vt 0.07865899801254272 0.32166099548339844
vt 0.1334030032157898 0.323140025138855
vt 0.14169099926948547 0.6030069887638092
vt 0.14169099926948547 0.6030069887638092
vt 0.18490000069141388 0.7001990079879761
vt 0.016297999769449234 0.7420180141925812
vt 0.016297999769449234 0.7420180141925812
vt 0.09830600023269653 0.7322269976139069
vt 0.27479100227355957 0.07655197381973267
vt 0 1
vt 0.47442299127578735 0.07863801717758179
vt 0.47442299127578735 0.07863801717758179
vt 0.5299540162086487 0.0786370038986206
vt 0 1
vt 0.5941169857978821 0.07863599061965942
vt 0.6948609948158264 0.07863402366638184
vt 0.5941169857978821 0.07863599061965942
vt 0 1
vt 0.9235910177230835 0.12991201877593994
vt 0.9224810004234314 0.07654201984405518
vt 0.9224810004234314 0.07654201984405518
vt 0 1
vt 0.7220569849014282 0.07863301038742065
vt 0.7220569849014282 0.07863301038742065
vt 0.5941169857978821 0.07863599061965942
vt 0.5299540162086487 0.0786370038986206
vt 0.5941169857978821 0.07863599061965942
vt 0 1
vt 0.2736859917640686 0.12991797924041748
vt 0.27479100227355957 0.07655197381973267
vt 0.27479100227355957 0.07655197381973267
vt 0.47442299127578735 0.07863801717758179
vt 0 1
vt 0.6948609948158264 0.07863402366638184
vt 0.9224810004234314 0.07654201984405518
vt 0.7220569849014282 0.07863301038742065
vt 0 1
vt 0.5299540162086487 0.0786370038986206
vt 0.5299540162086487 0.0786370038986206
vt 0.5941169857978821 0.07863599061965942
vt 0.5299540162086487 0.0786370038986206
vt 0.5299540162086487 0.0786370038986206
vt 0 1
vt 0.14169099926948547 0.5573070049285889
vt 0.14169099926948547 0.5573070049285889
vt 0.14169099926948547 0.6030069887638092
vt 0.5357059836387634 0.2211589813232422
vt 0.5357059836387634 0.2211589813232422
vt 0.42717400193214417 0.22011202573776245
vt 0.6676539778709412 0.1476600170135498
vt 0.6676539778709412 0.1476600170135498
vt 0.6908619999885559 0.22280198335647583
vt 0.6908619999885559 0.22280198335647583
vt 0.5357059836387634 0.2211589813232422
vt 0.6908619999885559 0.22280198335647583
vt 0.14169099926948547 0.6030069887638092
vt 0.07865899801254272 0.6282060146331787
vt 0.14169099926948547 0.6030069887638092
vt 0.09830600023269653 0.7322269976139069
vt 0.016297999769449234 0.7420180141925812
vt 0.09830600023269653 0.7322269976139069
vt 0.7381380200386047 0.21419501304626465
vt 0.7381380200386047 0.21419501304626465
vt 0.6908619999885559 0.22280198335647583
vt 0.8167030215263367 0.20451098680496216
vt 0.74024498462677 0.15105998516082764
vt 0.8167030215263367 0.20451098680496216
vt 0.14169099926948547 0.41457802057266235
vt 0.14169099926948547 0.41457802057266235
vt 0.14169099926948547 0.45039302110671997
vt 0.6908619999885559 0.22280198335647583
vt 0.6908619999885559 0.22280198335647583
vt 0.6676539778709412 0.1476600170135498
vt 0.016297999769449234 0.18061399459838867
vt 0.016297999769449234 0.18061399459838867
vt 0.06850499659776688 0.1841679811477661
vt 0.06850499659776688 0.1841679811477661
vt 0.06850499659776688 0.1841679811477661
vt 0.11481799930334091 0.19510900974273682
vn 0.9684190319320288 -0.23666534019576882 -0.0784480423073341
vn 0.9684768954291363 -0.2363984573299673 -0.07853834981684547
vn 0.9684768954291363 -0.2363984573299673 -0.07853834981684547
vn 0.970174126275144 0.11020836424539308 -0.2159080386567759
vn 0.970194878198226 0.11041505868537461 -0.21570909376619832
vn 0.970194878198226 0.11041505868537461 -0.21570909376619832
vn 0.9809143694058277 -0.1944402219016596 3.1678332966968446e-8
vn 0.9809143694058277 -0.1944402219016596 3.1678332966968446e-8
vn 0.9809143694058277 -0.1944402219016596 3.1678332966968446e-8
vn 0.9809163052122458 -0.1944304554698535 -0.000012431464708187153
vn 0.9809163052122458 -0.1944304554698535 -0.000012431464708187153
vn 0.9809163052122458 -0.1944304554698535 -0.000012431464708187153
vn 0.6801197693412695 -0.26576914486971964 0.6832304596447646
vn 0.6801197693412695 -0.26576914486971964 0.6832304596447646
vn 0.6801197693412695 -0.26576914486971964 0.6832304596447646
vn 0.7633449042498828 -0.17005931571425634 0.6232049312180835
vn 0.7633449042498828 -0.17005931571425634 0.6232049312180835
vn 0.7633449042498828 -0.17005931571425634 0.6232049312180835
vn 0.9809163144029418 -0.19443040949936083 -2.4450900823726866e-7
vn 0.9809163144029418 -0.19443040949936083 -2.4450900823726866e-7
vn 0.9809163144029418 -0.19443040949936083 -2.4450900823726866e-7
vn 0.9809143978064404 -0.19444007851867062 0.000006456114127704333
vn 0.9809143978064404 -0.19444007851867062 0.000006456114127704333
vn 0.9809143978064404 -0.19444007851867062 0.000006456114127704333
vn 0.9809143779320808 -0.19444017888829815 -7.425189652184666e-8
vn 0.9809143779320808 -0.19444017888829815 -7.425189652184666e-8
vn 0.9809143779320808 -0.19444017888829815 -7.425189652184666e-8
vn 0.9809143921425139 -0.19444010719931687 3.16783142795849e-8
vn 0.9809143921425139 -0.19444010719931687 3.16783142795849e-8
vn 0.9809143921425139 -0.19444010719931687 3.16783142795849e-8
vn 0.79131326432608 0.611376621829301 -0.006476417388916183
vn 0.79131326432608 0.611376621829301 -0.006476417388916183
vn 0.79131326432608 0.611376621829301 -0.006476417388916183
vn 0.9965018098012915 0.0835561412270336 0.0015856626371186216
vn 0.9965018098012915 0.0835561412270336 0.0015856626371186216
vn 0.9965018098012915 0.0835561412270336 0.0015856626371186216
vn -0.9477377762483453 0.3079970197200848 0.08325228714808415
vn -0.9477377762483453 0.3079970197200848 0.08325228714808415
vn -0.9477377762483453 0.3079970197200848 0.08325228714808415
vn -0.9654831303295784 0.2593831820719182 -0.02372108570964891
vn -0.9654831303295784 0.2593831820719182 -0.02372108570964891
vn -0.9654831303295784 0.2593831820719182 -0.02372108570964891
vn 0.9654831954473571 0.2593829749368751 -0.02372070027754312
vn 0.9654831954473571 0.2593829749368751 -0.02372070027754312
vn 0.9654831954473571 0.2593829749368751 -0.02372070027754312
vn -0.9686961339122817 0.2482487155595218 0.0006126715651595916
vn -0.9686961339122817 0.2482487155595218 0.0006126715651595916
vn -0.9686961339122817 0.2482487155595218 0.0006126715651595916
vn 0.9809143836162443 -0.19444015021272074 -1.346438260678815e-7
vn 0.9809143836162443 -0.19444015021272074 -1.346438260678815e-7
vn 0.9809143836162443 -0.19444015021272074 -1.346438260678815e-7
vn 0.9809143972380682 -0.19444008149318487 3.167831009152441e-8
vn 0.9809143972380682 -0.19444008149318487 3.167831009152441e-8
vn 0.9809143972380682 -0.19444008149318487 3.167831009152441e-8
vn 0.8603501232420792 0.5081060655439996 -0.04032234609662621
vn 0.8603501232420792 0.5081060655439996 -0.04032234609662621
vn 0.8603501232420792 0.5081060655439996 -0.04032234609662621
vn -0.9966555777953066 0.0816970640583659 0.0018024909838560796
vn -0.9966555777953066 0.0816970640583659 0.0018024909838560796
vn -0.9966555777953066 0.0816970640583659 0.0018024909838560796
vn 0.24286741578194185 0.6552901392302755 0.715269356102278
vn 0.24286741578194185 0.6552901392302755 0.715269356102278
vn 0.24286741578194185 0.6552901392302755 0.715269356102278
vn 0.14904658354953995 0.8186760552130552 0.5545760836467801
vn 0.14904658354953995 0.8186760552130552 0.5545760836467801
vn 0.14904658354953995 0.8186760552130552 0.5545760836467801
vn 0.04382528345207426 0.9980121136839984 -0.04528979432877713
vn 0.04382528345207426 0.9980121136839984 -0.04528979432877713
vn 0.04382528345207426 0.9980121136839984 -0.04528979432877713
vn 0.05764822955103178 0.9980987733627666 -0.021806426607131037
vn 0.05764822955103178 0.9980987733627666 -0.021806426607131037
vn 0.05764822955103178 0.9980987733627666 -0.021806426607131037
vn 0.015623289697323645 0.995003361338521 -0.0986114787642818
vn 0.01560741906121817 0.9950224368013462 -0.098421332708709
vn 0.01560741906121817 0.9950224368013462 -0.098421332708709
vn 0.05151137104743117 0.9952812331710795 -0.08223044174920406
vn 0.05166817882010922 0.9952822174358474 -0.08212007643320642
vn 0.05166817882010922 0.9952822174358474 -0.08212007643320642
vn -0.08417671326841468 0.943690861065343 -0.3199403689519013
vn -0.08417671326841468 0.943690861065343 -0.3199403689519013
vn -0.08417671326841468 0.943690861065343 -0.3199403689519013
vn 0.0841776371082459 0.9436907175736392 -0.3199405491278379
vn 0.0841776371082459 0.9436907175736392 -0.3199405491278379
vn 0.0841776371082459 0.9436907175736392 -0.3199405491278379
vn 0.265768489105647 -0.3605511098853125 0.8940749450459794
vn 0.265768489105647 -0.3605511098853125 0.8940749450459794
vn 0.265768489105647 -0.3605511098853125 0.8940749450459794
vn 0.2775082485906913 -0.4641725965614542 0.8411497919904186
vn 0.2775082485906913 -0.4641725965614542 0.8411497919904186
vn 0.2775082485906913 -0.4641725965614542 0.8411497919904186
vn -0.24711343309765482 -0.0000021339157992380487 -0.9689865588222248
vn -0.24711343309765482 -0.0000021339157992380487 -0.9689865588222248
vn -0.24711343309765482 -0.0000021339157992380487 -0.9689865588222248
vn 0.05741119409691921 0.9971914852367464 -0.048094662528160595
vn 0.05741119409691921 0.9971914852367464 -0.048094662528160595
vn 0.05741119409691921 0.9971914852367464 -0.048094662528160595
vn 0.04376312774045115 0.9966038823697901 -0.06975306656939614
vn 0.04376312774045115 0.9966038823697901 -0.06975306656939614
vn 0.04376312774045115 0.9966038823697901 -0.06975306656939614
vn 0.013404265779723397 -0.998634315421804 0.050495838649648246
vn 0.013404265779723397 -0.998634315421804 0.050495838649648246
vn 0.013404265779723397 -0.998634315421804 0.050495838649648246
vn 0.006508534534735296 -0.9981951367187165 0.059700150831578015
vn 0.006508534534735296 -0.9981951367187165 0.059700150831578015
vn 0.006508534534735296 -0.9981951367187165 0.059700150831578015
vn 0.006160747958978482 -0.9786598648175746 -0.2053945329842847
vn 0.006384405984985226 -0.9786407893253407 -0.20547857510916562
vn 0.006384405984985226 -0.9786407893253407 -0.20547857510916562
vn -0.008169413079642042 -0.9811001177040036 -0.19332826935325423
vn -0.007956506337864372 -0.981123078535634 -0.19322059613730605
vn -0.007956506337864372 -0.981123078535634 -0.19322059613730605
vn 0.05795520674488151 0.998072581579303 0.02218819304909704
vn 0.05795520674488151 0.998072581579303 0.02218819304909704
vn 0.05795520674488151 0.998072581579303 0.02218819304909704
vn 0.057799972890902974 0.9980835954686875 0.022097501897455154
vn 0.057799972890902974 0.9980835954686875 0.022097501897455154
vn 0.057799972890902974 0.9980835954686875 0.022097501897455154
vn 0.057621095990875754 0.9949915656362875 0.0816798237599684
vn 0.057621095990875754 0.9949915656362875 0.0816798237599684
vn 0.057621095990875754 0.9949915656362875 0.0816798237599684
vn 0.07887569609359976 0.9920440813561797 0.09811811867297149
vn 0.07887569609359976 0.9920440813561797 0.09811811867297149
vn 0.07887569609359976 0.9920440813561797 0.09811811867297149
vn 0.054486124089645475 0.9803313608830712 -0.1896883896047243
vn 0.054486124089645475 0.9803313608830712 -0.1896883896047243
vn 0.054486124089645475 0.9803313608830712 -0.1896883896047243
vn 0.05546096929171372 0.980485381045162 -0.1886067295775711
vn 0.05546096929171372 0.980485381045162 -0.1886067295775711
vn 0.05546096929171372 0.980485381045162 -0.1886067295775711
vn 0.28248904477843806 0.08785745069353505 -0.9552387177757184
vn 0.28248904477843806 0.08785745069353505 -0.9552387177757184
vn 0.28248904477843806 0.08785745069353505 -0.9552387177757184
vn -0.011804035138748854 0.9375769485571739 0.3475775169493297
vn -0.011804035138748854 0.9375769485571739 0.3475775169493297
vn -0.011804035138748854 0.9375769485571739 0.3475775169493297
vn 0.17384268391638705 0.8292077361408069 0.5312186476141297
vn 0.17384268391638705 0.8292077361408069 0.5312186476141297
vn 0.17384268391638705 0.8292077361408069 0.5312186476141297
vn 0.0006160754743395554 0.02495835603321561 -0.9996883018797055
vn 0.0006160754743395554 0.02495835603321561 -0.9996883018797055
vn 0.0006160754743395554 0.02495835603321561 -0.9996883018797055
vn 0.057385460254228034 -0.1834900212620482 -0.9813451589775452
vn 0.057385460254228034 -0.1834900212620482 -0.9813451589775452
vn 0.057385460254228034 -0.1834900212620482 -0.9813451589775452
vn -0.15798066664832386 0.2834647398876166 0.9458804629580828
vn -0.15798066664832386 0.2834647398876166 0.9458804629580828
vn -0.15798066664832386 0.2834647398876166 0.9458804629580828
vn -0.07027526712279654 0.9876366298533465 -0.1401259226650925
vn -0.07027526712279654 0.9876366298533465 -0.1401259226650925
vn -0.07027526712279654 0.9876366298533465 -0.1401259226650925
vn -0.021061251994822703 -0.9895264955523098 -0.14280664642927302
vn -0.021061251994822703 -0.9895264955523098 -0.14280664642927302
vn -0.021061251994822703 -0.9895264955523098 -0.14280664642927302
vn -0.00536691812406139 -0.997488296785226 -0.07062785545631872
vn -0.00536691812406139 -0.997488296785226 -0.07062785545631872
vn -0.00536691812406139 -0.997488296785226 -0.07062785545631872
vn -0.005271922227381311 -0.9324486675357303 0.3612640159867424
vn -0.005271922227381311 -0.9324486675357303 0.3612640159867424
vn -0.005271922227381311 -0.9324486675357303 0.3612640159867424
vn -0.0035034768519351337 -0.933469387382967 0.3586399705398383
vn -0.0035034768519351337 -0.933469387382967 0.3586399705398383
vn -0.0035034768519351337 -0.933469387382967 0.3586399705398383
vn 0.055845123997234486 0.8449442331960273 -0.5319309775849788
vn 0.055845123997234486 0.8449442331960273 -0.5319309775849788
vn 0.055845123997234486 0.8449442331960273 -0.5319309775849788
vn -0.06380997427848692 0.8408385011103847 -0.5375117693902345
vn -0.06380997427848692 0.8408385011103847 -0.5375117693902345
vn -0.06380997427848692 0.8408385011103847 -0.5375117693902345
vn -0.0017162376270009674 -0.4572693734454103 0.8893265849153784
vn -0.0017162376270009674 -0.4572693734454103 0.8893265849153784
vn -0.0017162376270009674 -0.4572693734454103 0.8893265849153784
vn 0.00023858089123445506 -0.4605079968883962 0.8876555232076209
vn 0.00037558403194850524 -0.4602834652099836 0.8877719248719936
vn 0.00023858089123445506 -0.4605079968883962 0.8876555232076209
vn 0.4786722416661342 -0.6616259544523886 0.5771689366669728
vn 0.4786722416661342 -0.6616259544523886 0.5771689366669728
vn 0.4786722416661342 -0.6616259544523886 0.5771689366669728
vn 0.4227503240681904 -0.3413313509462724 0.8395088280425839
vn 0.4227503240681904 -0.3413313509462724 0.8395088280425839
vn 0.4227503240681904 -0.3413313509462724 0.8395088280425839
vn -0.00019427054279584025 0.029792941411486855 -0.9995560729148755
vn -0.00019427054279584025 0.029792941411486855 -0.9995560729148755
vn -0.00019427054279584025 0.029792941411486855 -0.9995560729148755
vn -0.00003221959203961943 0.03007202928912114 -0.9995477337357792
vn -0.00003221959203961943 0.03007202928912114 -0.9995477337357792
vn -0.00003221959203961943 0.03007202928912114 -0.9995477337357792
vn -0.0018783469830983342 -0.4907999920023955 0.8712702449085815
vn -0.0018783469830983342 -0.4907999920023955 0.8712702449085815
vn -0.0018783469830983342 -0.4907999920023955 0.8712702449085815
vn 0.0003718672937073746 -0.4946272029047482 0.869105167319434
vn 0.0003718672937073746 -0.4946272029047482 0.869105167319434
vn 0.0003718672937073746 -0.4946272029047482 0.869105167319434
vn 0.264436004158734 0.19846456589132955 -0.9437613129335871
vn 0.264436004158734 0.19846456589132955 -0.9437613129335871
vn 0.264436004158734 0.19846456589132955 -0.9437613129335871
vn 0.15979702154116912 -0.12397088686316958 -0.9793345348331848
vn 0.15979702154116912 -0.12397088686316958 -0.9793345348331848
vn 0.15979702154116912 -0.12397088686316958 -0.9793345348331848
vn 0.006520770687184654 -0.9999787395488191 9.119919511891296e-9
vn 0.006520770687184654 -0.9999787395488191 9.119919511891296e-9
vn 0.006520770687184654 -0.9999787395488191 9.119919511891296e-9
vn 0.006520186384155335 -0.9999787433588355 9.838159452362958e-9
vn 0.006520186384155335 -0.9999787433588355 9.838159452362958e-9
vn 0.006520186384155335 -0.9999787433588355 9.838159452362958e-9
vn 0.0004497493229694066 -0.4196715686646545 -0.9076759180346775
vn 0.0004497493229694066 -0.4196715686646545 -0.9076759180346775
vn 0.0004497493229694066 -0.4196715686646545 -0.9076759180346775
vn -0.0015554075088605583 -0.4227550556180238 -0.9062426516429709
vn -0.0015554075088605583 -0.4227550556180238 -0.9062426516429709
vn -0.0015554075088605583 -0.4227550556180238 -0.9062426516429709
vn 0.028438990956648577 -0.9976117458385018 0.0629446451926151
vn 0.028438990956648577 -0.9976117458385018 0.0629446451926151
vn 0.028438990956648577 -0.9976117458385018 0.0629446451926151
vn 0.006451030043516735 -0.9893871570541524 0.14516004156681628
vn 0.006451030043516735 -0.9893871570541524 0.14516004156681628
vn 0.006451030043516735 -0.9893871570541524 0.14516004156681628
vn -0.003643066389183354 -0.9339162692078765 -0.3574732579873985
vn -0.003643066389183354 -0.9339162692078765 -0.3574732579873985
vn -0.003643066389183354 -0.9339162692078765 -0.3574732579873985
vn -0.005284855691340541 -0.9347368381602916 -0.3553014405915384
vn -0.005284855691340541 -0.9347368381602916 -0.3553014405915384
vn -0.005284855691340541 -0.9347368381602916 -0.3553014405915384
vn 0.006397354368880046 -0.9811084990329759 -0.19335249411978217
vn 0.006320410849462948 -0.9810650626352976 -0.1935752961591264
vn 0.006397354368880046 -0.9811084990329759 -0.19335249411978217
vn 0.0370355466782597 -0.9743161426920799 -0.2221180370250672
vn 0.0370355466782597 -0.9743161426920799 -0.2221180370250672
vn 0.0370355466782597 -0.9743161426920799 -0.2221180370250672
vn -0.000015753360687327434 0.020951690082614823 0.9997804891247446
vn -0.000015753360687327434 0.020951690082614823 0.9997804891247446
vn -0.000015753360687327434 0.020951690082614823 0.9997804891247446
vn -0.00013812179039500357 0.021183162260036192 0.9997756021023098
vn -0.00013812179039500357 0.021183162260036192 0.9997756021023098
vn -0.00013812179039500357 0.021183162260036192 0.9997756021023098
vn -0.0034652099748669236 -0.9418432953623697 -0.3360345209956587
vn -0.0034652099748669236 -0.9418432953623697 -0.3360345209956587
vn -0.0034652099748669236 -0.9418432953623697 -0.3360345209956587
vn -0.0053302416977138115 -0.942787155703686 -0.3333526174542475
vn -0.0053302416977138115 -0.942787155703686 -0.3333526174542475
vn -0.0053302416977138115 -0.942787155703686 -0.3333526174542475
vn -0.00022312241929056532 -0.07109889764305503 0.9974692461275828
vn 0.000036890640400952287 -0.07122156965835075 0.9974605188449722
vn 0.0002761611495443066 -0.07120739693418868 0.9974614931699752
vn 0.00018321964230681723 -0.07220986596872568 0.9973894433406348
vn 0.000692515525214489 -0.07229823232941841 0.9973828181918359
vn 0.00047083843592996986 -0.07220730836709502 0.997389534198924
vn 0.006520350678578789 -0.9999787422875691 1.4483746550240596e-9
vn 0.006520350678578789 -0.9999787422875691 1.4483746550240596e-9
vn 0.006520350678578789 -0.9999787422875691 1.4483746550240596e-9
vn 0.00652035067857879 -0.9999787422875691 2.2023741555046394e-9
vn 0.00652035067857879 -0.9999787422875691 2.2023741555046394e-9
vn 0.00652035067857879 -0.9999787422875691 2.2023741555046394e-9
vn 0.006520509073675958 -0.9999787412547387 -9.060676653871052e-8
vn 0.006520509073675958 -0.9999787412547387 -9.060676653871052e-8
vn 0.006520509073675958 -0.9999787412547387 -9.060676653871052e-8
vn 0.006520349281654251 -0.9999787422966737 -8.94229039055533e-8
vn 0.006520349281654251 -0.9999787422966737 -8.94229039055533e-8
vn 0.006520349281654251 -0.9999787422966737 -8.94229039055533e-8
vn 0.00652042844070461 -0.9999787417805056 1.6291721554419108e-7
vn 0.00652042844070461 -0.9999787417805056 1.6291721554419108e-7
vn 0.00652042844070461 -0.9999787417805056 1.6291721554419108e-7
vn 0.00652042844070461 -0.9999787417805056 1.6291721554419108e-7
vn -0.0002458241218010673 0.03769917678043427 -0.9992891031331116
vn -0.0002458241218010673 0.03769917678043427 -0.9992891031331116
vn -0.0002458241218010673 0.03769917678043427 -0.9992891031331116
vn -0.000014706173659346161 0.038046103936288 -0.9992759847804796
vn -0.000014706173659346161 0.038046103936288 -0.9992759847804796
vn -0.000014706173659346161 0.038046103936288 -0.9992759847804796
vn -0.005350491908438469 -0.9463663073841614 0.3230513650867379
vn -0.005350491908438469 -0.9463663073841614 0.3230513650867379
vn -0.005350491908438469 -0.9463663073841614 0.3230513650867379
vn -0.0036254886010842194 -0.9473115860020473 0.3202930140647607
vn -0.0036254886010842194 -0.9473115860020473 0.3202930140647607
vn -0.0036254886010842194 -0.9473115860020473 0.3202930140647607
vn 0.00017631602395858805 -0.4561802669397164 -0.8898873709450363
vn 0.00017631602395858805 -0.4561802669397164 -0.8898873709450363
vn 0.00017631602395858805 -0.4561802669397164 -0.8898873709450363
vn -0.0017911874761553125 -0.4591728781908201 -0.8883451241389146
vn -0.0017911874761553125 -0.4591728781908201 -0.8883451241389146
vn -0.0017911874761553125 -0.4591728781908201 -0.8883451241389146
vn 0.07027576774642497 0.9876364712027914 -0.14012678979320228
vn 0.07027576774642497 0.9876364712027914 -0.14012678979320228
vn 0.07027576774642497 0.9876364712027914 -0.14012678979320228
vn 0.15798043441598839 0.2834662380385488 0.9458800527730821
vn 0.15798043441598839 0.2834662380385488 0.9458800527730821
vn 0.15798043441598839 0.2834662380385488 0.9458800527730821
vn 0.22565938310886857 -0.057310146470740064 0.9725190948903919
vn 0.22565938310886857 -0.057310146470740064 0.9725190948903919
vn 0.22565938310886857 -0.057310146470740064 0.9725190948903919
vn 0.22702623777890613 -0.06191034731069686 0.971918821844615
vn 0.22702623777890613 -0.06191034731069686 0.971918821844615
vn 0.22702623777890613 -0.06191034731069686 0.971918821844615
vn 0.10651142322521957 0.6677729732564074 0.7367052143909636
vn 0.10651142322521957 0.6677729732564074 0.7367052143909636
vn 0.10651142322521957 0.6677729732564074 0.7367052143909636
vn 0.14338096988621538 0.5763711456858097 0.8045111558551039
vn 0.14338096988621538 0.5763711456858097 0.8045111558551039
vn 0.14338096988621538 0.5763711456858097 0.8045111558551039
vn 0.2056939734757834 -0.17859586354624368 0.9621816391928893
vn 0.2056939734757834 -0.17859586354624368 0.9621816391928893
vn 0.2056939734757834 -0.17859586354624368 0.9621816391928893
vn 0.2229198864035668 -0.35921370112952006 0.9062407192168385
vn 0.2229198864035668 -0.35921370112952006 0.9062407192168385
vn 0.2229198864035668 -0.35921370112952006 0.9062407192168385
vn 0.08170764867476868 0.9948823802299782 0.059438284429935984
vn 0.08170764867476868 0.9948823802299782 0.059438284429935984
vn 0.08170764867476868 0.9948823802299782 0.059438284429935984
vn 0.0811987003541022 0.9949609487466001 0.05881735738767924
vn 0.0811987003541022 0.9949609487466001 0.05881735738767924
vn 0.0811987003541022 0.9949609487466001 0.05881735738767924
vn -0.1127322916946108 0.0913110346043594 -0.9894209040488091
vn -0.1127322916946108 0.0913110346043594 -0.9894209040488091
vn -0.1127322916946108 0.0913110346043594 -0.9894209040488091
vn -0.07422353690397802 0.2939915145349517 -0.9529217470238096
vn -0.07422353690397802 0.2939915145349517 -0.9529217470238096
vn -0.07422353690397802 0.2939915145349517 -0.9529217470238096
vn 0.054116963935630404 0.9675446482502552 0.24683741178492277
vn 0.054116963935630404 0.9675446482502552 0.24683741178492277
vn 0.054116963935630404 0.9675446482502552 0.24683741178492277
vn -0.01917765718501026 0.9774925742625129 0.2100963700936785
vn -0.01917765718501026 0.9774925742625129 0.2100963700936785
vn -0.01917765718501026 0.9774925742625129 0.2100963700936785
vn 0.0816165778324014 0.991704328681234 0.099303870507803
vn 0.0816165778324014 0.991704328681234 0.099303870507803
vn 0.0816165778324014 0.991704328681234 0.099303870507803
vn 0.053214754244859094 0.9956464070821894 0.07652726308307828
vn 0.053214754244859094 0.9956464070821894 0.07652726308307828
vn 0.053214754244859094 0.9956464070821894 0.07652726308307828
vn -0.9701673325299116 0.11070053483556438 -0.21568666736475886
vn -0.9701949865129393 0.11041507234673587 -0.21570859960563138
vn -0.9701949865129393 0.11041507234673587 -0.21570859960563138
vn -0.9685187312660428 -0.23617027426023154 -0.07870875899581697
vn -0.9684768670935383 -0.23639845041350616 -0.07853872004799892
vn -0.9684768670935383 -0.23639845041350616 -0.07853872004799892
vn -0.9809163052044372 -0.19443045546840723 -0.000013054621325835919
vn -0.9809163052044372 -0.19443045546840723 -0.000013054621325835919
vn -0.9809163052044372 -0.19443045546840723 -0.000013054621325835919
vn -0.9809143694058277 -0.1944402219016596 3.1678332966968446e-8
vn -0.9809143694058277 -0.1944402219016596 3.1678332966968446e-8
vn -0.9809143694058277 -0.1944402219016596 3.1678332966968446e-8
vn -0.7633452652424573 -0.1700593925920595 0.6232044680705863
vn -0.7633452652424573 -0.1700593925920595 0.6232044680705863
vn -0.7633452652424573 -0.1700593925920595 0.6232044680705863
vn -0.6801197096105258 -0.265769144820433 0.683230519122726
vn -0.6801197096105258 -0.265769144820433 0.683230519122726
vn -0.6801197096105258 -0.265769144820433 0.683230519122726
vn -0.9809143978082391 -0.19444007851907474 0.000006164094483164796
vn -0.9809143978082391 -0.19444007851907474 0.000006164094483164796
vn -0.9809143978082391 -0.19444007851907474 0.000006164094483164796
vn -0.9809163144029418 -0.19443040949936083 -2.445091503458148e-7
vn -0.9809163144029418 -0.19443040949936083 -2.445091503458148e-7
vn -0.9809163144029418 -0.19443040949936083 -2.445091503458148e-7
vn -0.9809143921425139 -0.19444010719931687 3.16783142795849e-8
vn -0.9809143921425139 -0.19444010719931687 3.16783142795849e-8
vn -0.9809143921425139 -0.19444010719931687 3.16783142795849e-8
vn -0.9809143779320808 -0.19444017888829815 -7.42520386303886e-8
vn -0.9809143779320808 -0.19444017888829815 -7.42520386303886e-8
vn -0.9809143779320808 -0.19444017888829815 -7.42520386303886e-8
vn -0.9967507618714989 0.07976682108379633 0.01118807234389345
vn -0.9967507618714989 0.07976682108379633 0.01118807234389345
vn -0.9967507618714989 0.07976682108379633 0.01118807234389345
vn 0.8183378937030811 0.43687717969175727 0.3734453394998806
vn 0.8183378937030811 0.43687717969175727 0.3734453394998806
vn 0.8183378937030811 0.43687717969175727 0.3734453394998806
vn 0.6549011136835733 0.7547414453737055 -0.03833903925798647
vn 0.6549011136835733 0.7547414453737055 -0.03833903925798647
vn 0.6549011136835733 0.7547414453737055 -0.03833903925798647
vn 0.7905034127730287 0.5546521092032444 -0.25974100975892706
vn 0.7905034127730287 0.5546521092032444 -0.25974100975892706
vn 0.7905034127730287 0.5546521092032444 -0.25974100975892706
vn 0.683247272130136 0.7279864683802058 0.056646862067048366
vn 0.683247272130136 0.7279864683802058 0.056646862067048366
vn 0.683247272130136 0.7279864683802058 0.056646862067048366
vn -0.6549004900753699 0.7547420096565354 -0.038338583159193446
vn -0.6549004900753699 0.7547420096565354 -0.038338583159193446
vn -0.6549004900753699 0.7547420096565354 -0.038338583159193446
vn -0.9809143972380682 -0.19444008149318487 3.167831009152441e-8
vn -0.9809143972380682 -0.19444008149318487 3.167831009152441e-8
vn -0.9809143972380682 -0.19444008149318487 3.167831009152441e-8
vn -0.9809143836162553 -0.19444015021268418 1.0300036068930304e-7
vn -0.9809143836162553 -0.19444015021268418 1.0300036068930304e-7
vn -0.9809143836162553 -0.19444015021268418 1.0300036068930304e-7
vn -0.9153149010517078 0.34564804199941246 -0.20670283736483802
vn -0.9153149010517078 0.34564804199941246 -0.20670283736483802
vn -0.9153149010517078 0.34564804199941246 -0.20670283736483802
vn 0.7694009871015076 0.6384675312616782 0.019527738523536824
vn 0.7694009871015076 0.6384675312616782 0.019527738523536824
vn 0.7694009871015076 0.6384675312616782 0.019527738523536824
vn -0.14904658847632166 0.8186760822746401 0.5545760423738268
vn -0.14904658847632166 0.8186760822746401 0.5545760423738268
vn -0.14904658847632166 0.8186760822746401 0.5545760423738268
vn -0.24286742031816855 0.6552901708688819 0.715269325576478
vn -0.24286742031816855 0.6552901708688819 0.715269325576478
vn -0.24286742031816855 0.6552901708688819 0.715269325576478
vn -0.05764822955103178 0.9980987733627666 -0.021806426607131037
vn -0.05764822955103178 0.9980987733627666 -0.021806426607131037
vn -0.05764822955103178 0.9980987733627666 -0.021806426607131037
vn -0.04382528345207426 0.9980121136839984 -0.04528979432877713
vn -0.04382528345207426 0.9980121136839984 -0.04528979432877713
vn -0.04382528345207426 0.9980121136839984 -0.04528979432877713
vn -0.051717916402288726 0.9952948653196709 -0.0819352682994568
vn -0.05166815000046296 0.9952822242095622 -0.08212001246953292
vn -0.05166815000046296 0.9952822242095622 -0.08212001246953292
vn -0.015553805241000857 0.9950413668997555 -0.0982382680058602
vn -0.015607430148800965 0.9950224309428332 -0.09842139017899042
vn -0.015607430148800965 0.9950224309428332 -0.09842139017899042
vn -0.0558449402567018 0.8449442150198815 -0.5319310257469119
vn -0.0558449402567018 0.8449442150198815 -0.5319310257469119
vn -0.0558449402567018 0.8449442150198815 -0.5319310257469119
vn 0.08757767733405941 0.98178990867518 -0.16857854447216378
vn 0.08757767733405941 0.98178990867518 -0.16857854447216378
vn 0.08757767733405941 0.98178990867518 -0.16857854447216378
vn -0.27750822876124936 -0.46417255363789134 0.8411498222190106
vn -0.27750822876124936 -0.46417255363789134 0.8411498222190106
vn -0.27750822876124936 -0.46417255363789134 0.8411498222190106
vn -0.2657685139471909 -0.36055113295766467 0.8940749283573757
vn -0.2657685139471909 -0.36055113295766467 0.8940749283573757
vn -0.2657685139471909 -0.36055113295766467 0.8940749283573757
vn 0.2141631100312397 0.20101448347585676 -0.9558908618323966
vn 0.2141631100312397 0.20101448347585676 -0.9558908618323966
vn 0.2141631100312397 0.20101448347585676 -0.9558908618323966
vn 0 -0.24892730913332994 -0.9685221705090904
vn 0 -0.24892730913332994 -0.9685221705090904
vn 0 -0.24892730913332994 -0.9685221705090904
vn -0.04376312774045115 0.9966038823697901 -0.06975306656939614
vn -0.04376312774045115 0.9966038823697901 -0.06975306656939614
vn -0.04376312774045115 0.9966038823697901 -0.06975306656939614
vn -0.05741119409691921 0.9971914852367464 -0.048094662528160595
vn -0.05741119409691921 0.9971914852367464 -0.048094662528160595
vn -0.05741119409691921 0.9971914852367464 -0.048094662528160595
vn -0.006508534537630289 -0.9981951371627145 0.05970014340755175
vn -0.006508534537630289 -0.9981951371627145 0.05970014340755175
vn -0.006508534537630289 -0.9981951371627145 0.05970014340755175
vn -0.013404265779723397 -0.998634315421804 0.050495838649648246
vn -0.013404265779723397 -0.998634315421804 0.050495838649648246
vn -0.013404265779723397 -0.998634315421804 0.050495838649648246
vn 0.007732510003274893 -0.9811083274470419 -0.19330457341490195
vn 0.007956506406589806 -0.9811230870102141 -0.19322055310279387
vn 0.007956506406589806 -0.9811230870102141 -0.19322055310279387
vn -0.006492303096631348 -0.9785961063827768 -0.20568789602932508
vn -0.006384406004533458 -0.9786407923218108 -0.20547856083715402
vn -0.006384406004533458 -0.9786407923218108 -0.20547856083715402
vn 0.9952687598716932 -0.09716015450420812 -4.24440759057637e-7
vn 0.9952687598716932 -0.09716015450420812 -4.24440759057637e-7
vn 0.9952687598716932 -0.09716015450420812 -4.24440759057637e-7
vn -0.05779997289566108 0.9980835955508494 0.022097498173984143
vn -0.05779997289566108 0.9980835955508494 0.022097498173984143
vn -0.05779997289566108 0.9980835955508494 0.022097498173984143
vn -0.057955206747276736 0.9980725816205518 0.022188191187369106
vn -0.057955206747276736 0.9980725816205518 0.022188191187369106
vn -0.057955206747276736 0.9980725816205518 0.022188191187369106
vn -0.07887569603593862 0.992044080630959 0.09811812605182382
vn -0.07887569603593862 0.992044080630959 0.09811812605182382
vn -0.07887569603593862 0.992044080630959 0.09811812605182382
vn -0.057621095990875754 0.9949915656362875 0.0816798237599684
vn -0.057621095990875754 0.9949915656362875 0.0816798237599684
vn -0.057621095990875754 0.9949915656362875 0.0816798237599684
vn -0.05546096929171372 0.980485381045162 -0.1886067295775711
vn -0.05546096929171372 0.980485381045162 -0.1886067295775711
vn -0.05546096929171372 0.980485381045162 -0.1886067295775711
vn -0.05448612424365457 0.9803313636540533 -0.1896883752397319
vn -0.05448612424365457 0.9803313636540533 -0.1896883752397319
vn -0.05448612424365457 0.9803313636540533 -0.1896883752397319
vn -0.08496506306272703 -0.1423467181720423 -0.9861634498826227
vn -0.08496506306272703 -0.1423467181720423 -0.9861634498826227
vn -0.08496506306272703 -0.1423467181720423 -0.9861634498826227
vn -0.17384268664977748 0.8292077010461096 0.531218701500816
vn -0.17384268664977748 0.8292077010461096 0.531218701500816
vn -0.17384268664977748 0.8292077010461096 0.531218701500816
vn 0.011804035138748854 0.9375769485571739 0.3475775169493297
vn 0.011804035138748854 0.9375769485571739 0.3475775169493297
vn 0.011804035138748854 0.9375769485571739 0.3475775169493297
vn 0.9963689352274862 -0.08514068941725131 -0.00008898989067577125
vn 0.9963689352274862 -0.08514068941725131 -0.00008898989067577125
vn 0.9963689352274862 -0.08514068941725131 -0.00008898989067577125
vn -0.07994321867892114 -0.1304094960690964 -0.9882319794067881
vn -0.07994321867892114 -0.1304094960690964 -0.9882319794067881
vn -0.07994321867892114 -0.1304094960690964 -0.9882319794067881
vn -0.9952687591512346 -0.09716016188444947 -3.8670332362181877e-7
vn -0.9952687591512346 -0.09716016188444947 -3.8670332362181877e-7
vn -0.9952687591512346 -0.09716016188444947 -3.8670332362181877e-7
vn -0.9952687542651314 -0.09716021192941471 0.0000011681954518567344
vn -0.9952687542651314 -0.09716021192941471 0.0000011681954518567344
vn -0.9952687542651314 -0.09716021192941471 0.0000011681954518567344
vn -0.3739764224784343 0.062093518862930935 0.9253572447144133
vn -0.3739764224784343 0.062093518862930935 0.9253572447144133
vn -0.3739764224784343 0.062093518862930935 0.9253572447144133
vn -0.12080807651200795 0.7976621640459888 0.5908811053832564
vn -0.12080807651200795 0.7976621640459888 0.5908811053832564
vn -0.12080807651200795 0.7976621640459888 0.5908811053832564
vn 0.005366918132533921 -0.9974882983599159 -0.0706278332160763
vn 0.005366918132533921 -0.9974882983599159 -0.0706278332160763
vn 0.005366918132533921 -0.9974882983599159 -0.0706278332160763
vn 0.021061251994822703 -0.9895264955523098 -0.14280664642927302
vn 0.021061251994822703 -0.9895264955523098 -0.14280664642927302
vn 0.021061251994822703 -0.9895264955523098 -0.14280664642927302
vn 0.003503477190304582 -0.9334694702455868 0.358639754861338
vn 0.003503477190304582 -0.9334694702455868 0.358639754861338
vn 0.003503477190304582 -0.9334694702455868 0.358639754861338
vn 0.005271919776415805 -0.9324487054455718 0.36126391817444015
vn 0.005271919776415805 -0.9324487054455718 0.36126391817444015
vn 0.005271919776415805 -0.9324487054455718 0.36126391817444015
vn 0.09886770008669449 0.9940057822473687 -0.04666564837612239
vn 0.09886770008669449 0.9940057822473687 -0.04666564837612239
vn 0.09886770008669449 0.9940057822473687 -0.04666564837612239
vn 0.0638095631705212 0.8408393777065353 -0.5375104469180798
vn 0.0638095631705212 0.8408393777065353 -0.5375104469180798
vn 0.0638095631705212 0.8408393777065353 -0.5375104469180798
vn -0.00023858081042503257 -0.4605087544967081 0.8876551301666021
vn -0.0001280629838473554 -0.4607444647449762 0.8875328285797306
vn -0.00023858081042503257 -0.4605087544967081 0.8876551301666021
vn 0.0017162383923729494 -0.4572684959799836 0.889327036084018
vn 0.0017162383923729494 -0.4572684959799836 0.889327036084018
vn 0.0017162383923729494 -0.4572684959799836 0.889327036084018
vn -0.42275066787141835 -0.34132981986583494 0.8395092774261798
vn -0.42275066787141835 -0.34132981986583494 0.8395092774261798
vn -0.42275066787141835 -0.34132981986583494 0.8395092774261798
vn -0.47867107707583123 -0.6616282346617764 0.577167288634244
vn -0.47867107707583123 -0.6616282346617764 0.577167288634244
vn -0.47867107707583123 -0.6616282346617764 0.577167288634244
vn 0.00003221960359894745 0.03007334491886203 -0.9995476941533548
vn 0.00003221960359894745 0.03007334491886203 -0.9995476941533548
vn 0.00003221960359894745 0.03007334491886203 -0.9995476941533548
vn 0.00019427057187810804 0.029792945133470347 -0.9995560728039319
vn 0.00019427057187810804 0.029792945133470347 -0.9995560728039319
vn 0.00019427057187810804 0.029792945133470347 -0.9995560728039319
vn -0.0003718672937073746 -0.4946272029047482 0.869105167319434
vn -0.0003718672937073746 -0.4946272029047482 0.869105167319434
vn -0.0003718672937073746 -0.4946272029047482 0.869105167319434
vn 0.0018783473199906824 -0.4908001079837733 0.8712701795737425
vn 0.0018783473199906824 -0.4908001079837733 0.8712701795737425
vn 0.0018783473199906824 -0.4908001079837733 0.8712701795737425
vn -0.15979697856958244 -0.12397085840445658 -0.9793345454473127
vn -0.15979697856958244 -0.12397085840445658 -0.9793345454473127
vn -0.15979697856958244 -0.12397085840445658 -0.9793345454473127
vn -0.2644360841856645 0.19846461845606755 -0.9437612794566428
vn -0.2644360841856645 0.19846461845606755 -0.9437612794566428
vn -0.2644360841856645 0.19846461845606755 -0.9437612794566428
vn -0.006520188635346345 -0.9999787433441568 9.838093484385404e-9
vn -0.006520188635346345 -0.9999787433441568 9.838093484385404e-9
vn -0.006520188635346345 -0.9999787433441568 9.838093484385404e-9
vn -0.006520770687184654 -0.9999787395488191 9.119862668474765e-9
vn -0.006520770687184654 -0.9999787395488191 9.119862668474765e-9
vn -0.006520770687184654 -0.9999787395488191 9.119862668474765e-9
vn 0.0015554078765371991 -0.4227551779977052 -0.9062425945531726
vn 0.0015554078765371991 -0.4227551779977052 -0.9062425945531726
vn 0.0015554078765371991 -0.4227551779977052 -0.9062425945531726
vn -0.00044974916960413146 -0.41967263422668893 -0.9076754253624564
vn -0.00044974916960413146 -0.41967263422668893 -0.9076754253624564
vn -0.00044974916960413146 -0.41967263422668893 -0.9076754253624564
vn -0.006451030057470639 -0.9893871591942491 0.14516002697964406
vn -0.006451030057470639 -0.9893871591942491 0.14516002697964406
vn -0.006451030057470639 -0.9893871591942491 0.14516002697964406
vn -0.028438990956648577 -0.9976117458385018 0.0629446451926151
vn -0.028438990956648577 -0.9976117458385018 0.0629446451926151
vn -0.028438990956648577 -0.9976117458385018 0.0629446451926151
vn 0.005284857695138427 -0.9347367439168636 -0.3553016884998461
vn 0.005284857695138427 -0.9347367439168636 -0.3553016884998461
vn 0.005284857695138427 -0.9347367439168636 -0.3553016884998461
vn 0.003643068018976125 -0.9339162692023315 -0.357473257985276
vn 0.003643068018976125 -0.9339162692023315 -0.357473257985276
vn 0.003643068018976125 -0.9339162692023315 -0.357473257985276
vn -0.037035583021997096 -0.9743161187741751 -0.2221181358805447
vn -0.037035583021997096 -0.9743161187741751 -0.2221181358805447
vn -0.037035583021997096 -0.9743161187741751 -0.2221181358805447
vn -0.006397354313584273 -0.981108490552735 -0.1933525371520122
vn -0.006397354313584273 -0.981108490552735 -0.1933525371520122
vn -0.0065217766621287815 -0.9811472919279356 -0.1931513861499517
vn 0.0001381218757530954 0.02118317462986568 0.9997756018402071
vn 0.0001381218757530954 0.02118317462986568 0.9997756018402071
vn 0.0001381218757530954 0.02118317462986568 0.9997756018402071
vn 0.000015753354352596185 0.02095168388383891 0.999780489254648
vn 0.000015753354352596185 0.02095168388383891 0.999780489254648
vn 0.000015753354352596185 0.02095168388383891 0.999780489254648
vn 0.005330241776118497 -0.942787206416894 -0.3333524740259736
vn 0.005330241776118497 -0.942787206416894 -0.3333524740259736
vn 0.005330241776118497 -0.942787206416894 -0.3333524740259736
vn 0.0034652099748669236 -0.9418432953623697 -0.3360345209956587
vn 0.0034652099748669236 -0.9418432953623697 -0.3360345209956587
vn 0.0034652099748669236 -0.9418432953623697 -0.3360345209956587
vn -0.0007322965942616547 -0.07232841069830045 0.9973806017501824
vn -0.0004708383807627494 -0.0722088660046971 0.9973894214305338
vn -0.0004410437367418378 -0.07197165077137697 0.9974065805706644
vn -0.00013738816242194713 -0.07148893039267315 0.9974413837192662
vn 0.00016771740447623143 -0.07109558275598263 0.997469493259548
vn -0.00003689064202491875 -0.07122011993045284 0.9974606223586836
vn -0.00652035122122679 -0.9999787422840307 2.2023695241972526e-9
vn -0.00652035122122679 -0.9999787422840307 2.2023695241972526e-9
vn -0.00652035122122679 -0.9999787422840307 2.2023695241972526e-9
vn -0.006520352075503204 -0.9999787422784604 1.4482893898858587e-9
vn -0.006520352075503204 -0.9999787422784604 1.4482893898858587e-9
vn -0.006520352075503204 -0.9999787422784604 1.4482893898858587e-9
vn -0.006520350212937194 -0.9999787422906014 -8.942296074842696e-8
vn -0.006520350212937194 -0.9999787422906014 -8.942296074842696e-8
vn -0.006520350212937194 -0.9999787422906014 -8.942296074842696e-8
vn -0.006520509073675958 -0.9999787412547387 -9.060685180383036e-8
vn -0.006520509073675958 -0.9999787412547387 -9.060685180383036e-8
vn -0.006520509073675958 -0.9999787412547387 -9.060685180383036e-8
vn -0.09244193740676215 -0.637027974645803 -0.7652776278757601
vn -0.09262851606504977 -0.6370481890167098 -0.7652382392968331
vn -0.09262851606504977 -0.6370481890167098 -0.7652382392968331
vn -0.0065204330971193195 -0.9999787417501432 1.629172155392444e-7
vn -0.0065204330971193195 -0.9999787417501432 1.629172155392444e-7
vn -0.0065204330971193195 -0.9999787417501432 1.629172155392444e-7
vn -0.00652042844070461 -0.9999787417805056 1.6291721554419108e-7
vn -0.00652042844070461 -0.9999787417805056 1.6291721554419108e-7
vn -0.00652042844070461 -0.9999787417805056 1.6291721554419108e-7
vn 0.000014706177612060445 0.038045542231689926 -0.999276006166477
vn 0.000014706177612060445 0.038045542231689926 -0.999276006166477
vn 0.000014706177612060445 0.038045542231689926 -0.999276006166477
vn 0.0002458241218010673 0.03769917678043427 -0.9992891031331116
vn 0.0002458241218010673 0.03769917678043427 -0.9992891031331116
vn 0.0002458241218010673 0.03769917678043427 -0.9992891031331116
vn 0.003625488670298208 -0.9473116040871267 0.3202929605748099
vn 0.003625488670298208 -0.9473116040871267 0.3202929605748099
vn 0.003625488670298208 -0.9473116040871267 0.3202929605748099
vn 0.005350497119056988 -0.9463662038006931 0.32305166844398747
vn 0.005350497119056988 -0.9463662038006931 0.32305166844398747
vn 0.005350497119056988 -0.9463662038006931 0.32305166844398747
vn 0.0017911884959114616 -0.459173139279414 -0.8883449891838531
vn 0.0017911884959114616 -0.459173139279414 -0.8883449891838531
vn 0.0017911884959114616 -0.459173139279414 -0.8883449891838531
vn -0.0001763159805390148 -0.4561801483414826 -0.8898874317416883
vn -0.0001763159805390148 -0.4561801483414826 -0.8898874317416883
vn -0.0001763159805390148 -0.4561801483414826 -0.8898874317416883
vn 0.12080966723276727 0.7976620591671009 0.5908809217333122
vn 0.12080966723276727 0.7976620591671009 0.5908809217333122
vn 0.12080966723276727 0.7976620591671009 0.5908809217333122
vn 0.045324290914861516 0.9925615358356275 -0.11299250520581225
vn 0.045324290914861516 0.9925615358356275 -0.11299250520581225
vn 0.045324290914861516 0.9925615358356275 -0.11299250520581225
vn -0.22702623777890613 -0.06191034731069686 0.971918821844615
vn -0.22702623777890613 -0.06191034731069686 0.971918821844615
vn -0.22702623777890613 -0.06191034731069686 0.971918821844615
vn -0.22565938310886857 -0.057310146470740064 0.9725190948903919
vn -0.22565938310886857 -0.057310146470740064 0.9725190948903919
vn -0.22565938310886857 -0.057310146470740064 0.9725190948903919
vn -0.14338096793648925 0.5763710782435532 0.8045112045198372
vn -0.14338096793648925 0.5763710782435532 0.8045112045198372
vn -0.14338096793648925 0.5763710782435532 0.8045112045198372
vn -0.10651144307198321 0.6677730638674692 0.7367051293888055
vn -0.10651144307198321 0.6677730638674692 0.7367051293888055
vn -0.10651144307198321 0.6677730638674692 0.7367051293888055
vn -0.2229198864035668 -0.35921370112952006 0.9062407192168385
vn -0.2229198864035668 -0.35921370112952006 0.9062407192168385
vn -0.2229198864035668 -0.35921370112952006 0.9062407192168385
vn -0.2056939734757834 -0.17859586354624368 0.9621816391928893
vn -0.2056939734757834 -0.17859586354624368 0.9621816391928893
vn -0.2056939734757834 -0.17859586354624368 0.9621816391928893
vn -0.08119870040747712 0.994960949400623 0.0588173462504721
vn -0.08119870040747712 0.994960949400623 0.0588173462504721
vn -0.08119870040747712 0.994960949400623 0.0588173462504721
vn -0.0817076486928608 0.9948823804502697 0.059438280717807164
vn -0.0817076486928608 0.9948823804502697 0.059438280717807164
vn -0.0817076486928608 0.9948823804502697 0.059438280717807164
vn 0.07422352592897417 0.29399147077275506 -0.9529217613799903
vn 0.07422352592897417 0.29399147077275506 -0.9529217613799903
vn 0.07422352592897417 0.29399147077275506 -0.9529217613799903
vn 0.11273230562209414 0.09131104730111904 -0.9894209012901939
vn 0.11273230562209414 0.09131104730111904 -0.9894209012901939
vn 0.11273230562209414 0.09131104730111904 -0.9894209012901939
vn 0.019177657124971107 0.9774925712022966 0.21009638433709507
vn 0.019177657124971107 0.9774925712022966 0.21009638433709507
vn 0.019177657124971107 0.9774925712022966 0.21009638433709507
vn -0.05411696433373278 0.9675446553678304 0.2468373837984184
vn -0.05411696433373278 0.9675446553678304 0.2468373837984184
vn -0.05411696433373278 0.9675446553678304 0.2468373837984184
vn -0.053214754244859094 0.9956464070821894 0.07652726308307828
vn -0.053214754244859094 0.9956464070821894 0.07652726308307828
vn -0.053214754244859094 0.9956464070821894 0.07652726308307828
vn -0.0816165778324014 0.991704328681234 0.099303870507803
vn -0.0816165778324014 0.991704328681234 0.099303870507803
vn -0.0816165778324014 0.991704328681234 0.099303870507803
vn 0 -0.9999999999999868 1.6292067894774218e-7
vn 0 -0.9999999999999868 1.6292067894774218e-7
vn 0 -0.9999999999999868 1.6292067894774218e-7
vn 0.9963247405189931 0.08453997879534321 0.013784172628192065
vn 0.9963247405189931 0.08453997879534321 0.013784172628192065
vn 0.9963247405189931 0.08453997879534321 0.013784172628192065
vn -0.7652938505546536 0.6434155348964704 0.018487069998259383
vn -0.7652938505546536 0.6434155348964704 0.018487069998259383
vn -0.7652938505546536 0.6434155348964704 0.018487069998259383
vn -0.8657281774292288 0.4931385489481176 0.0856101299287101
vn -0.8657281774292288 0.4931385489481176 0.0856101299287101
vn -0.8657281774292288 0.4931385489481176 0.0856101299287101
vn -0.7840632040557408 0.6206552250666401 -0.005655408325134317
vn -0.7840632040557408 0.6206552250666401 -0.005655408325134317
vn -0.7840632040557408 0.6206552250666401 -0.005655408325134317
vn 0.37397607943806954 0.062094369428217076 0.9253573262764189
vn 0.37397607943806954 0.062094369428217076 0.9253573262764189
vn 0.37397607943806954 0.062094369428217076 0.9253573262764189
vn -0.04532437901724717 0.9925618052901599 -0.1129901028667545
vn -0.04532437901724717 0.9925618052901599 -0.1129901028667545
vn -0.04532437901724717 0.9925618052901599 -0.1129901028667545
vn -0.6832473979563685 0.7279862966166009 0.0566475517943926
vn -0.6832473979563685 0.7279862966166009 0.0566475517943926
vn -0.6832473979563685 0.7279862966166009 0.0566475517943926
vn 0.9477376509472231 0.30799730533171277 0.08325265692723129
vn 0.9477376509472231 0.30799730533171277 0.08325265692723129
vn 0.9477376509472231 0.30799730533171277 0.08325265692723129
vn 0.9686960588986278 0.24824900925999946 0.0006122709325664853
vn 0.9686960588986278 0.24824900925999946 0.0006122709325664853
vn 0.9686960588986278 0.24824900925999946 0.0006122709325664853
vn -0.7905036078400515 0.5546523590258823 -0.2597398826112113
vn -0.7905036078400515 0.5546523590258823 -0.2597398826112113
vn -0.7905036078400515 0.5546523590258823 -0.2597398826112113
vn -0.05153051974681455 0.9954641018860676 -0.0799739169403865
vn -0.05153051974681455 0.9954641018860676 -0.0799739169403865
vn -0.05153051974681455 0.9954641018860676 -0.0799739169403865
vn -0.09886742925826913 0.9940058309389865 -0.04666518500076932
vn -0.09886742925826913 0.9940058309389865 -0.04666518500076932
vn -0.09886742925826913 0.9940058309389865 -0.04666518500076932
vn 0.24567538792043284 0.29904073306426904 0.9220727974181483
vn 0.24567538792043284 0.29904073306426904 0.9220727974181483
vn 0.24567538792043284 0.29904073306426904 0.9220727974181483
vn 0.18659605562453196 0.45046904539617166 0.873074768370515
vn 0.18659605562453196 0.45046904539617166 0.873074768370515
vn 0.18659605562453196 0.45046904539617166 0.873074768370515
vn -0.18659604374725677 0.4504690228939339 0.8730747825191473
vn -0.18659604374725677 0.4504690228939339 0.8730747825191473
vn -0.18659604374725677 0.4504690228939339 0.8730747825191473
vn -0.24567542673728024 0.2990407919771979 0.9220727679695923
vn -0.24567542673728024 0.2990407919771979 0.9220727679695923
vn -0.24567542673728024 0.2990407919771979 0.9220727679695923
vn 0.05837056295983648 -0.01434805366101162 -0.9981918707021674
vn 0.05837056295983648 -0.01434805366101162 -0.9981918707021674
vn 0.05837056295983648 -0.01434805366101162 -0.9981918707021674
vn 0.7840633883973633 0.6206549910236981 -0.005655536421818731
vn 0.7840633883973633 0.6206549910236981 -0.005655536421818731
vn 0.7840633883973633 0.6206549910236981 -0.005655536421818731
vn 0.9966555798249518 0.08169703930828086 0.0018024905132523758
vn 0.9966555798249518 0.08169703930828086 0.0018024905132523758
vn 0.9966555798249518 0.08169703930828086 0.0018024905132523758
vn -0.9477376310729353 0.30799717966375856 0.0832533480854156
vn -0.9477376310729353 0.30799717966375856 0.0832533480854156
vn -0.9477376310729353 0.30799717966375856 0.0832533480854156
vn -0.9654831803925964 0.2593830304969611 -0.023720705495611467
vn -0.9654831803925964 0.2593830304969611 -0.023720705495611467
vn -0.9654831803925964 0.2593830304969611 -0.023720705495611467
vn 0.965483179549914 0.2593830760861237 -0.02372024127804077
vn 0.965483179549914 0.2593830760861237 -0.02372024127804077
vn 0.965483179549914 0.2593830760861237 -0.02372024127804077
vn -0.9686960807640964 0.24824892508265867 0.0006118068190909695
vn -0.9686960807640964 0.24824892508265867 0.0006118068190909695
vn -0.9686960807640964 0.24824892508265867 0.0006118068190909695
vn 0.9153147227200755 0.3456479527744231 -0.20670377624688344
vn 0.9153147227200755 0.3456479527744231 -0.20670377624688344
vn 0.9153147227200755 0.3456479527744231 -0.20670377624688344
vn -0.9965018095976491 0.0835561412099793 0.001585791508548936
vn -0.9965018095976491 0.0835561412099793 0.001585791508548936
vn -0.9965018095976491 0.0835561412099793 0.001585791508548936
vn -0.08417750152793554 0.9436909038311196 -0.3199400354174498
vn -0.08417750152793554 0.9436909038311196 -0.3199400354174498
vn -0.08417750152793554 0.9436909038311196 -0.3199400354174498
vn 0.08417669534328019 0.9436908867687416 -0.31994029785369416
vn 0.08417669534328019 0.9436908867687416 -0.31994029785369416
vn 0.08417669534328019 0.9436908867687416 -0.31994029785369416
vn -0.21416317910412272 0.2010144923627999 -0.9558908444880835
vn -0.21416317910412272 0.2010144923627999 -0.9558908444880835
vn -0.21416317910412272 0.2010144923627999 -0.9558908444880835
vn 0.08496510040714174 -0.14234668852303678 -0.9861634509447862
vn 0.08496510040714174 -0.14234668852303678 -0.9861634509447862
vn 0.08496510040714174 -0.14234668852303678 -0.9861634509447862
vn 0.07994321867892114 -0.1304094960690964 -0.9882319794067881
vn 0.07994321867892114 -0.1304094960690964 -0.9882319794067881
vn 0.07994321867892114 -0.1304094960690964 -0.9882319794067881
vn 0 -0.24892721050392277 -0.9685221958585851
vn 0 -0.24892721050392277 -0.9685221958585851
vn 0 -0.24892721050392277 -0.9685221958585851
vn -0.15798045189853346 0.28346627553767506 0.9458800386152221
vn -0.15798045189853346 0.28346627553767506 0.9458800386152221
vn -0.15798045189853346 0.28346627553767506 0.9458800386152221
vn -0.07027552707376705 0.9876365587337972 -0.14012629356036907
vn -0.07027552707376705 0.9876365587337972 -0.14012629356036907
vn -0.07027552707376705 0.9876365587337972 -0.14012629356036907
vn 0.05584493845435016 0.8449441812693343 -0.5319310795470817
vn 0.05584493845435016 0.8449441812693343 -0.5319310795470817
vn 0.05584493845435016 0.8449441812693343 -0.5319310795470817
vn -0.06380951875072824 0.8408397986773959 -0.5375097936567823
vn -0.06380951875072824 0.8408397986773959 -0.5375097936567823
vn -0.06380951875072824 0.8408397986773959 -0.5375097936567823
vn 0.09262842284798871 -0.6370480948447234 -0.7652383289769288
vn 0.09281370427358902 -0.637072603422763 -0.7651954745469669
vn 0.09262842284798871 -0.6370480948447234 -0.7652383289769288
vn 0.07027526712279654 0.9876366298533465 -0.1401259226650925
vn 0.07027526712279654 0.9876366298533465 -0.1401259226650925
vn 0.07027526712279654 0.9876366298533465 -0.1401259226650925
vn 0.15798061140824948 0.28346557911880105 0.9458802206801444
vn 0.15798061140824948 0.28346557911880105 0.9458802206801444
vn 0.15798061140824948 0.28346557911880105 0.9458802206801444
vn -0.9963247358760422 0.08453997840143539 0.013784510634037173
vn -0.9963247358760422 0.08453997840143539 0.013784510634037173
vn -0.9963247358760422 0.08453997840143539 0.013784510634037173
vn 0.8657281845623566 0.49313861261587816 0.08560969104986377
vn 0.8657281845623566 0.49313861261587816 0.08560969104986377
vn 0.8657281845623566 0.49313861261587816 0.08560969104986377
vn 0.6549005222492925 0.7547419871308432 -0.038338477009266035
vn 0.6549005222492925 0.7547419871308432 -0.038338477009266035
vn 0.6549005222492925 0.7547419871308432 -0.038338477009266035
vn 0.7905036422118865 0.5546523653593237 -0.259739764477927
vn 0.7905036422118865 0.5546523653593237 -0.259739764477927
vn 0.7905036422118865 0.5546523653593237 -0.259739764477927
vn 0.6832473852680495 0.7279862830975069 0.056647878567958415
vn 0.6832473852680495 0.7279862830975069 0.056647878567958415
vn 0.6832473852680495 0.7279862830975069 0.056647878567958415
vn -0.6549011499688974 0.7547414184993514 -0.03833894848587412
vn -0.6549011499688974 0.7547414184993514 -0.03833894848587412
vn -0.6549011499688974 0.7547414184993514 -0.03833894848587412
vn -0.8603500814159963 0.5081061112449676 -0.040322662647761874
vn -0.8603500814159963 0.5081061112449676 -0.040322662647761874
vn -0.8603500814159963 0.5081061112449676 -0.040322662647761874
vn 0.7652938505546536 0.6434155348964704 0.018487069998259383
vn 0.7652938505546536 0.6434155348964704 0.018487069998259383
vn 0.7652938505546536 0.6434155348964704 0.018487069998259383
vn -0.05584516384418127 0.8449439148163111 -0.5319314791306327
vn -0.05584516384418127 0.8449439148163111 -0.5319314791306327
vn -0.05584516384418127 0.8449439148163111 -0.5319314791306327
vn 0.05153020718811798 0.9954641561942194 -0.07997344233981982
vn 0.05153020718811798 0.9954641561942194 -0.07997344233981982
vn 0.05153020718811798 0.9954641561942194 -0.07997344233981982
vn 0.2471134753528863 -1.5786794629929656e-7 -0.9689865480485236
vn 0.2471134753528863 -1.5786794629929656e-7 -0.9689865480485236
vn 0.2471134753528863 -1.5786794629929656e-7 -0.9689865480485236
vn -0.05738544717963151 -0.18349053972101112 -0.981345062801503
vn -0.05738544717963151 -0.18349053972101112 -0.981345062801503
vn -0.05738544717963151 -0.18349053972101112 -0.981345062801503
vn 0.9952681325981008 -0.09716657967378431 0.000005402517726302986
vn 0.9952681325981008 -0.09716657967378431 0.000005402517726302986
vn 0.9952681325981008 -0.09716657967378431 0.000005402517726302986
vn 0.9952689079720073 -0.09715863740594033 0.000001276416164618663
vn 0.9952689079720073 -0.09715863740594033 0.000001276416164618663
vn 0.9952689079720073 -0.09715863740594033 0.000001276416164618663
vn 0.9952684776678686 -0.0971630452419113 4.0584501759120846e-8
vn 0.9952684776678686 -0.0971630452419113 4.0584501759120846e-8
vn 0.9952684776678686 -0.0971630452419113 4.0584501759120846e-8
vn 0.9952685875874763 -0.09716191929738371 -2.80308384150458e-7
vn 0.9952685875874763 -0.09716191929738371 -2.80308384150458e-7
vn 0.9952685875874763 -0.09716191929738371 -2.80308384150458e-7
vn -0.282489073127104 0.0878574129885306 -0.9552387128601691
vn -0.282489073127104 0.0878574129885306 -0.9552387128601691
vn -0.282489073127104 0.0878574129885306 -0.9552387128601691
vn -0.05837056978625822 -0.01434905376355756 -0.9981918559269646
vn -0.05837056978625822 -0.01434905376355756 -0.9981918559269646
vn -0.05837056978625822 -0.01434905376355756 -0.9981918559269646
vn 0.9925812350449609 -0.12133211624390647 -0.0078108517074084735
vn 0.9926089449297386 -0.12110140827690612 -0.007869647947727204
vn 0.9925812350449609 -0.12133211624390647 -0.0078108517074084735
vn 0.9963494368783975 -0.08536854472896019 0.00010584403515796225
vn 0.9963494368783975 -0.08536854472896019 0.00010584403515796225
vn 0.9963494368783975 -0.08536854472896019 0.00010584403515796225
vn 0.9955580572132331 -0.09387141902304257 -0.007232662608830061
vn 0.9955580572132331 -0.09387141902304257 -0.007232662608830061
vn 0.9955580572132331 -0.09387141902304257 -0.007232662608830061
vn 0.9952687542651314 -0.09716021192941471 0.0000011681954518567344
vn 0.9952687542651314 -0.09716021192941471 0.0000011681954518567344
vn 0.9952687542651314 -0.09716021192941471 0.0000011681954518567344
vn -0.0006160756173645626 0.02495423880297789 -0.9996884046624714
vn -0.0006160756173645626 0.02495423880297789 -0.9996884046624714
vn -0.0006160756173645626 0.02495423880297789 -0.9996884046624714
vn -0.9952681354811042 -0.09716655015295458 0.000005228753777442207
vn -0.9952681354811042 -0.09716655015295458 0.000005228753777442207
vn -0.9952681354811042 -0.09716655015295458 0.000005228753777442207
vn -0.9952685875874868 -0.09716191929737862 -2.4261804247354793e-7
vn -0.9952685875874868 -0.09716191929737862 -2.4261804247354793e-7
vn -0.9952685875874868 -0.09716191929737862 -2.4261804247354793e-7
vn -0.9952684776678646 -0.09716304524193009 -7.707817056404258e-8
vn -0.9952684776678646 -0.09716304524193009 -7.707817056404258e-8
vn -0.9952684776678646 -0.09716304524193009 -7.707817056404258e-8
vn -0.9952689079720073 -0.09715863740594033 0.000001276416164618663
vn -0.9952689079720073 -0.09715863740594033 0.000001276416164618663
vn -0.9952689079720073 -0.09715863740594033 0.000001276416164618663
vn -0.995558058578707 -0.09387142843276707 -0.007232352520975523
vn -0.995558058578707 -0.09387142843276707 -0.007232352520975523
vn -0.995558058578707 -0.09387142843276707 -0.007232352520975523
vn -0.9963494336599265 -0.08536858170602044 0.00010631578604814101
vn -0.9963494336599265 -0.08536858170602044 0.00010631578604814101
vn -0.9963494336599265 -0.08536858170602044 0.00010631578604814101
vn -0.9925562316905269 -0.12154351512848767 -0.0077007053256204164
vn -0.9925812368467575 -0.12133210156299597 -0.007810850790267148
vn -0.9925812368467575 -0.12133210156299597 -0.007810850790267148
vn -0.9963689352168564 -0.08514068941636249 -0.00008910967476389071
vn -0.9963689352168564 -0.08514068941636249 -0.00008910967476389071
vn -0.9963689352168564 -0.08514068941636249 -0.00008910967476389071
vn -0.3739759876277189 0.062092346196584894 0.9253574991438043
vn -0.3739759876277189 0.062092346196584894 0.9253574991438043
vn -0.3739759876277189 0.062092346196584894 0.9253574991438043
vn -0.12080955551305472 0.7976623678588702 0.5908805278552666
vn -0.12080955551305472 0.7976623678588702 0.5908805278552666
vn -0.12080955551305472 0.7976623678588702 0.5908805278552666
vn 0.09886723200874759 0.9940058550086754 -0.04666509020028122
vn 0.09886723200874759 0.9940058550086754 -0.04666509020028122
vn 0.09886723200874759 0.9940058550086754 -0.04666509020028122
vn 0.06380995350841026 0.840839258239444 -0.5375105874646526
vn 0.06380995350841026 0.840839258239444 -0.5375105874646526
vn 0.06380995350841026 0.840839258239444 -0.5375105874646526
vn 0.12080832517686306 0.7976627785515586 0.5908802249875761
vn 0.12080832517686306 0.7976627785515586 0.5908802249875761
vn 0.12080832517686306 0.7976627785515586 0.5908802249875761
vn 0.045324378788311706 0.9925618002766786 -0.11299014699951741
vn 0.045324378788311706 0.9925618002766786 -0.11299014699951741
vn 0.045324378788311706 0.9925618002766786 -0.11299014699951741
vn -0.006520373572016096 -0.9999787421382924 -1.711754227615864e-9
vn -0.006520373572016096 -0.9999787421382924 -1.711754227615864e-9
vn -0.006520373572016096 -0.9999787421382924 -1.711754227615864e-9
vn 0 -1 9.32171784207203e-9
vn 0 -1 9.32171784207203e-9
vn 0 -1 9.32171784207203e-9
vn 0 -1 1.66009184177293e-9
vn 0 -1 1.66009184177293e-9
vn 0 -1 1.66009184177293e-9
vn -0.006510070998907176 -0.9979131338906055 -0.06424170128677763
vn -0.006386195347914281 -0.99790072776036 -0.06444652080851358
vn -0.006510070998907176 -0.9979131338906055 -0.06424170128677763
vn 0.006510070998907176 -0.9979131338906055 -0.06424170128677763
vn 0.0065850465480051575 -0.997927243605178 -0.06401447986613654
vn 0.006510070998907176 -0.9979131338906055 -0.06424170128677763
vn 0 -0.9999999999999868 1.6292067894774218e-7
vn 0 -0.9999999999999959 -9.027630798463182e-8
vn 0 -0.9999999999999959 -9.027630798463182e-8
vn 0 -0.9999999999999959 -9.027630798463182e-8
vn 0.006520373572016096 -0.9999787421382924 -1.6688658722976497e-9
vn 0.006520373572016096 -0.9999787421382924 -1.6688658722976497e-9
vn 0.006520373572016096 -0.9999787421382924 -1.6688658722976497e-9
vn 0 -0.9999937826678345 -0.003526276460489299
vn 0 -0.9999937826678345 -0.003526276460489299
vn 0 -0.9999937826678345 -0.003526276460489299
vn 0 -1 1.66009184177293e-9
vn 0 -0.998139265959616 -0.06097545202455581
vn 0 -0.998139265959616 -0.06097545202455581
vn 0 -0.998139265959616 -0.06097545202455581
vn 0 -0.9999999999999959 -9.027633640634122e-8
vn 0 -0.9999999999999959 -9.027633640634122e-8
vn 0 -0.9999999999999959 -9.027633640634122e-8
vn 0 -1 9.321774685490883e-9
vn 0 -1 9.321774685490883e-9
vn 0 -1 9.321774685490883e-9
vn 0.9967507554528726 0.07976682057022767 0.011188647829154443
vn 0.9967507554528726 0.07976682057022767 0.011188647829154443
vn 0.9967507554528726 0.07976682057022767 0.011188647829154443
vn -0.76940082162117 0.6384677312833884 0.019527718722668234
vn -0.76940082162117 0.6384677312833884 0.019527718722668234
vn -0.76940082162117 0.6384677312833884 0.019527718722668234
vn -0.8183382347131607 0.43687743904092613 0.3734442888351488
vn -0.8183382347131607 0.43687743904092613 0.3734442888351488
vn -0.8183382347131607 0.43687743904092613 0.3734442888351488
vn -0.7913133377254364 0.6113765268314528 -0.006476417013980142
vn -0.7913133377254364 0.6113765268314528 -0.006476417013980142
vn -0.7913133377254364 0.6113765268314528 -0.006476417013980142
vn 0.37397670480082057 0.06209349640661678 0.9253571321226856
vn 0.37397670480082057 0.06209349640661678 0.9253571321226856
vn 0.37397670480082057 0.06209349640661678 0.9253571321226856
vn -0.04532429080039157 0.9925615333288342 -0.11299252727218227
vn -0.04532429080039157 0.9925615333288342 -0.11299252727218227
vn -0.04532429080039157 0.9925615333288342 -0.11299252727218227
vn -0.6832471902293847 0.7279865042288726 0.056647389209714634
vn -0.6832471902293847 0.7279865042288726 0.056647389209714634
vn -0.6832471902293847 0.7279865042288726 0.056647389209714634
vn 0.9477377359716178 0.3079971452105815 0.08325228139530962
vn 0.9477377359716178 0.3079971452105815 0.08325228139530962
vn 0.9477377359716178 0.3079971452105815 0.08325228139530962
vn 0.9686961199746795 0.24824877121849592 0.0006121556241658628
vn 0.9686961199746795 0.24824877121849592 0.0006121556241658628
vn 0.9686961199746795 0.24824877121849592 0.0006121556241658628
vn -0.7905034127730287 0.5546521092032444 -0.25974100975892706
vn -0.7905034127730287 0.5546521092032444 -0.25974100975892706
vn -0.7905034127730287 0.5546521092032444 -0.25974100975892706
vn -0.08757732905587957 0.9817900848587895 -0.16857769932114217
vn -0.08757732905587957 0.9817900848587895 -0.16857769932114217
vn -0.08757732905587957 0.9817900848587895 -0.16857769932114217
vn -0.09886744943217851 0.9940058090431608 -0.04666560865591417
vn -0.09886744943217851 0.9940058090431608 -0.04666560865591417
vn -0.09886744943217851 0.9940058090431608 -0.04666560865591417
f 4061/221/4061 4062/222/4062 4063/223/4063
f 4064/224/4064 4065/225/4065 4066/226/4066
f 4067/227/4067 4068/228/4068 4069/229/4069
f 4070/230/4070 4071/231/4071 4072/232/4072
f 4073/233/4073 4074/234/4074 4075/235/4075
f 4076/236/4076 4077/237/4077 4078/238/4078
f 4079/239/4079 4080/240/4080 4081/241/4081
f 4082/242/4082 4083/243/4083 4084/244/4084
f 4085/245/4085 4086/246/4086 4087/247/4087
f 4088/248/4088 4089/249/4089 4090/250/4090
f 4091/251/4091 4092/252/4092 4093/253/4093
f 4094/254/4094 4095/255/4095 4096/256/4096
f 4097/257/4097 4098/258/4098 4099/259/4099
f 4100/260/4100 4101/261/4101 4102/262/4102
f 4103/263/4103 4104/264/4104 4105/265/4105
f 4106/266/4106 4107/267/4107 4108/268/4108
f 4109/269/4109 4110/270/4110 4111/271/4111
f 4112/272/4112 4113/273/4113 4114/274/4114
f 4115/275/4115 4116/276/4116 4117/277/4117
f 4118/278/4118 4119/279/4119 4120/280/4120
f 4121/281/4121 4122/282/4122 4123/283/4123
f 4124/284/4124 4125/285/4125 4126/286/4126
f 4127/287/4127 4128/288/4128 4129/289/4129
f 4130/290/4130 4131/291/4131 4132/292/4132
f 4133/293/4133 4134/294/4134 4135/295/4135
f 4136/296/4136 4137/297/4137 4138/298/4138
f 4139/299/4139 4140/300/4140 4141/301/4141
f 4142/302/4142 4143/303/4143 4144/304/4144
f 4145/305/4145 4146/306/4146 4147/307/4147
f 4148/308/4148 4149/309/4149 4150/310/4150
f 4151/311/4151 4152/312/4152 4153/313/4153
f 4154/314/4154 4155/315/4155 4156/316/4156
f 4157/317/4157 4158/318/4158 4159/319/4159
f 4160/320/4160 4161/321/4161 4162/322/4162
f 4163/323/4163 4164/324/4164 4165/325/4165
f 4166/326/4166 4167/327/4167 4168/328/4168
f 4169/329/4169 4170/330/4170 4171/331/4171
f 4172/332/4172 4173/333/4173 4174/334/4174
f 4175/335/4175 4176/336/4176 4177/337/4177
f 4178/338/4178 4179/339/4179 4180/340/4180
f 4181/341/4181 4182/342/4182 4183/343/4183
f 4184/344/4184 4185/345/4185 4186/346/4186
f 4187/347/4187 4188/348/4188 4189/349/4189
f 4190/350/4190 4191/351/4191 4192/352/4192
f 4193/353/4193 4194/354/4194 4195/355/4195
f 4196/356/4196 4197/357/4197 4198/358/4198
f 4199/359/4199 4200/360/4200 4201/361/4201
f 4202/362/4202 4203/363/4203 4204/364/4204
f 4205/365/4205 4206/366/4206 4207/367/4207
f 4208/368/4208 4209/369/4209 4210/370/4210
f 4211/371/4211 4212/372/4212 4213/373/4213
f 4214/374/4214 4215/375/4215 4216/376/4216
f 4217/377/4217 4218/378/4218 4219/379/4219
f 4220/380/4220 4221/381/4221 4222/382/4222
f 4223/383/4223 4224/384/4224 4225/385/4225
f 4226/386/4226 4227/387/4227 4228/388/4228
f 4229/389/4229 4230/390/4230 4231/391/4231
f 4232/392/4232 4233/393/4233 4234/394/4234
f 4235/395/4235 4236/396/4236 4237/397/4237
f 4238/398/4238 4239/399/4239 4240/400/4240
f 4241/401/4241 4242/402/4242 4243/403/4243
f 4244/404/4244 4245/405/4245 4246/406/4246
f 4247/407/4247 4248/408/4248 4249/409/4249
f 4250/410/4250 4251/411/4251 4252/412/4252
f 4253/413/4253 4254/414/4254 4255/415/4255
f 4256/416/4256 4257/417/4257 4258/418/4258
f 4259/419/4259 4260/420/4260 4261/421/4261
f 4262/422/4262 4263/423/4263 4264/424/4264
f 4265/425/4265 4266/426/4266 4267/427/4267
f 4268/428/4268 4269/429/4269 4270/430/4270
f 4271/431/4271 4272/432/4272 4273/433/4273
f 4274/434/4274 4275/435/4275 4276/436/4276
f 4277/437/4277 4278/438/4278 4279/439/4279
f 4280/440/4280 4281/441/4281 4282/442/4282
f 4283/443/4283 4284/444/4284 4285/445/4285
f 4286/446/4286 4287/447/4287 4288/448/4288
f 4289/449/4289 4290/450/4290 4291/451/4291
f 4292/452/4292 4293/453/4293 4294/454/4294
f 4295/455/4295 4296/456/4296 4297/457/4297
f 4298/458/4298 4299/459/4299 4300/460/4300
f 4301/461/4301 4302/462/4302 4303/463/4303
f 4304/464/4304 4305/465/4305 4306/466/4306
f 4307/467/4307 4308/468/4308 4309/469/4309
f 4310/470/4310 4311/471/4311 4312/472/4312
f 4313/473/4313 4314/474/4314 4315/475/4315
f 4316/476/4316 4317/477/4317 4318/478/4318
f 4319/479/4319 4320/480/4320 4321/481/4321
f 4319/479/4319 4321/481/4321 4322/482/4322
f 4323/483/4323 4324/484/4324 4325/485/4325
f 4326/486/4326 4327/487/4327 4328/488/4328
f 4329/489/4329 4330/490/4330 4331/491/4331
f 4332/492/4332 4333/493/4333 4334/494/4334
f 4335/495/4335 4336/496/4336 4337/497/4337
f 4338/498/4338 4339/499/4339 4340/500/4340
f 4341/501/4341 4342/502/4342 4343/503/4343
f 4344/504/4344 4345/505/4345 4346/506/4346
f 4347/507/4347 4348/508/4348 4349/509/4349
f 4350/510/4350 4351/511/4351 4352/512/4352
f 4353/513/4353 4354/514/4354 4355/515/4355
f 4356/516/4356 4357/517/4357 4358/518/4358
f 4359/519/4359 4360/520/4360 4361/521/4361
f 4362/522/4362 4363/523/4363 4364/524/4364
f 4365/525/4365 4366/526/4366 4367/527/4367
f 4368/528/4368 4369/529/4369 4370/530/4370
f 4371/531/4371 4372/532/4372 4373/533/4373
f 4374/534/4374 4375/535/4375 4376/536/4376
f 4377/537/4377 4378/538/4378 4379/539/4379
f 4380/540/4380 4381/541/4381 4382/542/4382
f 4383/543/4383 4384/544/4384 4385/545/4385
f 4386/546/4386 4387/547/4387 4388/548/4388
f 4389/549/4389 4390/550/4390 4391/551/4391
f 4392/552/4392 4393/553/4393 4394/554/4394
f 4395/555/4395 4396/556/4396 4397/557/4397
f 4398/558/4398 4399/559/4399 4400/560/4400
f 4401/561/4401 4402/562/4402 4403/563/4403
f 4404/564/4404 4405/565/4405 4406/566/4406
f 4407/567/4407 4408/568/4408 4409/569/4409
f 4410/570/4410 4411/571/4411 4412/572/4412
f 4413/573/4413 4414/574/4414 4415/575/4415
f 4416/576/4416 4417/577/4417 4418/578/4418
f 4419/579/4419 4420/580/4420 4421/581/4421
f 4422/582/4422 4423/583/4423 4424/584/4424
f 4425/585/4425 4426/586/4426 4427/587/4427
f 4428/588/4428 4429/589/4429 4430/590/4430
f 4431/591/4431 4432/592/4432 4433/593/4433
f 4434/594/4434 4435/595/4435 4436/596/4436
f 4437/597/4437 4438/598/4438 4439/599/4439
f 4440/600/4440 4441/601/4441 4442/602/4442
f 4443/603/4443 4444/604/4444 4445/605/4445
f 4446/606/4446 4447/607/4447 4448/608/4448
f 4449/609/4449 4450/610/4450 4451/611/4451
f 4452/612/4452 4453/613/4453 4454/614/4454
f 4455/615/4455 4456/616/4456 4457/617/4457
f 4458/618/4458 4459/619/4459 4460/620/4460
f 4461/621/4461 4462/622/4462 4463/623/4463
f 4464/624/4464 4465/625/4465 4466/626/4466
f 4467/627/4467 4468/628/4468 4469/629/4469
f 4470/630/4470 4471/631/4471 4472/632/4472
f 4473/633/4473 4474/634/4474 4475/635/4475
f 4476/636/4476 4477/637/4477 4478/638/4478
f 4479/639/4479 4480/640/4480 4481/641/4481
f 4482/642/4482 4483/643/4483 4484/644/4484
f 4485/645/4485 4486/646/4486 4487/647/4487
f 4488/648/4488 4489/649/4489 4490/650/4490
f 4491/651/4491 4492/652/4492 4493/653/4493
f 4494/654/4494 4495/655/4495 4496/656/4496
f 4497/657/4497 4498/658/4498 4499/659/4499
f 4500/660/4500 4501/661/4501 4502/662/4502
f 4503/663/4503 4504/664/4504 4505/665/4505
f 4506/666/4506 4507/667/4507 4508/668/4508
f 4509/669/4509 4510/670/4510 4511/671/4511
f 4512/672/4512 4513/673/4513 4514/674/4514
f 4515/675/4515 4516/676/4516 4517/677/4517
f 4518/678/4518 4519/679/4519 4520/680/4520
f 4521/681/4521 4522/682/4522 4523/683/4523
f 4524/684/4524 4525/685/4525 4526/686/4526
f 4527/687/4527 4528/688/4528 4529/689/4529
f 4530/690/4530 4531/691/4531 4532/692/4532
f 4533/693/4533 4534/694/4534 4535/695/4535
f 4536/696/4536 4537/697/4537 4538/698/4538
f 4539/699/4539 4540/700/4540 4541/701/4541
f 4542/702/4542 4543/703/4543 4544/704/4544
f 4545/705/4545 4546/706/4546 4547/707/4547
f 4548/708/4548 4549/709/4549 4550/710/4550
f 4551/711/4551 4552/712/4552 4553/713/4553
f 4554/714/4554 4555/715/4555 4556/716/4556
f 4557/717/4557 4558/718/4558 4559/719/4559
f 4560/720/4560 4561/721/4561 4562/722/4562
f 4563/723/4563 4564/724/4564 4565/725/4565
f 4566/726/4566 4567/727/4567 4568/728/4568
f 4569/729/4569 4570/730/4570 4571/731/4571
f 4572/732/4572 4573/733/4573 4574/734/4574
f 4575/735/4575 4576/736/4576 4577/737/4577
f 4578/738/4578 4579/739/4579 4580/740/4580
f 4581/741/4581 4582/742/4582 4583/743/4583
f 4584/744/4584 4585/745/4585 4586/746/4586
f 4587/747/4587 4588/748/4588 4589/749/4589
f 4590/750/4590 4591/751/4591 4592/752/4592
f 4593/753/4593 4594/754/4594 4595/755/4595
f 4596/756/4596 4597/757/4597 4598/758/4598
f 4599/759/4599 4600/760/4600 4601/761/4601
f 4602/762/4602 4603/763/4603 4604/764/4604
f 4605/765/4605 4606/766/4606 4607/767/4607
f 4608/768/4608 4609/769/4609 4610/770/4610
f 4611/771/4611 4612/772/4612 4613/773/4613
f 4614/774/4614 4615/775/4615 4616/776/4616
f 4617/777/4617 4618/778/4618 4619/779/4619
f 4620/780/4620 4621/781/4621 4622/782/4622
f 4623/783/4623 4624/784/4624 4625/785/4625
f 4626/786/4626 4627/787/4627 4628/788/4628
f 4629/789/4629 4630/790/4630 4631/791/4631
f 4632/792/4632 4633/793/4633 4634/794/4634
f 4635/795/4635 4636/796/4636 4637/797/4637
f 4638/798/4638 4639/799/4639 4640/800/4640
f 4641/801/4641 4642/802/4642 4643/803/4643
f 4644/804/4644 4645/805/4645 4646/806/4646
f 4647/807/4647 4648/808/4648 4649/809/4649
f 4650/810/4650 4651/811/4651 4652/812/4652
f 4653/813/4653 4654/814/4654 4655/815/4655
f 4656/816/4656 4657/817/4657 4658/818/4658
f 4659/819/4659 4660/820/4660 4661/821/4661
f 4662/822/4662 4663/823/4663 4664/824/4664
f 4665/825/4665 4666/826/4666 4667/827/4667
f 4668/828/4668 4669/829/4669 4670/830/4670
f 4671/831/4671 4672/832/4672 4673/833/4673
f 4674/834/4674 4675/835/4675 4676/836/4676
f 4677/837/4677 4678/838/4678 4679/839/4679
f 4680/840/4680 4681/841/4681 4682/842/4682
f 4683/843/4683 4684/844/4684 4685/845/4685
f 4686/846/4686 4687/847/4687 4688/848/4688
f 4689/849/4689 4690/850/4690 4691/851/4691
f 4692/852/4692 4693/853/4693 4694/854/4694
f 4695/855/4695 4696/856/4696 4697/857/4697
f 4698/858/4698 4699/859/4699 4700/860/4700
f 4701/861/4701 4702/862/4702 4703/863/4703
f 4704/864/4704 4705/865/4705 4706/866/4706
f 4707/867/4707 4708/868/4708 4709/869/4709
f 4710/870/4710 4711/871/4711 4712/872/4712
f 4713/873/4713 4714/874/4714 4715/875/4715
f 4716/876/4716 4717/877/4717 4718/878/4718
f 4719/879/4719 4720/880/4720 4721/881/4721
f 4722/882/4722 4723/883/4723 4724/884/4724
f 4725/885/4725 4726/886/4726 4727/887/4727
f 4728/888/4728 4729/889/4729 4730/890/4730
f 4731/891/4731 4732/892/4732 4733/893/4733
f 4734/894/4734 4735/895/4735 4736/896/4736
f 4737/897/4737 4738/898/4738 4739/899/4739
f 4740/900/4740 4741/901/4741 4742/902/4742
f 4743/903/4743 4744/904/4744 4745/905/4745
f 4746/906/4746 4747/907/4747 4748/908/4748
f 4749/909/4749 4750/910/4750 4751/911/4751
f 4752/912/4752 4753/913/4753 4754/914/4754
f 4755/915/4755 4756/916/4756 4757/917/4757
f 4758/918/4758 4759/919/4759 4760/920/4760
f 4761/921/4761 4762/922/4762 4763/923/4763
f 4764/924/4764 4765/925/4765 4766/926/4766
f 4767/927/4767 4768/928/4768 4769/929/4769
f 4770/930/4770 4771/931/4771 4772/932/4772
f 4773/933/4773 4774/934/4774 4775/935/4775
f 4776/936/4776 4777/937/4777 4778/938/4778
f 4779/939/4779 4780/940/4780 4781/941/4781
f 4782/942/4782 4783/943/4783 4784/944/4784
f 4785/945/4785 4786/946/4786 4787/947/4787
f 4788/948/4788 4789/949/4789 4790/950/4790
f 4791/951/4791 4792/952/4792 4793/953/4793
f 4794/954/4794 4795/955/4795 4796/956/4796
f 4797/957/4797 4798/958/4798 4799/959/4799
f 4800/960/4800 4801/961/4801 4802/962/4802
f 4803/963/4803 4804/964/4804 4805/965/4805
f 4806/966/4806 4807/967/4807 4808/968/4808
f 4809/969/4809 4810/970/4810 4811/971/4811
f 4812/972/4812 4813/973/4813 4814/974/4814
f 4815/975/4815 4816/976/4816 4817/977/4817
f 4818/978/4818 4819/979/4819 4820/980/4820
f 4821/981/4821 4822/982/4822 4823/983/4823
f 4824/984/4824 4825/985/4825 4826/986/4826
f 4827/987/4827 4828/988/4828 4829/989/4829
f 4830/990/4830 4831/991/4831 4832/992/4832
f 4833/993/4833 4834/994/4834 4835/995/4835
f 4836/996/4836 4837/997/4837 4838/998/4838
f 4839/999/4839 4840/1000/4840 4841/1001/4841
f 4842/1002/4842 4843/1003/4843 4844/1004/4844
f 4845/1005/4845 4846/1006/4846 4847/1007/4847
f 4848/1008/4848 4849/1009/4849 4850/1010/4850
f 4851/1011/4851 4852/1012/4852 4853/1013/4853
f 4854/1014/4854 4855/1015/4855 4856/1016/4856
f 4857/1017/4857 4858/1018/4858 4859/1019/4859
f 4860/1020/4860 4861/1021/4861 4862/1022/4862
f 4863/1023/4863 4864/1024/4864 4865/1025/4865
f 4866/1026/4866 4867/1027/4867 4868/1028/4868
f 4869/1029/4869 4870/1030/4870 4871/1031/4871
f 4872/1032/4872 4873/1033/4873 4874/1034/4874
f 4875/1035/4875 4876/1036/4876 4877/1037/4877
f 4878/1038/4878 4879/1039/4879 4880/1040/4880
f 4881/1041/4881 4882/1042/4882 4883/1043/4883
f 4884/1044/4884 4885/1045/4885 4886/1046/4886
f 4887/1047/4887 4888/1048/4888 4889/1049/4889
f 4890/1050/4890 4891/1051/4891 4892/1052/4892
f 4893/1053/4893 4894/1054/4894 4895/1055/4895
f 4896/1056/4896 4897/1057/4897 4898/1058/4898
f 4899/1059/4899 4900/1060/4900 4901/1061/4901
f 4902/1062/4902 4903/1063/4903 4904/1064/4904
f 4905/1065/4905 4906/1066/4906 4907/1067/4907
f 4908/1068/4908 4909/1069/4909 4910/1070/4910
f 4911/1071/4911 4912/1072/4912 4913/1073/4913
f 4914/1074/4914 4915/1075/4915 4916/1076/4916
f 4917/1077/4917 4918/1078/4918 4919/1079/4919
f 4920/1080/4920 4921/1081/4921 4922/1082/4922
f 4923/1083/4923 4924/1084/4924 4925/1085/4925
f 4926/1086/4926 4927/1087/4927 4928/1088/4928
f 4929/1089/4929 4930/1090/4930 4931/1091/4931
f 4932/1092/4932 4933/1093/4933 4934/1094/4934
f 4935/1095/4935 4936/1096/4936 4937/1097/4937
f 4938/1098/4938 4939/1099/4939 4940/1100/4940
f 4941/1101/4941 4942/1102/4942 4943/1103/4943
f 4944/1104/4944 4945/1105/4945 4946/1106/4946
f 4947/1107/4947 4948/1108/4948 4949/1109/4949
f 4950/1110/4950 4951/1111/4951 4952/1112/4952
f 4953/1113/4953 4954/1114/4954 4955/1115/4955
f 4956/1116/4956 4957/1117/4957 4958/1118/4958
f 4959/1119/4959 4960/1120/4960 4961/1121/4961
f 4962/1122/4962 4963/1123/4963 4964/1124/4964
f 4965/1125/4965 4966/1126/4966 4967/1127/4967
f 4968/1128/4968 4969/1129/4969 4970/1130/4970
f 4971/1131/4971 4972/1132/4972 4973/1133/4973
f 4974/1134/4974 4975/1135/4975 4976/1136/4976
f 4977/1137/4977 4734/894/4734 4736/896/4736
f 4978/1138/4978 4979/1139/4979 4980/1140/4980
f 4981/1141/4981 4982/1142/4982 4983/1143/4983
f 4984/1144/4984 4985/1145/4985 4986/1146/4986
f 4969/1129/4969 4987/1147/4987 4970/1130/4970
f 4988/1148/4988 4989/1149/4989 4990/1150/4990
f 4991/1151/4991 4992/1152/4992 4993/1153/4993
f 4994/1154/4994 4995/1155/4995 4996/1156/4996
f 4997/1157/4997 4998/1158/4998 4999/1159/4999
f 5000/1160/5000 5001/1161/5001 5002/1162/5002
f 5003/1163/5003 5004/1164/5004 5005/1165/5005
f 5006/1166/5006 5007/1167/5007 5008/1168/5008
f 5009/1169/5009 5010/1170/5010 5011/1171/5011
f 5012/1172/5012 5013/1173/5013 5014/1174/5014
f 5015/1175/5015 5016/1176/5016 5017/1177/5017
f 5018/1178/5018 5019/1179/5019 5020/1180/5020
f 5021/1181/5021 5022/1182/5022 5023/1183/5023
f 5024/1184/5024 5025/1185/5025 5026/1186/5026
f 5027/1187/5027 5028/1188/5028 5029/1189/5029
f 5030/1190/5030 5031/1191/5031 5032/1192/5032
o CarBody_Carcamero_ma_0
usemtl Carcamero_ma
v 138.70855022794194 175.12449055953368 -358.0920182803937
v 86.47127200490422 183.87675178105255 -293.3357693248475
v 147.39279199963994 183.91474429466714 -290.18678442197955
v -138.7085373269897 175.12449055953368 -358.0920182803937
v -147.3927790986877 183.91474429466714 -290.18678442197955
v -86.47127102488093 183.87675178105255 -293.3357693248475
v 147.39279199963994 183.91474429466714 -290.18678442197955
v 174.6482913625855 127.8432327185473 -266.8305283385283
v 155.9640472067017 141.46374615364957 -357.4950603580079
v 147.39279199963994 183.91474429466714 -290.18678442197955
v 155.9640472067017 141.46374615364957 -357.4950603580079
v 138.70855022794194 175.12449055953368 -358.0920182803937
v -178.21952651613765 148.45489419651244 -213.1475368540642
v -148.55670283907466 174.8173277174059 -207.12356196203797
v -147.3927790986877 183.91474429466714 -290.18678442197955
v -178.21952651613765 148.45489419651244 -213.1475368540642
v -146.38653348558955 174.55898933415304 -133.53522640587974
v -148.55670283907466 174.8173277174059 -207.12356196203797
v 148.88854671842046 142.95024135338826 383.7363808976238
v 146.33404661542363 95.69572716842268 402.8680967415032
v 174.5117848051209 121.75221970684954 349.2781285833972
v 148.88854671842046 142.95024135338826 383.7363808976238
v 174.5117848051209 121.75221970684954 349.2781285833972
v 155.9640472067017 151.9964806647177 367.1501233965825
v 178.2195394170899 148.45489419651244 -213.1475368540642
v 147.39279199963994 183.91474429466714 -290.18678442197955
v 148.5567157400269 174.8173277174059 -207.12356196203797
v 155.9640472067017 151.9964806647177 367.1501233965825
v 174.5117848051209 121.75221970684954 349.2781285833972
v 178.2195394170899 140.4574872919133 296.31663299746947
v 155.9640472067017 151.9964806647177 367.1501233965825
v 178.2195394170899 140.4574872919133 296.31663299746947
v 155.9640472067017 163.76774273745295 296.31662919974684
v 179.61459804898686 142.53709398921052 -139.9125486310201
v 174.9237959516663 126.85374806282249 -156.2696341648682
v 178.2195394170899 148.45489419651244 -213.1475368540642
v 146.3865463865418 174.55898933415304 -133.53522640587974
v 178.2195394170899 148.45489419651244 -213.1475368540642
v 148.5567157400269 174.8173277174059 -207.12356196203797
v 178.31996132260747 140.05405671456103 252.39177687728298
v 174.78603769666142 123.13798240522193 245.05287429878854
v 178.2195394170899 140.4574738465536 145.19259668536637
v 155.9640472067017 168.67197780382034 227.17934126085203
v 178.2195394170899 140.4574738465536 145.19259668536637
v 147.98304487592168 169.16274987174955 149.98133645829887
v 151.17527891522832 168.20899684913422 51.02930547812457
v 178.2195394170899 140.45747880823816 51.029304038956255
v 178.2195394170899 140.4574783765334 -96.81747816853465
v 151.17527891522832 168.20899684913422 51.02930547812457
v 178.2195394170899 140.4574783765334 -96.81747816853465
v 151.17527891522832 166.71048919069844 -90.43170902535904
v 178.2195394170899 140.4574783765334 -96.81747816853465
v 167.86130119687505 88.2022213437215 -96.81747561553716
v 167.3115437162537 85.43121905473248 -134.84358152165856
v 178.2195394170899 140.4574783765334 -96.81747816853465
v 167.3115437162537 85.43121905473248 -134.84358152165856
v 174.9237959516663 126.85374806282249 -156.2696341648682
v 174.78603769666142 123.13798240522193 245.05287429878854
v 166.69353891736455 82.3134654831251 221.82220906731683
v 167.86130119687505 88.20222500937936 145.19259327789803
v 174.78603769666142 123.13798240522193 245.05287429878854
v 167.86130119687505 88.20222500937936 145.19259327789803
v 178.2195394170899 140.4574738465536 145.19259668536637
v 178.2195394170899 140.45747880823816 51.029304038956255
v 167.86130119687505 88.20222754962572 51.02930361172055
v 167.86130119687505 88.2022213437215 -96.81747561553716
v 178.2195394170899 140.45747880823816 51.029304038956255
v 167.86130119687505 88.2022213437215 -96.81747561553716
v 178.2195394170899 140.4574783765334 -96.81747816853465
v 146.33404661542363 95.69572716842268 402.8680967415032
v 140.57155300504155 69.40072002007159 397.5085944184479
v 166.1570494306702 79.60447026983321 368.95405784393625
v 146.33404661542363 95.69572716842268 402.8680967415032
v 166.1570494306702 79.60447026983321 368.95405784393625
v 174.5117848051209 121.75221970684954 349.2781285833972
v 174.6482913625855 127.8432327185473 -266.8305283385283
v 167.08578516370244 84.2929776136135 -289.42201675720753
v 150.93722988492436 93.6827306340241 -357.24704956751094
v 174.6482913625855 127.8432327185473 -266.8305283385283
v 150.93722988492436 93.6827306340241 -357.24704956751094
v 155.9640472067017 141.46374615364957 -357.4950603580079
v 132.0187871587891 183.3874865180549 -205.16524083326962
v 86.47127200490422 183.87675178105255 -293.3357693248475
v 102.78353144055791 223.4297388294076 -180.96273366221706
v 132.0187871587891 183.3874865180549 -205.16524083326962
v 102.78353144055791 223.4297388294076 -180.96273366221706
v 110.05803991681523 232.1202524632642 -135.4559716198289
v 147.98304487592168 169.16274987174955 149.98133645829887
v 178.2195394170899 140.4574738465536 145.19259668536637
v 178.2195394170899 140.45747880823816 51.029304038956255
v 147.98304487592168 169.16274987174955 149.98133645829887
v 178.2195394170899 140.45747880823816 51.029304038956255
v 151.17527891522832 168.20899684913422 51.02930547812457
v 178.2195394170899 140.4574738465536 145.19259668536637
v 167.86130119687505 88.20222500937936 145.19259327789803
v 167.86130119687505 88.20222754962572 51.02930361172055
v 178.2195394170899 140.4574738465536 145.19259668536637
v 167.86130119687505 88.20222754962572 51.02930361172055
v 178.2195394170899 140.45747880823816 51.029304038956255
v 77.56527115231938 175.74623851549018 227.17934010830865
v 71.97902251607366 178.5592419260569 178.09235167775208
v 56.08501483327336 186.2922418412369 181.7160863225801
v 77.56527115231938 175.74623851549018 227.17934010830865
v 56.08501483327336 186.2922418412369 181.7160863225801
v 57.79176999455876 183.48050141709066 226.92358723843503
v 70.77576567059941 170.45497869576815 297.09063018545316
v 77.56527115231938 175.74623851549018 227.17934010830865
v 57.79176999455876 183.48050141709066 226.92358723843503
v 70.77576567059941 170.45497869576815 297.09063018545316
v 57.79176999455876 183.48050141709066 226.92358723843503
v 54.88201428777165 178.18799005777694 297.80435878398407
v 77.56527115231938 86.78971987831667 -368.34653002713867
v 32.83203889256902 90.9091529724542 -379.7545259222787
v 32.83203889256902 114.0517172691763 -379.75452969268093
v 138.70855022794194 175.12449055953368 -358.0920182803937
v 155.9640472067017 141.46374615364957 -357.4950603580079
v 148.27837396985478 149.12785415236294 -361.485854834799
v 88.01426936513371 80.32371767882663 430.8333587979238
v 146.33404661542363 95.69572716842268 402.8680967415032
v 139.4340341222901 110.2202214921682 413.3168839717205
v 88.01426936513371 80.32371767882663 430.8333587979238
v 139.4340341222901 110.2202214921682 413.3168839717205
v 69.34402037984319 103.78972155105552 436.5483913670385
v 146.33404661542363 95.69572716842268 402.8680967415032
v 148.88854671842046 142.95024135338826 383.7363808976238
v 144.11154438382573 135.36947803691177 400.7098776160856
v 146.33404661542363 95.69572716842268 402.8680967415032
v 144.11154438382573 135.36947803691177 400.7098776160856
v 139.4340341222901 110.2202214921682 413.3168839717205
v 69.34402037984319 103.78972155105552 436.5483913670385
v 139.4340341222901 110.2202214921682 413.3168839717205
v 135.02053667432256 115.39823014020524 411.318601649234
v 69.34402037984319 103.78972155105552 436.5483913670385
v 135.02053667432256 115.39823014020524 411.318601649234
v 67.14951444989629 109.31722904529096 431.85540683917384
v 139.4340341222901 110.2202214921682 413.3168839717205
v 144.11154438382573 135.36947803691177 400.7098776160856
v 139.230782283606 134.94973018673994 400.5826098469468
v 139.4340341222901 110.2202214921682 413.3168839717205
v 139.230782283606 134.94973018673994 400.5826098469468
v 135.02053667432256 115.39823014020524 411.318601649234
v 147.98304487592168 169.16274987174955 149.98133645829887
v 71.97902251607366 178.5592419260569 178.09235167775208
v 77.56527115231938 175.74623851549018 227.17934010830865
v 147.98304487592168 169.16274987174955 149.98133645829887
v 77.56527115231938 175.74623851549018 227.17934010830865
v 155.9640472067017 168.67197780382034 227.17934126085203
v 140.57155300504155 69.40072002007159 397.5085944184479
v 146.33404661542363 95.69572716842268 402.8680967415032
v 129.51073099500127 84.14088447227996 405.88299692419696
v -140.5715401040893 69.40072002007159 397.5085944184479
v -95.81927608126216 59.82696663040049 423.64890435833763
v -109.87779449099116 70.20023556344292 413.9596192973458
v 148.88854671842046 142.95024135338826 383.7363808976238
v 74.04626060849614 141.52148056850135 414.54087217348973
v 71.67027045613713 133.75697806258123 426.6416176859244
v 148.88854671842046 142.95024135338826 383.7363808976238
v 71.67027045613713 133.75697806258123 426.6416176859244
v 144.11154438382573 135.36947803691177 400.7098776160856
v 110.05803991681523 235.29800227467615 -100.70746559152907
v 54.73476101285405 237.72925189320642 -100.70746598762992
v 54.73476101285405 238.42449757525765 -68.88546416684788
v 110.05803991681523 235.29800227467615 -100.70746559152907
v 54.73476101285405 238.42449757525765 -68.88546416684788
v 110.05803991681523 235.22050347648445 -69.2724766033776
v 138.70855022794194 175.12449055953368 -358.0920182803937
v 37.068015827002 180.91173609959893 -387.9195662966203
v 45.82251657372899 187.46901188862682 -302.93826891827973
v 138.70855022794194 175.12449055953368 -358.0920182803937
v 45.82251657372899 187.46901188862682 -302.93826891827973
v 86.47127200490422 183.87675178105255 -293.3357693248475
v 155.9640472067017 168.67197780382034 227.17934126085203
v 77.56527115231938 175.74623851549018 227.17934010830865
v 70.77576567059941 170.45497869576815 297.09063018545316
v 155.9640472067017 168.67197780382034 227.17934126085203
v 70.77576567059941 170.45497869576815 297.09063018545316
v 155.9640472067017 163.76774273745295 296.31662919974684
v 110.05803991681523 232.1202524632642 -135.4559716198289
v 54.73476101285405 235.3242644434289 -135.06897110423103
v 54.73476101285405 237.72925189320642 -100.70746598762992
v 110.05803991681523 232.1202524632642 -135.4559716198289
v 54.73476101285405 237.72925189320642 -100.70746598762992
v 110.05803991681523 235.29800227467615 -100.70746559152907
v 155.9640472067017 163.76774273745295 296.31662919974684
v 70.77576567059941 170.45497869576815 297.09063018545316
v 51.37751151448674 156.43900325994244 398.67363646674943
v 155.9640472067017 163.76774273745295 296.31662919974684
v 51.37751151448674 156.43900325994244 398.67363646674943
v 155.9640472067017 151.9964806647177 367.1501233965825
v 110.05803991681523 235.22050347648445 -69.2724766033776
v 54.73476101285405 238.42449757525765 -68.88546416684788
v 54.73476101285405 236.3555044499475 24.565301481953103
v 110.05803991681523 235.22050347648445 -69.2724766033776
v 54.73476101285405 236.3555044499475 24.565301481953103
v 110.05803991681523 233.15025275622173 24.565300514038764
v 110.05803991681523 233.15025275622173 24.565300514038764
v 54.73476101285405 236.3555044499475 24.565301481953103
v 54.73476101285405 230.20079261293188 86.79381077831245
v 110.05803991681523 233.15025275622173 24.565300514038764
v 54.73476101285405 230.20079261293188 86.79381077831245
v 110.05803991681523 226.60984758039538 64.67630986608268
v 102.78353144055791 223.4297388294076 -180.96273366221706
v 54.73476101285405 226.24648723705909 -182.26047028903136
v 54.73476101285405 235.3242644434289 -135.06897110423103
v 102.78353144055791 223.4297388294076 -180.96273366221706
v 54.73476101285405 235.3242644434289 -135.06897110423103
v 110.05803991681523 232.1202524632642 -135.4559716198289
v 138.70855022794194 175.12449055953368 -358.0920182803937
v 135.85441757565923 169.32429043958948 -361.84401051474254
v 91.83124948865361 172.79663709742297 -376.51266647596754
v 37.068015827002 180.91173609959893 -387.9195662966203
v 91.83124948865361 172.79663709742297 -376.51266647596754
v 35.98425139314122 174.23948575865788 -382.4962101070336
v 74.04626060849614 141.52148056850135 414.54087217348973
v 148.88854671842046 142.95024135338826 383.7363808976238
v 155.9640472067017 151.9964806647177 367.1501233965825
v 74.04626060849614 141.52148056850135 414.54087217348973
v 155.9640472067017 151.9964806647177 367.1501233965825
v 51.37751151448674 156.43900325994244 398.67363646674943
v -150.93721698397212 93.6827306340241 -357.24704956751094
v -121.39478276842647 112.36749839161672 -362.88884681635795
v -104.63150094622188 105.86540650700377 -362.8888457570327
v -39.77861951464229 141.46373728790803 -384.47379151340226
v -100.64499925249629 120.74322652195718 -362.88884818093726
v -121.97877715700679 126.45958688234109 -362.88884911225057
v 144.11154438382573 135.36947803691177 400.7098776160856
v 71.67027045613713 133.75697806258123 426.6416176859244
v 69.24326468831487 133.99197445187832 423.50717627190625
v 144.11154438382573 135.36947803691177 400.7098776160856
v 69.24326468831487 133.99197445187832 423.50717627190625
v 139.230782283606 134.94973018673994 400.5826098469468
v 69.24326468831487 133.99197445187832 423.50717627190625
v 67.14951444989629 109.31722904529096 431.85540683917384
v 70.80593754178471 110.71780253652989 422.33830913784675
v -139.23076938265376 134.94973018673994 400.5826098469468
v -135.02052377337031 115.39823014020524 411.318601649234
v -131.72318290346675 116.1757819543811 403.90559569369714
v 178.2195394170899 148.45489419651244 -213.1475368540642
v 174.6482913625855 127.8432327185473 -266.8305283385283
v 147.39279199963994 183.91474429466714 -290.18678442197955
v 147.39279199963994 183.91474429466714 -290.18678442197955
v 132.0187871587891 183.3874865180549 -205.16524083326962
v 148.5567157400269 174.8173277174059 -207.12356196203797
v 51.37751151448674 156.43900325994244 398.67363646674943
v 70.77576567059941 170.45497869576815 297.09063018545316
v 54.88201428777165 178.18799005777694 297.80435878398407
v 86.47127200490422 183.87675178105255 -293.3357693248475
v 132.0187871587891 183.3874865180549 -205.16524083326962
v 147.39279199963994 183.91474429466714 -290.18678442197955
v -151.17526601427608 166.71048919069844 -90.43170902535904
v -146.38653348558955 174.55898933415304 -133.53522640587974
v -179.61458514803462 142.53708206828156 -139.91254863101815
v -147.3927790986877 183.91474429466714 -290.18678442197955
v -138.7085373269897 175.12449055953368 -358.0920182803937
v -155.96403430574946 141.46374615364957 -357.4950603580079
v -147.3927790986877 183.91474429466714 -290.18678442197955
v -155.96403430574946 141.46374615364957 -357.4950603580079
v -174.64827846163325 127.8432327185473 -266.8305283385283
v 151.17527891522832 166.71048919069844 -90.43170902535904
v 179.61459804898686 142.53709398921052 -139.9125486310201
v 146.3865463865418 174.55898933415304 -133.53522640587974
v 151.17527891522832 166.71048919069844 -90.43170902535904
v 178.2195394170899 140.4574783765334 -96.81747816853465
v 179.61459804898686 142.53709398921052 -139.9125486310201
v -148.88853381746821 142.95024135338826 383.7363808976238
v -155.96403430574946 151.9964806647177 367.1501233965825
v -174.51177190416865 121.75221970684954 349.2781285833972
v -148.88853381746821 142.95024135338826 383.7363808976238
v -174.51177190416865 121.75221970684954 349.2781285833972
v -146.3340337144714 95.69572716842268 402.8680967415032
v 178.2195394170899 140.4574872919133 296.31663299746947
v 174.78603769666142 123.13798240522193 245.05287429878854
v 178.31996132260747 140.05405671456103 252.39177687728298
v 146.3865463865418 174.55898933415304 -133.53522640587974
v 179.61459804898686 142.53709398921052 -139.9125486310201
v 178.2195394170899 148.45489419651244 -213.1475368540642
v -155.96403430574946 151.9964806647177 367.1501233965825
v -155.96403430574946 163.76774273745295 296.31662919974684
v -178.21952651613765 140.4574872919133 296.31663299746947
v -155.96403430574946 151.9964806647177 367.1501233965825
v -178.21952651613765 140.4574872919133 296.31663299746947
v -174.51177190416865 121.75221970684954 349.2781285833972
v -146.38653348558955 174.55898933415304 -133.53522640587974
v -132.01877425783687 183.3874865180549 -205.16524083326962
v -148.55670283907466 174.8173277174059 -207.12356196203797
v -178.21952651613765 148.45489419651244 -213.1475368540642
v -174.92378305071406 126.85374806282249 -156.2696341648682
v -179.61458514803462 142.53708206828156 -139.91254863101815
v -155.96403430574946 168.67197780382034 227.17934126085203
v -147.98303197496944 169.16274987174955 149.98133645829887
v -178.21952651613765 140.4574738465536 145.19259668536637
v -178.21952651613765 140.4574738465536 145.19259668536637
v -174.78602479570918 123.13798240522193 245.05287429878854
v -178.31994842165523 140.05405671456103 252.39177687728298
v -151.17526601427608 168.20899684913422 51.02930547812457
v -151.17526601427608 166.71048919069844 -90.43170902535904
v -178.21952651613765 140.4574783765334 -96.81747816853465
v -151.17526601427608 168.20899684913422 51.02930547812457
v -178.21952651613765 140.4574783765334 -96.81747816853465
v -178.21952651613765 140.45747880823816 51.029304038956255
v -178.21952651613765 140.4574783765334 -96.81747816853465
v -174.92378305071406 126.85374806282249 -156.2696341648682
v -167.31153081530147 85.43121905473248 -134.84358152165856
v -178.21952651613765 140.4574783765334 -96.81747816853465
v -167.31153081530147 85.43121905473248 -134.84358152165856
v -167.8612882959228 88.2022213437215 -96.81747561553716
v -174.78602479570918 123.13798240522193 245.05287429878854
v -178.21952651613765 140.4574738465536 145.19259668536637
v -167.8612882959228 88.20222500937936 145.19259327789803
v -174.78602479570918 123.13798240522193 245.05287429878854
v -167.8612882959228 88.20222500937936 145.19259327789803
v -166.6935260164123 82.3134654831251 221.82220906731683
v -178.21952651613765 140.45747880823816 51.029304038956255
v -178.21952651613765 140.4574783765334 -96.81747816853465
v -167.8612882959228 88.2022213437215 -96.81747561553716
v -178.21952651613765 140.45747880823816 51.029304038956255
v -167.8612882959228 88.2022213437215 -96.81747561553716
v -167.8612882959228 88.20222754962572 51.02930361172055
v -146.3340337144714 95.69572716842268 402.8680967415032
v -174.51177190416865 121.75221970684954 349.2781285833972
v -166.15703652971797 79.60447026983321 368.95405784393625
v -146.3340337144714 95.69572716842268 402.8680967415032
v -166.15703652971797 79.60447026983321 368.95405784393625
v -140.5715401040893 69.40072002007159 397.5085944184479
v -174.64827846163325 127.8432327185473 -266.8305283385283
v -155.96403430574946 141.46374615364957 -357.4950603580079
v -150.93721698397212 93.6827306340241 -357.24704956751094
v -174.64827846163325 127.8432327185473 -266.8305283385283
v -150.93721698397212 93.6827306340241 -357.24704956751094
v -167.0857722627502 84.2929776136135 -289.42201675720753
v -132.01877425783687 183.3874865180549 -205.16524083326962
v -110.05802701586299 232.1202524632642 -135.4559716198289
v -102.78351853960567 223.4297388294076 -180.96273366221706
v -132.01877425783687 183.3874865180549 -205.16524083326962
v -102.78351853960567 223.4297388294076 -180.96273366221706
v -86.47127102488093 183.87675178105255 -293.3357693248475
v -147.98303197496944 169.16274987174955 149.98133645829887
v -151.17526601427608 168.20899684913422 51.02930547812457
v -178.21952651613765 140.45747880823816 51.029304038956255
v -147.98303197496944 169.16274987174955 149.98133645829887
v -178.21952651613765 140.45747880823816 51.029304038956255
v -178.21952651613765 140.4574738465536 145.19259668536637
v -178.21952651613765 140.4574738465536 145.19259668536637
v -178.21952651613765 140.45747880823816 51.029304038956255
v -167.8612882959228 88.20222754962572 51.02930361172055
v -178.21952651613765 140.4574738465536 145.19259668536637
v -167.8612882959228 88.20222754962572 51.02930361172055
v -167.8612882959228 88.20222500937936 145.19259327789803
v -77.5652701722961 175.74623851549018 227.17934010830865
v -57.791769014535475 183.48050141709066 226.92358723843503
v -56.085013853250075 186.2922418412369 181.7160863225801
v -77.5652701722961 175.74623851549018 227.17934010830865
v -56.085013853250075 186.2922418412369 181.7160863225801
v -71.97902153605037 178.5592419260569 178.09235167775208
v -70.77576469057612 170.45497869576815 297.09063018545316
v -54.882013307748366 178.18799005777694 297.80435878398407
v -57.791769014535475 183.48050141709066 226.92358723843503
v -70.77576469057612 170.45497869576815 297.09063018545316
v -57.791769014535475 183.48050141709066 226.92358723843503
v -77.5652701722961 175.74623851549018 227.17934010830865
v -39.77861951464229 141.46373728790803 -384.47379151340226
v -91.83124850863032 149.12783661396583 -377.6730935280337
v -35.984244452653456 149.12783470683226 -384.8058621590149
v -77.5652701722961 86.78971987831667 -368.34653002713867
v -39.77861951464229 141.46373728790803 -384.47379151340226
v -32.832025991616774 114.0517172691763 -379.75452969268093
v -88.01426838511043 80.32371767882663 430.8333587979238
v -69.3440193998199 103.78972155105552 436.5483913670385
v -139.43402122133784 110.2202214921682 413.3168839717205
v -88.01426838511043 80.32371767882663 430.8333587979238
v -139.43402122133784 110.2202214921682 413.3168839717205
v -146.3340337144714 95.69572716842268 402.8680967415032
v -146.3340337144714 95.69572716842268 402.8680967415032
v -139.43402122133784 110.2202214921682 413.3168839717205
v -144.1115314828735 135.36947803691177 400.7098776160856
v -146.3340337144714 95.69572716842268 402.8680967415032
v -144.1115314828735 135.36947803691177 400.7098776160856
v -148.88853381746821 142.95024135338826 383.7363808976238
v -69.3440193998199 103.78972155105552 436.5483913670385
v -67.149513469873 109.31722904529096 431.85540683917384
v -135.02052377337031 115.39823014020524 411.318601649234
v -69.3440193998199 103.78972155105552 436.5483913670385
v -135.02052377337031 115.39823014020524 411.318601649234
v -139.43402122133784 110.2202214921682 413.3168839717205
v -139.43402122133784 110.2202214921682 413.3168839717205
v -135.02052377337031 115.39823014020524 411.318601649234
v -139.23076938265376 134.94973018673994 400.5826098469468
v -139.43402122133784 110.2202214921682 413.3168839717205
v -139.23076938265376 134.94973018673994 400.5826098469468
v -144.1115314828735 135.36947803691177 400.7098776160856
v -147.98303197496944 169.16274987174955 149.98133645829887
v -155.96403430574946 168.67197780382034 227.17934126085203
v -77.5652701722961 175.74623851549018 227.17934010830865
v -147.98303197496944 169.16274987174955 149.98133645829887
v -77.5652701722961 175.74623851549018 227.17934010830865
v -71.97902153605037 178.5592419260569 178.09235167775208
v -140.5715401040893 69.40072002007159 397.5085944184479
v -127.27107356661372 73.92114326530684 403.8000308310254
v -129.51071809404903 84.14088447227996 405.88299692419696
v -146.3340337144714 95.69572716842268 402.8680967415032
v -129.51071809404903 84.14088447227996 405.88299692419696
v -106.84432338350825 78.16643851584249 416.7518810304925
v -148.88853381746821 142.95024135338826 383.7363808976238
v -144.1115314828735 135.36947803691177 400.7098776160856
v -71.67026947611384 133.75697806258123 426.6416176859244
v -148.88853381746821 142.95024135338826 383.7363808976238
v -71.67026947611384 133.75697806258123 426.6416176859244
v -74.04625962847285 141.52148056850135 414.54087217348973
v -110.05802701586299 235.29800227467615 -100.70746559152907
v -110.05802701586299 235.22050347648445 -69.2724766033776
v -54.73476003283076 238.42449757525765 -68.88546416684788
v -110.05802701586299 235.29800227467615 -100.70746559152907
v -54.73476003283076 238.42449757525765 -68.88546416684788
v -54.73476003283076 237.72925189320642 -100.70746598762992
v -138.7085373269897 175.12449055953368 -358.0920182803937
v -86.47127102488093 183.87675178105255 -293.3357693248475
v -45.822509633241225 187.46901188862682 -302.93826891827973
v -138.7085373269897 175.12449055953368 -358.0920182803937
v -45.822509633241225 187.46901188862682 -302.93826891827973
v -37.068008886514235 180.91173609959893 -387.9195662966203
v -155.96403430574946 168.67197780382034 227.17934126085203
v -155.96403430574946 163.76774273745295 296.31662919974684
v -70.77576469057612 170.45497869576815 297.09063018545316
v -155.96403430574946 168.67197780382034 227.17934126085203
v -70.77576469057612 170.45497869576815 297.09063018545316
v -77.5652701722961 175.74623851549018 227.17934010830865
v -110.05802701586299 232.1202524632642 -135.4559716198289
v -110.05802701586299 235.29800227467615 -100.70746559152907
v -54.73476003283076 237.72925189320642 -100.70746598762992
v -110.05802701586299 232.1202524632642 -135.4559716198289
v -54.73476003283076 237.72925189320642 -100.70746598762992
v -54.73476003283076 235.3242644434289 -135.06897110423103
v -155.96403430574946 163.76774273745295 296.31662919974684
v -155.96403430574946 151.9964806647177 367.1501233965825
v -51.377510534463454 156.43900325994244 398.67363646674943
v -155.96403430574946 163.76774273745295 296.31662919974684
v -51.377510534463454 156.43900325994244 398.67363646674943
v -70.77576469057612 170.45497869576815 297.09063018545316
v -110.05802701586299 235.22050347648445 -69.2724766033776
v -110.05802701586299 233.15025275622173 24.565300514038764
v -54.73476003283076 236.3555044499475 24.565301481953103
v -110.05802701586299 235.22050347648445 -69.2724766033776
v -54.73476003283076 236.3555044499475 24.565301481953103
v -54.73476003283076 238.42449757525765 -68.88546416684788
v -110.05802701586299 233.15025275622173 24.565300514038764
v -110.05802701586299 226.60984758039538 64.67630986608268
v -54.73476003283076 230.20079261293188 86.79381077831245
v -110.05802701586299 233.15025275622173 24.565300514038764
v -54.73476003283076 230.20079261293188 86.79381077831245
v -54.73476003283076 236.3555044499475 24.565301481953103
v -102.78351853960567 223.4297388294076 -180.96273366221706
v -110.05802701586299 232.1202524632642 -135.4559716198289
v -54.73476003283076 235.3242644434289 -135.06897110423103
v -102.78351853960567 223.4297388294076 -180.96273366221706
v -54.73476003283076 235.3242644434289 -135.06897110423103
v -54.73476003283076 226.24648723705909 -182.26047028903136
v -138.7085373269897 175.12449055953368 -358.0920182803937
v -37.068008886514235 180.91173609959893 -387.9195662966203
v -91.83124850863032 172.79663709742297 -376.51266647596754
v -155.96403430574946 151.9964806647177 367.1501233965825
v -148.88853381746821 142.95024135338826 383.7363808976238
v -74.04625962847285 141.52148056850135 414.54087217348973
v -155.96403430574946 151.9964806647177 367.1501233965825
v -74.04625962847285 141.52148056850135 414.54087217348973
v -51.377510534463454 156.43900325994244 398.67363646674943
v 39.77862645513005 141.46373728790803 -384.47379151340226
v 155.9640472067017 141.46374615364957 -357.4950603580079
v 121.97879005795903 126.45958688234109 -362.88884911225057
v -77.5652701722961 86.78971987831667 -368.34653002713867
v -104.63150094622188 105.86540650700377 -362.8888457570327
v -100.64499925249629 120.74322652195718 -362.88884818093726
v -144.1115314828735 135.36947803691177 400.7098776160856
v -139.23076938265376 134.94973018673994 400.5826098469468
v -69.24326370829158 133.99197445187832 423.50717627190625
v -144.1115314828735 135.36947803691177 400.7098776160856
v -69.24326370829158 133.99197445187832 423.50717627190625
v -71.67026947611384 133.75697806258123 426.6416176859244
v -135.02052377337031 115.39823014020524 411.318601649234
v -67.149513469873 109.31722904529096 431.85540683917384
v -70.8059425222259 110.71780253652989 422.33830913784675
v 139.230782283606 134.94973018673994 400.5826098469468
v 69.24326468831487 133.99197445187832 423.50717627190625
v 72.68517066365666 132.86449009000546 414.845381793121
v -148.55670283907466 174.8173277174059 -207.12356196203797
v -132.01877425783687 183.3874865180549 -205.16524083326962
v -147.3927790986877 183.91474429466714 -290.18678442197955
v -178.21952651613765 148.45489419651244 -213.1475368540642
v -147.3927790986877 183.91474429466714 -290.18678442197955
v -174.64827846163325 127.8432327185473 -266.8305283385283
v -51.377510534463454 156.43900325994244 398.67363646674943
v -54.882013307748366 178.18799005777694 297.80435878398407
v -70.77576469057612 170.45497869576815 297.09063018545316
v -139.23076938265376 134.94973018673994 400.5826098469468
v -135.5020696985107 133.72411349289897 394.2695721743106
v -72.68516968363338 132.86449009000546 414.845381793121
v 139.230782283606 134.94973018673994 400.5826098469468
v 135.50208259946294 133.72411349289897 394.2695721743106
v 131.723195804419 116.1757819543811 403.90559569369714
v 135.02053667432256 115.39823014020524 411.318601649234
v 131.723195804419 116.1757819543811 403.90559569369714
v 70.80593754178471 110.71780253652989 422.33830913784675
v -69.24326370829158 133.99197445187832 423.50717627190625
v -72.68516968363338 132.86449009000546 414.845381793121
v -70.8059425222259 110.71780253652989 422.33830913784675
v 146.33404661542363 95.69572716842268 402.8680967415032
v 88.01426936513371 80.32371767882663 430.8333587979238
v 106.8443362844605 78.16643851584249 416.7518810304925
v -95.81927608126216 59.82696663040049 423.64890435833763
v -88.01426838511043 80.32371767882663 430.8333587979238
v -106.84432338350825 78.16643851584249 416.7518810304925
v 140.57155300504155 69.40072002007159 397.5085944184479
v 127.27108646756596 73.92114326530684 403.8000308310254
v 109.8778073919434 70.20023556344292 413.9596192973458
v 95.81927706128545 59.82696663040049 423.64890435833763
v 109.8778073919434 70.20023556344292 413.9596192973458
v 106.8443362844605 78.16643851584249 416.7518810304925
v 155.9640472067017 168.67197780382034 227.17934126085203
v 178.31996132260747 140.05405671456103 252.39177687728298
v 178.2195394170899 140.4574738465536 145.19259668536637
v -155.96403430574946 168.67197780382034 227.17934126085203
v -178.21952651613765 140.4574738465536 145.19259668536637
v -178.31994842165523 140.05405671456103 252.39177687728298
v 132.0187871587891 183.3874865180549 -205.16524083326962
v 146.3865463865418 174.55898933415304 -133.53522640587974
v 148.5567157400269 174.8173277174059 -207.12356196203797
v -178.31994842165523 140.05405671456103 252.39177687728298
v -174.78602479570918 123.13798240522193 245.05287429878854
v -178.21952651613765 140.4574872919133 296.31663299746947
v -155.96403430574946 163.76774273745295 296.31662919974684
v -155.96403430574946 168.67197780382034 227.17934126085203
v -178.31994842165523 140.05405671456103 252.39177687728298
v -155.96403430574946 163.76774273745295 296.31662919974684
v -178.31994842165523 140.05405671456103 252.39177687728298
v -178.21952651613765 140.4574872919133 296.31663299746947
v 155.9640472067017 163.76774273745295 296.31662919974684
v 178.2195394170899 140.4574872919133 296.31663299746947
v 178.31996132260747 140.05405671456103 252.39177687728298
v 155.9640472067017 163.76774273745295 296.31662919974684
v 178.31996132260747 140.05405671456103 252.39177687728298
v 155.9640472067017 168.67197780382034 227.17934126085203
v -146.38653348558955 174.55898933415304 -133.53522640587974
v -178.21952651613765 148.45489419651244 -213.1475368540642
v -179.61458514803462 142.53708206828156 -139.91254863101815
v 178.2195394170899 140.4574783765334 -96.81747816853465
v 174.9237959516663 126.85374806282249 -156.2696341648682
v 179.61459804898686 142.53709398921052 -139.9125486310201
v -147.3927790986877 183.91474429466714 -290.18678442197955
v -132.01877425783687 183.3874865180549 -205.16524083326962
v -86.47127102488093 183.87675178105255 -293.3357693248475
v -179.61458514803462 142.53708206828156 -139.91254863101815
v -174.92378305071406 126.85374806282249 -156.2696341648682
v -178.21952651613765 140.4574783765334 -96.81747816853465
v -151.17526601427608 166.71048919069844 -90.43170902535904
v -179.61458514803462 142.53708206828156 -139.91254863101815
v -178.21952651613765 140.4574783765334 -96.81747816853465
v 155.9640472067017 141.46374615364957 -357.4950603580079
v 39.77862645513005 141.46373728790803 -384.47379151340226
v 91.83124948865361 149.12784853489478 -377.6730935280356
v -155.96403430574946 141.46374615364957 -357.4950603580079
v -148.27836106890254 149.127842231434 -361.48585483479707
v -91.83124850863032 149.12783661396583 -377.6730935280337
v -138.7085373269897 175.12449055953368 -358.0920182803937
v -135.85440467470698 169.32429043958948 -361.84401051474254
v -148.27836106890254 149.127842231434 -361.48585483479707
v 150.93722988492436 93.6827306340241 -357.24704956751094
v 121.39479566937871 112.36749839161672 -362.88884681635795
v 121.97879005795903 126.45958688234109 -362.88884911225057
v 77.56527115231938 86.78971987831667 -368.34653002713867
v 39.77862645513005 141.46373728790803 -384.47379151340226
v 100.64501215344853 120.74322652195718 -362.88884818093726
v 150.93722988492436 93.6827306340241 -357.24704956751094
v 77.56527115231938 86.78971987831667 -368.34653002713867
v 104.63151384717412 105.86540650700377 -362.8888457570327
v -150.93721698397212 93.6827306340241 -357.24704956751094
v -155.96403430574946 141.46374615364957 -357.4950603580079
v -121.97877715700679 126.45958688234109 -362.88884911225057
v 39.77862645513005 141.46373728790803 -384.47379151340226
v 77.56527115231938 86.78971987831667 -368.34653002713867
v 32.83203889256902 114.0517172691763 -379.75452969268093
v 135.85441757565923 169.32429043958948 -361.84401051474254
v 138.70855022794194 175.12449055953368 -358.0920182803937
v 148.27837396985478 149.12785415236294 -361.485854834799
v 127.27108646756596 73.92114326530684 403.8000308310254
v 140.57155300504155 69.40072002007159 397.5085944184479
v 129.51073099500127 84.14088447227996 405.88299692419696
v -127.27107356661372 73.92114326530684 403.8000308310254
v -140.5715401040893 69.40072002007159 397.5085944184479
v -109.87779449099116 70.20023556344292 413.9596192973458
v 37.068015827002 180.91173609959893 -387.9195662966203
v 138.70855022794194 175.12449055953368 -358.0920182803937
v 91.83124948865361 172.79663709742297 -376.51266647596754
v -77.5652701722961 86.78971987831667 -368.34653002713867
v -150.93721698397212 93.6827306340241 -357.24704956751094
v -104.63150094622188 105.86540650700377 -362.8888457570327
v -155.96403430574946 141.46374615364957 -357.4950603580079
v -39.77861951464229 141.46373728790803 -384.47379151340226
v -121.97877715700679 126.45958688234109 -362.88884911225057
v 72.68517066365666 132.86449009000546 414.845381793121
v 69.24326468831487 133.99197445187832 423.50717627190625
v 70.80593754178471 110.71780253652989 422.33830913784675
v -135.5020696985107 133.72411349289897 394.2695721743106
v -139.23076938265376 134.94973018673994 400.5826098469468
v -131.72318290346675 116.1757819543811 403.90559569369714
v -32.832025991616774 90.9091529724542 -379.7545259222787
v -77.5652701722961 86.78971987831667 -368.34653002713867
v -32.832025991616774 114.0517172691763 -379.75452969268093
v -146.3340337144714 95.69572716842268 402.8680967415032
v -140.5715401040893 69.40072002007159 397.5085944184479
v -129.51071809404903 84.14088447227996 405.88299692419696
v -88.01426838511043 80.32371767882663 430.8333587979238
v -146.3340337144714 95.69572716842268 402.8680967415032
v -106.84432338350825 78.16643851584249 416.7518810304925
v -91.83124850863032 172.79663709742297 -376.51266647596754
v -37.068008886514235 180.91173609959893 -387.9195662966203
v -35.984244452653456 174.23948575865788 -382.4962101070336
v -135.85440467470698 169.32429043958948 -361.84401051474254
v -138.7085373269897 175.12449055953368 -358.0920182803937
v -91.83124850863032 172.79663709742297 -376.51266647596754
v 100.64501215344853 120.74322652195718 -362.88884818093726
v 39.77862645513005 141.46373728790803 -384.47379151340226
v 121.97879005795903 126.45958688234109 -362.88884911225057
v -39.77861951464229 141.46373728790803 -384.47379151340226
v -77.5652701722961 86.78971987831667 -368.34653002713867
v -100.64499925249629 120.74322652195718 -362.88884818093726
v -131.72318290346675 116.1757819543811 403.90559569369714
v -135.02052377337031 115.39823014020524 411.318601649234
v -70.8059425222259 110.71780253652989 422.33830913784675
v 135.50208259946294 133.72411349289897 394.2695721743106
v 139.230782283606 134.94973018673994 400.5826098469468
v 72.68517066365666 132.86449009000546 414.845381793121
v -69.24326370829158 133.99197445187832 423.50717627190625
v -139.23076938265376 134.94973018673994 400.5826098469468
v -72.68516968363338 132.86449009000546 414.845381793121
v 135.02053667432256 115.39823014020524 411.318601649234
v 139.230782283606 134.94973018673994 400.5826098469468
v 131.723195804419 116.1757819543811 403.90559569369714
v 67.14951444989629 109.31722904529096 431.85540683917384
v 135.02053667432256 115.39823014020524 411.318601649234
v 70.80593754178471 110.71780253652989 422.33830913784675
v -67.149513469873 109.31722904529096 431.85540683917384
v -69.24326370829158 133.99197445187832 423.50717627190625
v -70.8059425222259 110.71780253652989 422.33830913784675
v 129.51073099500127 84.14088447227996 405.88299692419696
v 146.33404661542363 95.69572716842268 402.8680967415032
v 106.8443362844605 78.16643851584249 416.7518810304925
v -109.87779449099116 70.20023556344292 413.9596192973458
v -95.81927608126216 59.82696663040049 423.64890435833763
v -106.84432338350825 78.16643851584249 416.7518810304925
v 95.81927706128545 59.82696663040049 423.64890435833763
v 140.57155300504155 69.40072002007159 397.5085944184479
v 109.8778073919434 70.20023556344292 413.9596192973458
v 88.01426936513371 80.32371767882663 430.8333587979238
v 95.81927706128545 59.82696663040049 423.64890435833763
v 106.8443362844605 78.16643851584249 416.7518810304925
v 91.83124948865361 149.12784853489478 -377.6730935280356
v 39.77862645513005 141.46373728790803 -384.47379151340226
v 35.98425139314122 149.12784662776122 -384.80586215901684
v 148.27837396985478 149.12785415236294 -361.485854834799
v 155.9640472067017 141.46374615364957 -357.4950603580079
v 91.83124948865361 149.12784853489478 -377.6730935280356
v -39.77861951464229 141.46373728790803 -384.47379151340226
v -155.96403430574946 141.46374615364957 -357.4950603580079
v -91.83124850863032 149.12783661396583 -377.6730935280337
v -155.96403430574946 141.46374615364957 -357.4950603580079
v -138.7085373269897 175.12449055953368 -358.0920182803937
v -148.27836106890254 149.127842231434 -361.48585483479707
v 155.9640472067017 141.46374615364957 -357.4950603580079
v 150.93722988492436 93.6827306340241 -357.24704956751094
v 121.97879005795903 126.45958688234109 -362.88884911225057
v 104.63151384717412 105.86540650700377 -362.8888457570327
v 77.56527115231938 86.78971987831667 -368.34653002713867
v 100.64501215344853 120.74322652195718 -362.88884818093726
v 121.39479566937871 112.36749839161672 -362.88884681635795
v 150.93722988492436 93.6827306340241 -357.24704956751094
v 104.63151384717412 105.86540650700377 -362.8888457570327
v -121.39478276842647 112.36749839161672 -362.88884681635795
v -150.93721698397212 93.6827306340241 -357.24704956751094
v -121.97877715700679 126.45958688234109 -362.88884911225057
vt 0.9844340085983276 0.21357399225234985
vt 0.9134089946746826 0.20397400856018066
vt 0.9099550247192383 0.2039330005645752
vt 0.9844340085983276 0.21357399225234985
vt 0.9099550247192383 0.2039330005645752
vt 0.9134089946746826 0.20397400856018066
vt 0.9099550247192383 0.2039330005645752
vt 0.8843380212783813 0.27135300636291504
vt 0.983780026435852 0.25049299001693726
vt 0.9099550247192383 0.2039330005645752
vt 0.983780026435852 0.25049299001693726
vt 0.9844340085983276 0.21357399225234985
vt 0.8254579901695251 0.25159597396850586
vt 0.8188508749008179 0.2160625457763672
vt 0.9099550247192383 0.2039330005645752
vt 0.8254579901695251 0.25159597396850586
vt 0.7381380200386047 0.21419501304626465
vt 0.8188508749008179 0.2160625457763672
vt 0.17078900337219238 0.24886298179626465
vt 0.14980599284172058 0.30069202184677124
vt 0.2085839956998825 0.27211302518844604
vt 0.17078900337219238 0.24886298179626465
vt 0.2085839956998825 0.27211302518844604
vt 0.18898099660873413 0.2389410138130188
vt 0.8254579901695251 0.25159597396850586
vt 0.9099550247192383 0.2039330005645752
vt 0.8188508749008179 0.2160625457763672
vt 0.18898099660873413 0.2389410138130188
vt 0.2085839956998825 0.27211302518844604
vt 0.2666729986667633 0.25159597396850586
vt 0.18898099660873413 0.2389410138130188
vt 0.2666729986667633 0.25159597396850586
vt 0.2666729986667633 0.22602999210357666
vt 0.7527058124542236 0.25088024139404297
vt 0.7602319717407227 0.2698330283164978
vt 0.8254579901695251 0.25159597396850586
vt 0.7381380200386047 0.21419501304626465
vt 0.8254579901695251 0.25159597396850586
vt 0.8188508749008179 0.2160625457763672
vt 0.3301882743835449 0.25202202796936035
vt 0.3228990137577057 0.27059298753738403
vt 0.43242698907852173 0.25159597396850586
vt 0.34250199794769287 0.22065001726150513
vt 0.43242698907852173 0.25159597396850586
vt 0.42717400193214417 0.22011202573776245
vt 0.5357059836387634 0.2211589813232422
vt 0.5357059836387634 0.25159597396850586
vt 0.6978660225868225 0.25159597396850586
vt 0.5357059836387634 0.2211589813232422
vt 0.6978660225868225 0.25159597396850586
vt 0.6908619999885559 0.22280198335647583
vt 0.6978660225868225 0.25159597396850586
vt 0.6978660225868225 0.3089110255241394
vt 0.7424150109291077 0.31195002794265747
vt 0.6978660225868225 0.25159597396850586
vt 0.7424150109291077 0.31195002794265747
vt 0.7602319717407227 0.2698330283164978
vt 0.3228990137577057 0.27059298753738403
vt 0.3445889949798584 0.31537002325057983
vt 0.43242698907852173 0.3089110255241394
vt 0.3228990137577057 0.27059298753738403
vt 0.43242698907852173 0.3089110255241394
vt 0.43242698907852173 0.25159597396850586
vt 0.5357059836387634 0.25159597396850586
vt 0.5357059836387634 0.3089110255241394
vt 0.6978660225868225 0.3089110255241394
vt 0.5357059836387634 0.25159597396850586
vt 0.6978660225868225 0.3089110255241394
vt 0.6978660225868225 0.25159597396850586
vt 0.14980599284172058 0.30069202184677124
vt 0.15568499267101288 0.3295329809188843
vt 0.18984399735927582 0.3183410167694092
vt 0.14980599284172058 0.30069202184677124
vt 0.18984399735927582 0.3183410167694092
vt 0.2085839956998825 0.27211302518844604
vt 0.8843380212783813 0.27135300636291504
vt 0.9091169834136963 0.313198983669281
vt 0.9835079908370972 0.3029000163078308
vt 0.8843380212783813 0.27135300636291504
vt 0.9835079908370972 0.3029000163078308
vt 0.983780026435852 0.25049299001693726
vt 0.8167030215263367 0.20451098680496216
vt 0.9134089946746826 0.20397400856018066
vt 0.7901570200920105 0.1605929732322693
vt 0.8167030215263367 0.20451098680496216
vt 0.7901570200920105 0.1605929732322693
vt 0.74024498462677 0.15105998516082764
vt 0.42717400193214417 0.22011202573776245
vt 0.43242698907852173 0.25159597396850586
vt 0.5357059836387634 0.25159597396850586
vt 0.42717400193214417 0.22011202573776245
vt 0.5357059836387634 0.25159597396850586
vt 0.5357059836387634 0.2211589813232422
vt 0.43242698907852173 0.25159597396850586
vt 0.43242698907852173 0.3089110255241394
vt 0.5357059836387634 0.3089110255241394
vt 0.43242698907852173 0.25159597396850586
vt 0.5357059836387634 0.3089110255241394
vt 0.5357059836387634 0.25159597396850586
vt 0.10467100143432617 0.7881540060043335
vt 0.09830600023269653 0.7322269976139069
vt 0.08142799884080887 0.7425079941749573
vt 0.10467100143432617 0.7881540060043335
vt 0.08142799884080887 0.7425079941749573
vt 0.08214200288057327 0.7878630012273788
vt 0.09693600237369537 0.867806002497673
vt 0.10467100143432617 0.7881540060043335
vt 0.08214200288057327 0.7878630012273788
vt 0.09693600237369537 0.867806002497673
vt 0.08214200288057327 0.7878630012273788
vt 0.07882700115442276 0.8686189949512482
vt 0.5036410093307495 0.592415988445282
vt 0.5036410093307495 0.592415988445282
vt 0.5036410093307495 0.4847699999809265
vt 0.9844340085983276 0.21357399225234985
vt 0.983780026435852 0.25049299001693726
vt 0.983780026435852 0.25049299001693726
vt 0.49274298548698425 0.8470840007066727
vt 0.6075649857521057 0.8168189972639084
vt 0.5939800143241882 0.788222000002861
vt 0.49274298548698425 0.8470840007066727
vt 0.5939800143241882 0.788222000002861
vt 0.4559839963912964 0.8008829951286316
vt 0.6075649857521057 0.8168189972639084
vt 0.6125959753990173 0.7237820029258728
vt 0.603190004825592 0.7387059926986694
vt 0.6075649857521057 0.8168189972639084
vt 0.603190004825592 0.7387059926986694
vt 0.5939800143241882 0.788222000002861
vt 0.4559839963912964 0.8008829951286316
vt 0.5939800143241882 0.788222000002861
vt 0.5852929949760437 0.7780269980430603
vt 0.4559839963912964 0.8008829951286316
vt 0.5852929949760437 0.7780269980430603
vt 0.451664000749588 0.7900000065565109
vt 0.5939800143241882 0.788222000002861
vt 0.603190004825592 0.7387059926986694
vt 0.5928069949150085 0.7449589967727661
vt 0.5939800143241882 0.788222000002861
vt 0.5928069949150085 0.7449589967727661
vt 0.5852929949760437 0.7780269980430603
vt 0.18490000069141388 0.7001990079879761
vt 0.09830600023269653 0.7322269976139069
vt 0.10467100143432617 0.7881540060043335
vt 0.18490000069141388 0.7001990079879761
vt 0.10467100143432617 0.7881540060043335
vt 0.19399499893188477 0.7881540060043335
vt 0.15568499267101288 0.3295329809188843
vt 0.14980599284172058 0.30069202184677124
vt 0.14980599284172058 0.30069202184677124
vt 0.5962200164794922 0.8685899972915649
vt 0.508109986782074 0.8874389976263046
vt 0.508109986782074 0.8874389976263046
vt 0.6125959753990173 0.7237820029258728
vt 0.4652419984340668 0.7265940010547638
vt 0.460563987493515 0.7418799996376038
vt 0.6125959753990173 0.7237820029258728
vt 0.460563987493515 0.7418799996376038
vt 0.603190004825592 0.7387059926986694
vt 0.14169099926948547 0.41457802057266235
vt 0.07865899801254272 0.41457802057266235
vt 0.07865899801254272 0.4508339762687683
vt 0.14169099926948547 0.41457802057266235
vt 0.07865899801254272 0.4508339762687683
vt 0.14169099926948547 0.45039302110671997
vt 0.17433500289916992 0.12132900953292847
vt 0.10467100143432617 0.09347498416900635
vt 0.06850499659776688 0.1841679811477661
vt 0.17433500289916992 0.12132900953292847
vt 0.06850499659776688 0.1841679811477661
vt 0.11481799930334091 0.19510900974273682
vt 0.19399499893188477 0.7881540060043335
vt 0.10467100143432617 0.7881540060043335
vt 0.09693600237369537 0.867806002497673
vt 0.19399499893188477 0.7881540060043335
vt 0.09693600237369537 0.867806002497673
vt 0.19399499893188477 0.8669240027666092
vt 0.14169099926948547 0.37498700618743896
vt 0.07865899801254272 0.3754280209541321
vt 0.07865899801254272 0.41457802057266235
vt 0.14169099926948547 0.37498700618743896
vt 0.07865899801254272 0.41457802057266235
vt 0.14169099926948547 0.41457802057266235
vt 0.19399499893188477 0.8669240027666092
vt 0.09693600237369537 0.867806002497673
vt 0.07483399659395218 0.9835439994931221
vt 0.19399499893188477 0.8669240027666092
vt 0.07483399659395218 0.9835439994931221
vt 0.19399499893188477 0.9476290009915829
vt 0.14169099926948547 0.45039302110671997
vt 0.07865899801254272 0.4508339762687683
vt 0.07865899801254272 0.5573070049285889
vt 0.14169099926948547 0.45039302110671997
vt 0.07865899801254272 0.5573070049285889
vt 0.14169099926948547 0.5573070049285889
vt 0.14169099926948547 0.5573070049285889
vt 0.07865899801254272 0.5573070049285889
vt 0.07865899801254272 0.6282060146331787
vt 0.14169099926948547 0.5573070049285889
vt 0.07865899801254272 0.6282060146331787
vt 0.14169099926948547 0.6030069887638092
vt 0.1334030032157898 0.323140025138855
vt 0.07865899801254272 0.32166099548339844
vt 0.07865899801254272 0.3754280209541321
vt 0.1334030032157898 0.323140025138855
vt 0.07865899801254272 0.3754280209541321
vt 0.14169099926948547 0.37498700618743896
vt 0.17433500289916992 0.12132900953292847
vt 0.17433500289916992 0.12132900953292847
vt 0.10467100143432617 0.09347498416900635
vt 0.10467100143432617 0.09347498416900635
vt 0.10467100143432617 0.09347498416900635
vt 0.016297999769449234 0.08211201429367065
vt 0.4652419984340668 0.7265940010547638
vt 0.6125959753990173 0.7237820029258728
vt 0.6265270113945007 0.7059710025787354
vt 0.4652419984340668 0.7265940010547638
vt 0.6265270113945007 0.7059710025787354
vt 0.4206109941005707 0.6972239911556244
vt 0.37871599197387695 0.5788449943065643
vt 0.37871599197387695 0.5788449943065643
vt 0.5036410093307495 0.592415988445282
vt 0.5036410093307495 0.4847699999809265
vt 0.5036410093307495 0.4847699999809265
vt 0.3492850065231323 0.4847699999809265
vt 0.603190004825592 0.7387059926986694
vt 0.460563987493515 0.7418799996376038
vt 0.45578598976135254 0.7483949959278107
vt 0.603190004825592 0.7387059926986694
vt 0.45578598976135254 0.7483949959278107
vt 0.5928069949150085 0.7449589967727661
vt 0.45578598976135254 0.7483949959278107
vt 0.451664000749588 0.7900000065565109
vt 0.451664000749588 0.7900000065565109
vt 0.5928069949150085 0.7449589967727661
vt 0.5852929949760437 0.7780269980430603
vt 0.5852929949760437 0.7780269980430603
vt 0.8254579901695251 0.25159597396850586
vt 0.8843380212783813 0.27135300636291504
vt 0.9099550247192383 0.2039330005645752
vt 0.9099550247192383 0.2039330005645752
vt 0.8167030215263367 0.20451098680496216
vt 0.8188508749008179 0.2160625457763672
vt 0.07483399659395218 0.9835439994931221
vt 0.09693600237369537 0.867806002497673
vt 0.07882700115442276 0.8686189949512482
vt 0.9134089946746826 0.20397400856018066
vt 0.8167030215263367 0.20451098680496216
vt 0.9099550247192383 0.2039330005645752
vt 0.6908619999885559 0.22280198335647583
vt 0.7381380200386047 0.21419501304626465
vt 0.7339226007461548 0.25199592113494873
vt 0.9099550247192383 0.2039330005645752
vt 0.9844340085983276 0.21357399225234985
vt 0.983780026435852 0.25049299001693726
vt 0.9099550247192383 0.2039330005645752
vt 0.983780026435852 0.25049299001693726
vt 0.8843380212783813 0.27135300636291504
vt 0.6908619999885559 0.22280198335647583
vt 0.7527058124542236 0.25088024139404297
vt 0.7381380200386047 0.21419501304626465
vt 0.6908619999885559 0.22280198335647583
vt 0.6978660225868225 0.25159597396850586
vt 0.7339226007461548 0.25199592113494873
vt 0.17078900337219238 0.24886298179626465
vt 0.18898099660873413 0.2389410138130188
vt 0.2085839956998825 0.27211302518844604
vt 0.17078900337219238 0.24886298179626465
vt 0.2085839956998825 0.27211302518844604
vt 0.14980599284172058 0.30069202184677124
vt 0.2666729986667633 0.25159597396850586
vt 0.3228990137577057 0.27059298753738403
vt 0.2995108664035797 0.2520562410354614
vt 0.7381380200386047 0.21419501304626465
vt 0.7527058124542236 0.25088024139404297
vt 0.8254579901695251 0.25159597396850586
vt 0.18898099660873413 0.2389410138130188
vt 0.2666729986667633 0.22602999210357666
vt 0.2666729986667633 0.25159597396850586
vt 0.18898099660873413 0.2389410138130188
vt 0.2666729986667633 0.25159597396850586
vt 0.2085839956998825 0.27211302518844604
vt 0.7381380200386047 0.21419501304626465
vt 0.8167030215263367 0.20451098680496216
vt 0.8188508749008179 0.2160625457763672
vt 0.8254579901695251 0.25159597396850586
vt 0.7602319717407227 0.2698330283164978
vt 0.7527058124542236 0.25088024139404297
vt 0.34250199794769287 0.22065001726150513
vt 0.42717400193214417 0.22011202573776245
vt 0.43242698907852173 0.25159597396850586
vt 0.43242698907852173 0.25159597396850586
vt 0.3228990137577057 0.27059298753738403
vt 0.3301882743835449 0.25202202796936035
vt 0.5357059836387634 0.2211589813232422
vt 0.6908619999885559 0.22280198335647583
vt 0.6978660225868225 0.25159597396850586
vt 0.5357059836387634 0.2211589813232422
vt 0.6978660225868225 0.25159597396850586
vt 0.5357059836387634 0.25159597396850586
vt 0.6978660225868225 0.25159597396850586
vt 0.7602319717407227 0.2698330283164978
vt 0.7424150109291077 0.31195002794265747
vt 0.6978660225868225 0.25159597396850586
vt 0.7424150109291077 0.31195002794265747
vt 0.6978660225868225 0.3089110255241394
vt 0.3228990137577057 0.27059298753738403
vt 0.43242698907852173 0.25159597396850586
vt 0.43242698907852173 0.3089110255241394
vt 0.3228990137577057 0.27059298753738403
vt 0.43242698907852173 0.3089110255241394
vt 0.3445889949798584 0.31537002325057983
vt 0.5357059836387634 0.25159597396850586
vt 0.6978660225868225 0.25159597396850586
vt 0.6978660225868225 0.3089110255241394
vt 0.5357059836387634 0.25159597396850586
vt 0.6978660225868225 0.3089110255241394
vt 0.5357059836387634 0.3089110255241394
vt 0.14980599284172058 0.30069202184677124
vt 0.2085839956998825 0.27211302518844604
vt 0.18984399735927582 0.3183410167694092
vt 0.14980599284172058 0.30069202184677124
vt 0.18984399735927582 0.3183410167694092
vt 0.15568499267101288 0.3295329809188843
vt 0.8843380212783813 0.27135300636291504
vt 0.983780026435852 0.25049299001693726
vt 0.9835079908370972 0.3029000163078308
vt 0.8843380212783813 0.27135300636291504
vt 0.9835079908370972 0.3029000163078308
vt 0.9091169834136963 0.313198983669281
vt 0.8167030215263367 0.20451098680496216
vt 0.74024498462677 0.15105998516082764
vt 0.7901570200920105 0.1605929732322693
vt 0.8167030215263367 0.20451098680496216
vt 0.7901570200920105 0.1605929732322693
vt 0.9134089946746826 0.20397400856018066
vt 0.42717400193214417 0.22011202573776245
vt 0.5357059836387634 0.2211589813232422
vt 0.5357059836387634 0.25159597396850586
vt 0.42717400193214417 0.22011202573776245
vt 0.5357059836387634 0.25159597396850586
vt 0.43242698907852173 0.25159597396850586
vt 0.43242698907852173 0.25159597396850586
vt 0.5357059836387634 0.25159597396850586
vt 0.5357059836387634 0.3089110255241394
vt 0.43242698907852173 0.25159597396850586
vt 0.5357059836387634 0.3089110255241394
vt 0.43242698907852173 0.3089110255241394
vt 0.10467100143432617 0.7881540060043335
vt 0.08214200288057327 0.7878630012273788
vt 0.08142799884080887 0.7425079941749573
vt 0.10467100143432617 0.7881540060043335
vt 0.08142799884080887 0.7425079941749573
vt 0.09830600023269653 0.7322269976139069
vt 0.09693600237369537 0.867806002497673
vt 0.07882700115442276 0.8686189949512482
vt 0.08214200288057327 0.7878630012273788
vt 0.09693600237369537 0.867806002497673
vt 0.08214200288057327 0.7878630012273788
vt 0.10467100143432617 0.7881540060043335
vt 0.5036410093307495 0.4847699999809265
vt 0.5036410093307495 0.4847699999809265
vt 0.6563559770584106 0.4847699999809265
vt 0.5036410093307495 0.592415988445282
vt 0.5036410093307495 0.4847699999809265
vt 0.5036410093307495 0.4847699999809265
vt 0.49274298548698425 0.8470840007066727
vt 0.4559839963912964 0.8008829951286316
vt 0.5939800143241882 0.788222000002861
vt 0.49274298548698425 0.8470840007066727
vt 0.5939800143241882 0.788222000002861
vt 0.6075649857521057 0.8168189972639084
vt 0.6075649857521057 0.8168189972639084
vt 0.5939800143241882 0.788222000002861
vt 0.603190004825592 0.7387059926986694
vt 0.6075649857521057 0.8168189972639084
vt 0.603190004825592 0.7387059926986694
vt 0.6125959753990173 0.7237820029258728
vt 0.4559839963912964 0.8008829951286316
vt 0.451664000749588 0.7900000065565109
vt 0.5852929949760437 0.7780269980430603
vt 0.4559839963912964 0.8008829951286316
vt 0.5852929949760437 0.7780269980430603
vt 0.5939800143241882 0.788222000002861
vt 0.5939800143241882 0.788222000002861
vt 0.5852929949760437 0.7780269980430603
vt 0.5928069949150085 0.7449589967727661
vt 0.5939800143241882 0.788222000002861
vt 0.5928069949150085 0.7449589967727661
vt 0.603190004825592 0.7387059926986694
vt 0.18490000069141388 0.7001990079879761
vt 0.19399499893188477 0.7881540060043335
vt 0.10467100143432617 0.7881540060043335
vt 0.18490000069141388 0.7001990079879761
vt 0.10467100143432617 0.7881540060043335
vt 0.09830600023269653 0.7322269976139069
vt 0.15568499267101288 0.3295329809188843
vt 0.15568499267101288 0.3295329809188843
vt 0.14980599284172058 0.30069202184677124
vt 0.6075649857521057 0.8168189972639084
vt 0.6075649857521057 0.8168189972639084
vt 0.49274298548698425 0.8470840007066727
vt 0.6125959753990173 0.7237820029258728
vt 0.603190004825592 0.7387059926986694
vt 0.460563987493515 0.7418799996376038
vt 0.6125959753990173 0.7237820029258728
vt 0.460563987493515 0.7418799996376038
vt 0.4652419984340668 0.7265940010547638
vt 0.14169099926948547 0.41457802057266235
vt 0.14169099926948547 0.45039302110671997
vt 0.07865899801254272 0.4508339762687683
vt 0.14169099926948547 0.41457802057266235
vt 0.07865899801254272 0.4508339762687683
vt 0.07865899801254272 0.41457802057266235
vt 0.17433500289916992 0.12132900953292847
vt 0.11481799930334091 0.19510900974273682
vt 0.06850499659776688 0.1841679811477661
vt 0.17433500289916992 0.12132900953292847
vt 0.06850499659776688 0.1841679811477661
vt 0.10467100143432617 0.09347498416900635
vt 0.19399499893188477 0.7881540060043335
vt 0.19399499893188477 0.8669240027666092
vt 0.09693600237369537 0.867806002497673
vt 0.19399499893188477 0.7881540060043335
vt 0.09693600237369537 0.867806002497673
vt 0.10467100143432617 0.7881540060043335
vt 0.14169099926948547 0.37498700618743896
vt 0.14169099926948547 0.41457802057266235
vt 0.07865899801254272 0.41457802057266235
vt 0.14169099926948547 0.37498700618743896
vt 0.07865899801254272 0.41457802057266235
vt 0.07865899801254272 0.3754280209541321
vt 0.19399499893188477 0.8669240027666092
vt 0.19399499893188477 0.9476290009915829
vt 0.07483399659395218 0.9835439994931221
vt 0.19399499893188477 0.8669240027666092
vt 0.07483399659395218 0.9835439994931221
vt 0.09693600237369537 0.867806002497673
vt 0.14169099926948547 0.45039302110671997
vt 0.14169099926948547 0.5573070049285889
vt 0.07865899801254272 0.5573070049285889
vt 0.14169099926948547 0.45039302110671997
vt 0.07865899801254272 0.5573070049285889
vt 0.07865899801254272 0.4508339762687683
vt 0.14169099926948547 0.5573070049285889
vt 0.14169099926948547 0.6030069887638092
vt 0.07865899801254272 0.6282060146331787
vt 0.14169099926948547 0.5573070049285889
vt 0.07865899801254272 0.6282060146331787
vt 0.07865899801254272 0.5573070049285889
vt 0.1334030032157898 0.323140025138855
vt 0.14169099926948547 0.37498700618743896
vt 0.07865899801254272 0.3754280209541321
vt 0.1334030032157898 0.323140025138855
vt 0.07865899801254272 0.3754280209541321
vt 0.07865899801254272 0.32166099548339844
vt 0.17433500289916992 0.12132900953292847
vt 0.10467100143432617 0.09347498416900635
vt 0.10467100143432617 0.09347498416900635
vt 0.6265270113945007 0.7059710025787354
vt 0.6125959753990173 0.7237820029258728
vt 0.4652419984340668 0.7265940010547638
vt 0.6265270113945007 0.7059710025787354
vt 0.4652419984340668 0.7265940010547638
vt 0.4206109941005707 0.6972239911556244
vt 0.5036410093307495 0.4847699999809265
vt 0.3492850065231323 0.4847699999809265
vt 0.3492850065231323 0.4847699999809265
vt 0.5036410093307495 0.592415988445282
vt 0.5036410093307495 0.592415988445282
vt 0.5036410093307495 0.4847699999809265
vt 0.603190004825592 0.7387059926986694
vt 0.5928069949150085 0.7449589967727661
vt 0.45578598976135254 0.7483949959278107
vt 0.603190004825592 0.7387059926986694
vt 0.45578598976135254 0.7483949959278107
vt 0.460563987493515 0.7418799996376038
vt 0.5852929949760437 0.7780269980430603
vt 0.451664000749588 0.7900000065565109
vt 0.451664000749588 0.7900000065565109
vt 0.5928069949150085 0.7449589967727661
vt 0.45578598976135254 0.7483949959278107
vt 0.45578598976135254 0.7483949959278107
vt 0.8188508749008179 0.2160625457763672
vt 0.8167030215263367 0.20451098680496216
vt 0.9099550247192383 0.2039330005645752
vt 0.8254579901695251 0.25159597396850586
vt 0.9099550247192383 0.2039330005645752
vt 0.8843380212783813 0.27135300636291504
vt 0.07483399659395218 0.9835439994931221
vt 0.07882700115442276 0.8686189949512482
vt 0.09693600237369537 0.867806002497673
vt 0.5928069949150085 0.7449589967727661
vt 0.5928069949150085 0.7449589967727661
vt 0.45578598976135254 0.7483949959278107
vt 0.5928069949150085 0.7449589967727661
vt 0.5928069949150085 0.7449589967727661
vt 0.5852929949760437 0.7780269980430603
vt 0.5852929949760437 0.7780269980430603
vt 0.5852929949760437 0.7780269980430603
vt 0.451664000749588 0.7900000065565109
vt 0.45578598976135254 0.7483949959278107
vt 0.45578598976135254 0.7483949959278107
vt 0.451664000749588 0.7900000065565109
vt 0.6075649857521057 0.8168189972639084
vt 0.49274298548698425 0.8470840007066727
vt 0.49274298548698425 0.8470840007066727
vt 0.508109986782074 0.8874389976263046
vt 0.49274298548698425 0.8470840007066727
vt 0.49274298548698425 0.8470840007066727
vt 0.5962200164794922 0.8685899972915649
vt 0.5962200164794922 0.8685899972915649
vt 0.508109986782074 0.8874389976263046
vt 0.508109986782074 0.8874389976263046
vt 0.508109986782074 0.8874389976263046
vt 0.49274298548698425 0.8470840007066727
vt 0.34250199794769287 0.22065001726150513
vt 0.3301882743835449 0.25202202796936035
vt 0.43242698907852173 0.25159597396850586
vt 0.34250199794769287 0.22065001726150513
vt 0.43242698907852173 0.25159597396850586
vt 0.3301882743835449 0.25202202796936035
vt 0.8167030215263367 0.20451098680496216
vt 0.7381380200386047 0.21419501304626465
vt 0.8188508749008179 0.2160625457763672
vt 0.2995108664035797 0.2520562410354614
vt 0.3228990137577057 0.27059298753738403
vt 0.2666729986667633 0.25159597396850586
vt 0.2666729986667633 0.22602999210357666
vt 0.34250199794769287 0.22065001726150513
vt 0.2995108664035797 0.2520562410354614
vt 0.2666729986667633 0.22602999210357666
vt 0.2995108664035797 0.2520562410354614
vt 0.2666729986667633 0.25159597396850586
vt 0.2666729986667633 0.22602999210357666
vt 0.2666729986667633 0.25159597396850586
vt 0.2995108664035797 0.2520562410354614
vt 0.2666729986667633 0.22602999210357666
vt 0.3301882743835449 0.25202202796936035
vt 0.34250199794769287 0.22065001726150513
vt 0.7381380200386047 0.21419501304626465
vt 0.8254579901695251 0.25159597396850586
vt 0.7527058124542236 0.25088024139404297
vt 0.6978660225868225 0.25159597396850586
vt 0.7602319717407227 0.2698330283164978
vt 0.7339226007461548 0.25199592113494873
vt 0.9099550247192383 0.2039330005645752
vt 0.8167030215263367 0.20451098680496216
vt 0.9134089946746826 0.20397400856018066
vt 0.7339226007461548 0.25199592113494873
vt 0.7602319717407227 0.2698330283164978
vt 0.6978660225868225 0.25159597396850586
vt 0.6908619999885559 0.22280198335647583
vt 0.7339226007461548 0.25199592113494873
vt 0.6978660225868225 0.25159597396850586
vt 0.3492850065231323 0.4847699999809265
vt 0.5036410093307495 0.4847699999809265
vt 0.5036410093307495 0.4847699999809265
vt 0.3492850065231323 0.4847699999809265
vt 0.3492850065231323 0.4847699999809265
vt 0.5036410093307495 0.4847699999809265
vt 0.9844340085983276 0.21357399225234985
vt 0.9844340085983276 0.21357399225234985
vt 0.983780026435852 0.25049299001693726
vt 0.9835079908370972 0.3029000163078308
vt 0.9835079908370972 0.3029000163078308
vt 0.983780026435852 0.25049299001693726
vt 0.5036410093307495 0.592415988445282
vt 0.5036410093307495 0.4847699999809265
vt 0.5036410093307495 0.4847699999809265
vt 0.37871599197387695 0.5788449943065643
vt 0.5036410093307495 0.592415988445282
vt 0.5036410093307495 0.592415988445282
vt 0.9835079908370972 0.3029000163078308
vt 0.983780026435852 0.25049299001693726
vt 0.983780026435852 0.25049299001693726
vt 0.5036410093307495 0.4847699999809265
vt 0.5036410093307495 0.592415988445282
vt 0.5036410093307495 0.4847699999809265
vt 0.9844340085983276 0.21357399225234985
vt 0.9844340085983276 0.21357399225234985
vt 0.983780026435852 0.25049299001693726
vt 0.15568499267101288 0.3295329809188843
vt 0.15568499267101288 0.3295329809188843
vt 0.14980599284172058 0.30069202184677124
vt 0.5962200164794922 0.8685899972915649
vt 0.5962200164794922 0.8685899972915649
vt 0.508109986782074 0.8874389976263046
vt 0.10467100143432617 0.09347498416900635
vt 0.17433500289916992 0.12132900953292847
vt 0.10467100143432617 0.09347498416900635
vt 0.5036410093307495 0.592415988445282
vt 0.37871599197387695 0.5788449943065643
vt 0.5036410093307495 0.592415988445282
vt 0.3492850065231323 0.4847699999809265
vt 0.5036410093307495 0.4847699999809265
vt 0.3492850065231323 0.4847699999809265
vt 0.45578598976135254 0.7483949959278107
vt 0.45578598976135254 0.7483949959278107
vt 0.451664000749588 0.7900000065565109
vt 0.5928069949150085 0.7449589967727661
vt 0.5928069949150085 0.7449589967727661
vt 0.5852929949760437 0.7780269980430603
vt 0.5036410093307495 0.592415988445282
vt 0.5036410093307495 0.592415988445282
vt 0.5036410093307495 0.4847699999809265
vt 0.14980599284172058 0.30069202184677124
vt 0.15568499267101288 0.3295329809188843
vt 0.14980599284172058 0.30069202184677124
vt 0.49274298548698425 0.8470840007066727
vt 0.6075649857521057 0.8168189972639084
vt 0.49274298548698425 0.8470840007066727
vt 0.10467100143432617 0.09347498416900635
vt 0.10467100143432617 0.09347498416900635
vt 0.016297999769449234 0.08211201429367065
vt 0.17433500289916992 0.12132900953292847
vt 0.17433500289916992 0.12132900953292847
vt 0.10467100143432617 0.09347498416900635
vt 0.5036410093307495 0.4847699999809265
vt 0.5036410093307495 0.4847699999809265
vt 0.3492850065231323 0.4847699999809265
vt 0.5036410093307495 0.4847699999809265
vt 0.5036410093307495 0.592415988445282
vt 0.5036410093307495 0.4847699999809265
vt 0.5852929949760437 0.7780269980430603
vt 0.5852929949760437 0.7780269980430603
vt 0.451664000749588 0.7900000065565109
vt 0.5928069949150085 0.7449589967727661
vt 0.5928069949150085 0.7449589967727661
vt 0.45578598976135254 0.7483949959278107
vt 0.45578598976135254 0.7483949959278107
vt 0.5928069949150085 0.7449589967727661
vt 0.45578598976135254 0.7483949959278107
vt 0.5852929949760437 0.7780269980430603
vt 0.5928069949150085 0.7449589967727661
vt 0.5852929949760437 0.7780269980430603
vt 0.451664000749588 0.7900000065565109
vt 0.5852929949760437 0.7780269980430603
vt 0.451664000749588 0.7900000065565109
vt 0.451664000749588 0.7900000065565109
vt 0.45578598976135254 0.7483949959278107
vt 0.451664000749588 0.7900000065565109
vt 0.6075649857521057 0.8168189972639084
vt 0.6075649857521057 0.8168189972639084
vt 0.49274298548698425 0.8470840007066727
vt 0.508109986782074 0.8874389976263046
vt 0.508109986782074 0.8874389976263046
vt 0.49274298548698425 0.8470840007066727
vt 0.508109986782074 0.8874389976263046
vt 0.5962200164794922 0.8685899972915649
vt 0.508109986782074 0.8874389976263046
vt 0.49274298548698425 0.8470840007066727
vt 0.508109986782074 0.8874389976263046
vt 0.49274298548698425 0.8470840007066727
vt 0.5036410093307495 0.4847699999809265
vt 0.5036410093307495 0.4847699999809265
vt 0.6563559770584106 0.4847699999809265
vt 0.3492850065231323 0.4847699999809265
vt 0.3492850065231323 0.4847699999809265
vt 0.5036410093307495 0.4847699999809265
vt 0.5036410093307495 0.4847699999809265
vt 0.3492850065231323 0.4847699999809265
vt 0.5036410093307495 0.4847699999809265
vt 0.983780026435852 0.25049299001693726
vt 0.9844340085983276 0.21357399225234985
vt 0.983780026435852 0.25049299001693726
vt 0.983780026435852 0.25049299001693726
vt 0.9835079908370972 0.3029000163078308
vt 0.983780026435852 0.25049299001693726
vt 0.5036410093307495 0.592415988445282
vt 0.5036410093307495 0.592415988445282
vt 0.5036410093307495 0.4847699999809265
vt 0.37871599197387695 0.5788449943065643
vt 0.37871599197387695 0.5788449943065643
vt 0.5036410093307495 0.592415988445282
vt 0.9835079908370972 0.3029000163078308
vt 0.9835079908370972 0.3029000163078308
vt 0.983780026435852 0.25049299001693726
vn 0.00605657200382092 0.9916082503960804 -0.1291371196906111
vn 0.00605657200382092 0.9916082503960804 -0.1291371196906111
vn 0.00605657200382092 0.9916082503960804 -0.1291371196906111
vn -0.006056572038784725 0.9916082561205136 -0.12913707573262137
vn -0.006056572038784725 0.9916082561205136 -0.12913707573262137
vn -0.006056572038784725 0.9916082561205136 -0.12913707573262137
vn 0.9119434838495203 0.38936409737836386 -0.12943987769281856
vn 0.9119434838495203 0.38936409737836386 -0.12943987769281856
vn 0.9119434838495203 0.38936409737836386 -0.12943987769281856
vn 0.8781270712877349 0.4471359727814608 -0.17018304415070828
vn 0.8781270712877349 0.4471359727814608 -0.17018304415070828
vn 0.8781270712877349 0.4471359727814608 -0.17018304415070828
vn -0.6706709083459536 0.738304368182425 0.07146462496343091
vn -0.6706709083459536 0.738304368182425 0.07146462496343091
vn -0.6706709083459536 0.738304368182425 0.07146462496343091
vn -0.666658958080021 0.7450299454398924 0.022275861588091233
vn -0.666658958080021 0.7450299454398924 0.022275861588091233
vn -0.666658958080021 0.7450299454398924 0.022275861588091233
vn 0.8374350330407618 0.16560155211273994 0.520844210272006
vn 0.8374350330407618 0.16560155211273994 0.520844210272006
vn 0.8374350330407618 0.16560155211273994 0.520844210272006
vn 0.8433828186308645 0.2303712964079804 0.4854219680129492
vn 0.8433828186308645 0.2303712964079804 0.4854219680129492
vn 0.8433828186308645 0.2303712964079804 0.4854219680129492
vn 0.6706709122740656 0.738304372506652 0.0714645434256136
vn 0.6706709122740656 0.738304372506652 0.0714645434256136
vn 0.6706709122740656 0.738304372506652 0.0714645434256136
vn 0.8838514811754724 0.41819180089024394 0.20957618398114355
vn 0.8838514811754724 0.41819180089024394 0.20957618398114355
vn 0.8838514811754724 0.41819180089024394 0.20957618398114355
vn 0.7185652012950262 0.686050946849025 0.11400942862498066
vn 0.7185652012950262 0.686050946849025 0.11400942862498066
vn 0.7185652012950262 0.686050946849025 0.11400942862498066
vn 0.967683292975459 -0.24920150736538904 -0.038570107894457445
vn 0.967683292975459 -0.24920150736538904 -0.038570107894457445
vn 0.967683292975459 -0.24920150736538904 -0.038570107894457445
vn 0.6666589244124926 0.7450299744261251 0.022275899707660866
vn 0.6666589244124926 0.7450299744261251 0.022275899707660866
vn 0.6666589244124926 0.7450299744261251 0.022275899707660866
vn 0.9790123305912989 -0.20379406659316282 -0.0016837373948003441
vn 0.9790123305912989 -0.20379406659316282 -0.0016837373948003441
vn 0.9790123305912989 -0.20379406659316282 -0.0016837373948003441
vn 0.6815092219290069 0.7288432241828239 -0.06582351394832678
vn 0.6815092219290069 0.7288432241828239 -0.06582351394832678
vn 0.6815092219290069 0.7288432241828239 -0.06582351394832678
vn 0.7161739247393628 0.697921850584589 5.542179751627798e-9
vn 0.7161739247393628 0.697921850584589 5.542179751627798e-9
vn 0.7161739247393628 0.697921850584589 5.542179751627798e-9
vn 0.6955864526863275 0.7184020965069855 -0.007610162522545828
vn 0.6955864526863275 0.7184020965069855 -0.007610162522545828
vn 0.6955864526863275 0.7184020965069855 -0.007610162522545828
vn 0.9809143096429984 -0.19444052298168504 -0.000012657351150975128
vn 0.9809143096429984 -0.19444052298168504 -0.000012657351150975128
vn 0.9809143096429984 -0.19444052298168504 -0.000012657351150975128
vn 0.9823634776405809 -0.18661131802748174 -0.011756435767280077
vn 0.9823634776405809 -0.18661131802748174 -0.011756435767280077
vn 0.9823634776405809 -0.18661131802748174 -0.011756435767280077
vn 0.9809132067738957 -0.19444608698258092 0.000005806453612203291
vn 0.9809132067738957 -0.19444608698258092 0.000005806453612203291
vn 0.9809132067738957 -0.19444608698258092 0.000005806453612203291
vn 0.9809142739464511 -0.19444070344604905 0.000003392997271874831
vn 0.9809142739464511 -0.19444070344604905 0.000003392997271874831
vn 0.9809142739464511 -0.19444070344604905 0.000003392997271874831
vn 0.9809142875738364 -0.19444063472818648 -1.142530558669013e-7
vn 0.9809142875738364 -0.19444063472818648 -1.142530558669013e-7
vn 0.9809142875738364 -0.19444063472818648 -1.142530558669013e-7
vn 0.9809142938466413 -0.19444060308316274 3.167839506931774e-8
vn 0.9809142938466413 -0.19444060308316274 3.167839506931774e-8
vn 0.9809142938466413 -0.19444060308316274 3.167839506931774e-8
vn 0.7622283457044992 -0.2854537598289623 0.5809682435418406
vn 0.7622283457044992 -0.2854537598289623 0.5809682435418406
vn 0.7622283457044992 -0.2854537598289623 0.5809682435418406
vn 0.8729282157314129 0.05334181134602338 0.48492368610153186
vn 0.8729282157314129 0.05334181134602338 0.48492368610153186
vn 0.8729282157314129 0.05334181134602338 0.48492368610153186
vn 0.9703700200600242 -0.045395419750853094 -0.23732104844356364
vn 0.9703004837083673 -0.045450696690326635 -0.23759462427772268
vn 0.9703700200600242 -0.045395419750853094 -0.23732104844356364
vn 0.9710008417233609 -0.10327337490807113 -0.21561997914762351
vn 0.9710008417233609 -0.10327337490807113 -0.21561997914762351
vn 0.9710008417233609 -0.10327337490807113 -0.21561997914762351
vn 0.6536963632832824 0.6791007027509812 -0.3339210986944882
vn 0.6536963632832824 0.6791007027509812 -0.3339210986944882
vn 0.6536963632832824 0.6791007027509812 -0.3339210986944882
vn 0.7092429888747958 0.6628659472849566 -0.239964827968524
vn 0.7092429888747958 0.6628659472849566 -0.239964827968524
vn 0.7092429888747958 0.6628659472849566 -0.239964827968524
vn 0.6885048478799829 0.7252317384434842 5.510864525544246e-8
vn 0.6885048478799829 0.7252317384434842 5.510864525544246e-8
vn 0.6885048478799829 0.7252317384434842 5.510864525544246e-8
vn 0.7160778423267714 0.6978283338325395 0.016374987912583204
vn 0.7160778423267714 0.6978283338325395 0.016374987912583204
vn 0.7160778423267714 0.6978283338325395 0.016374987912583204
vn 0.9809142966887074 -0.19444058874540412 -1.974501105642763e-7
vn 0.9809142966887074 -0.19444058874540412 -1.974501105642763e-7
vn 0.9809142966887074 -0.19444058874540412 -1.974501105642763e-7
vn 0.9809142853203643 -0.19444064609653447 3.167840207708547e-8
vn 0.9809142853203643 -0.19444064609653447 3.167840207708547e-8
vn 0.9809142853203643 -0.19444064609653447 3.167840207708547e-8
vn 0.4378138403421809 0.8990640464536659 0.0016975214848493213
vn 0.4378138403421809 0.8990640464536659 0.0016975214848493213
vn 0.4378138403421809 0.8990640464536659 0.0016975214848493213
vn 0.36341798225601 0.9305790714246633 0.04415837405727028
vn 0.36341798225601 0.9305790714246633 0.04415837405727028
vn 0.36341798225601 0.9305790714246633 0.04415837405727028
vn 0.3610674946259756 0.9265874990304875 0.10519444360301385
vn 0.3610674946259756 0.9265874990304875 0.10519444360301385
vn 0.3610674946259756 0.9265874990304875 0.10519444360301385
vn 0.43900790088706226 0.8944715252551025 0.08481010238495025
vn 0.43900790088706226 0.8944715252551025 0.08481010238495025
vn 0.43900790088706226 0.8944715252551025 0.08481010238495025
vn 0.24711371348471517 -1.5786793640528155e-7 -0.9689864873194926
vn 0.24711371348471517 -1.5786793640528155e-7 -0.9689864873194926
vn 0.24711371348471517 -1.5786793640528155e-7 -0.9689864873194926
vn 0.6749450036820648 0.3343290247693977 -0.6577791006115665
vn 0.6749450036820648 0.3343290247693977 -0.6577791006115665
vn 0.6749450036820648 0.3343290247693977 -0.6577791006115665
vn 0.478500591135606 -0.35153851713481926 0.8046476590741614
vn 0.478500591135606 -0.35153851713481926 0.8046476590741614
vn 0.478500591135606 -0.35153851713481926 0.8046476590741614
vn 0.31309463628186296 0.017846775735950955 0.9495542329574224
vn 0.31309463628186296 0.017846775735950955 0.9495542329574224
vn 0.31309463628186296 0.017846775735950955 0.9495542329574224
vn 0.9517351718695178 0.06957750536895309 0.2989299807197879
vn 0.9517351718695178 0.06957750536895309 0.2989299807197879
vn 0.9517351718695178 0.06957750536895309 0.2989299807197879
vn 0.8768632881325409 0.07495404957509197 0.47486067891296624
vn 0.8768632881325409 0.07495404957509197 0.47486067891296624
vn 0.8768632881325409 0.07495404957509197 0.47486067891296624
vn 0.22726084160387347 0.5131162791295428 0.8276860479467756
vn 0.22726084160387347 0.5131162791295428 0.8276860479467756
vn 0.22726084160387347 0.5131162791295428 0.8276860479467756
vn 0.1577059934770958 0.6747621323890187 0.7209888239877416
vn 0.1577059934770958 0.6747621323890187 0.7209888239877416
vn 0.1577059934770958 0.6747621323890187 0.7209888239877416
vn -0.06240292521678058 0.456513213067774 0.8875255270801659
vn -0.06240292521678058 0.456513213067774 0.8875255270801659
vn -0.06240292521678058 0.456513213067774 0.8875255270801659
vn 0.1345850086001439 0.45452037092002123 0.8805101407018691
vn 0.1345850086001439 0.45452037092002123 0.8805101407018691
vn 0.1345850086001439 0.45452037092002123 0.8805101407018691
vn 0.13753808450241864 0.9896450285035814 0.041060843507547476
vn 0.13753808450241864 0.9896450285035814 0.041060843507547476
vn 0.13753808450241864 0.9896450285035814 0.041060843507547476
vn 0.08986885128027089 0.9959492112934792 -0.0029594076199639034
vn 0.08986885128027089 0.9959492112934792 -0.0029594076199639034
vn 0.08986885128027089 0.9959492112934792 -0.0029594076199639034
vn 0.3397672397821842 -0.2587593525558119 0.9042133709671036
vn 0.3397672397821842 -0.2587593525558119 0.9042133709671036
vn 0.3397672397821842 -0.2587593525558119 0.9042133709671036
vn -0.4687261340435419 0.17373646601869783 0.8660897480284184
vn -0.4687261340435419 0.17373646601869783 0.8660897480284184
vn -0.4687261340435419 0.17373646601869783 0.8660897480284184
vn 0.21391475617462755 0.8025272956301432 0.556947409419703
vn 0.21391475617462755 0.8025272956301432 0.556947409419703
vn 0.21391475617462755 0.8025272956301432 0.556947409419703
vn 0.1361614306629231 0.889734392195467 0.43569803321152234
vn 0.1361614306629231 0.889734392195467 0.43569803321152234
vn 0.1361614306629231 0.889734392195467 0.43569803321152234
vn 0.043893519742566084 0.9987978637484116 -0.0218216932481971
vn 0.043893519742566084 0.9987978637484116 -0.0218216932481971
vn 0.043893519742566084 0.9987978637484116 -0.0218216932481971
vn 0.05783426910529802 0.998323163932248 0.0024612341135715767
vn 0.05783426910529802 0.998323163932248 0.0024612341135715767
vn 0.05783426910529802 0.998323163932248 0.0024612341135715767
vn 0.08149204762027874 0.9930411564153152 -0.0850194556556776
vn 0.08130224794478921 0.9930585170712556 -0.08499838911040011
vn 0.08149204762027874 0.9930411564153152 -0.0850194556556776
vn 0.10039126785312348 0.9935194535040164 -0.05329811298651479
vn 0.10039126785312348 0.9935194535040164 -0.05329811298651479
vn 0.10039126785312348 0.9935194535040164 -0.05329811298651479
vn 0.08955303148895366 0.9924494879446436 0.08381090877417653
vn 0.08955303148895366 0.9924494879446436 0.08381090877417653
vn 0.08955303148895366 0.9924494879446436 0.08381090877417653
vn 0.07870071159214274 0.994399650213379 0.07053746274427525
vn 0.07870071159214274 0.994399650213379 0.07053746274427525
vn 0.07870071159214274 0.994399650213379 0.07053746274427525
vn 0.057190941103780764 0.9959268633522192 -0.06970566052390477
vn 0.057190941103780764 0.9959268633522192 -0.06970566052390477
vn 0.057190941103780764 0.9959268633522192 -0.06970566052390477
vn 0.04372183925276017 0.994892212623394 -0.09098288868618835
vn 0.04372183925276017 0.994892212623394 -0.09098288868618835
vn 0.04372183925276017 0.994892212623394 -0.09098288868618835
vn 0.07872492054316879 0.9853949766967299 0.15099379717830383
vn 0.07872492054316879 0.9853949766967299 0.15099379717830383
vn 0.07872492054316879 0.9853949766967299 0.15099379717830383
vn 0.090935513871159 0.9823841563092182 0.16325471432584668
vn 0.090935513871159 0.9823841563092182 0.16325471432584668
vn 0.090935513871159 0.9823841563092182 0.16325471432584668
vn 0.057957143709103535 0.9980744857007479 0.022097295904026218
vn 0.057957143709103535 0.9980744857007479 0.022097295904026218
vn 0.057957143709103535 0.9980744857007479 0.022097295904026218
vn 0.057826092722923474 0.9980838010458333 0.022019743193359906
vn 0.057826092722923474 0.9980838010458333 0.022019743193359906
vn 0.057826092722923474 0.9980838010458333 0.022019743193359906
vn 0.05755968575338905 0.9934946085373713 0.09826161703913935
vn 0.05755968575338905 0.9934946085373713 0.09826161703913935
vn 0.05755968575338905 0.9934946085373713 0.09826161703913935
vn 0.1273551813371629 0.9789287781791958 0.15962175615863033
vn 0.1273551813371629 0.9789287781791958 0.15962175615863033
vn 0.1273551813371629 0.9789287781791958 0.15962175615863033
vn 0.06254664479196242 0.9800741445391634 -0.18852742089970667
vn 0.06254664479196242 0.9800741445391634 -0.18852742089970667
vn 0.06254664479196242 0.9800741445391634 -0.18852742089970667
vn 0.05533259354483724 0.9790772463375276 -0.1958214742966822
vn 0.05533259354483724 0.9790772463375276 -0.1958214742966822
vn 0.05533259354483724 0.9790772463375276 -0.1958214742966822
vn 0.3179903112556925 0.39967052309844714 -0.8597357936678695
vn 0.3179903112556925 0.39967052309844714 -0.8597357936678695
vn 0.3179903112556925 0.39967052309844714 -0.8597357936678695
vn 0.06603263191672545 -0.6356514035141251 -0.7691469201216847
vn 0.06596926418147532 -0.6357935552847244 -0.769034856974484
vn 0.06596926418147532 -0.6357935552847244 -0.769034856974484
vn 0.204324149329106 0.8201227789259218 0.5344625987735354
vn 0.204324149329106 0.8201227789259218 0.5344625987735354
vn 0.204324149329106 0.8201227789259218 0.5344625987735354
vn 0.19048291739305323 0.8363037480235486 0.5141131190926725
vn 0.19048291739305323 0.8363037480235486 0.5141131190926725
vn 0.19048291739305323 0.8363037480235486 0.5141131190926725
vn -0.07117651354505644 -0.18350453131991606 -0.9804386726892348
vn -0.07117651354505644 -0.18350453131991606 -0.9804386726892348
vn -0.07117651354505644 -0.18350453131991606 -0.9804386726892348
vn -0.1337265816049897 -0.49907584904543384 -0.8561778426657768
vn -0.1337265816049897 -0.49907584904543384 -0.8561778426657768
vn -0.1337265816049897 -0.49907584904543384 -0.8561778426657768
vn -0.0035754188482454183 -0.9973976148115539 -0.07200843248039154
vn -0.0035754188482454183 -0.9973976148115539 -0.07200843248039154
vn -0.0035754188482454183 -0.9973976148115539 -0.07200843248039154
vn 0.07878644003953798 -0.9766789926304098 0.19972691911794
vn 0.07878644003953798 -0.9766789926304098 0.19972691911794
vn 0.07878644003953798 -0.9766789926304098 0.19972691911794
vn 0.9303704822285435 0.044189190743470566 0.3639479100355771
vn 0.9303704822285435 0.044189190743470566 0.3639479100355771
vn 0.9303704822285435 0.044189190743470566 0.3639479100355771
vn 0.8209416209639109 0.4003540620574045 0.40715043898205794
vn 0.8209416209639109 0.4003540620574045 0.40715043898205794
vn 0.8209416209639109 0.4003540620574045 0.40715043898205794
vn 0.9114306240708175 0.3601725777225777 -0.1989219237855746
vn 0.9114306240708175 0.3601725777225777 -0.1989219237855746
vn 0.9114306240708175 0.3601725777225777 -0.1989219237855746
vn 0.46660758293712745 0.8798907845382166 0.08983078999036681
vn 0.46660758293712745 0.8798907845382166 0.08983078999036681
vn 0.46660758293712745 0.8798907845382166 0.08983078999036681
vn 0.43569111279446815 0.8766380767916876 0.204154197975181
vn 0.43569111279446815 0.8766380767916876 0.204154197975181
vn 0.43569111279446815 0.8766380767916876 0.204154197975181
vn -0.000935314362024761 0.9999813687195553 0.006032197013410761
vn -0.000935314362024761 0.9999813687195553 0.006032197013410761
vn -0.000935314362024761 0.9999813687195553 0.006032197013410761
vn -0.6981629742103072 0.7140152552946649 0.052446893600214324
vn -0.6981629742103072 0.7140152552946649 0.052446893600214324
vn -0.6981629742103072 0.7140152552946649 0.052446893600214324
vn -0.8781271403204085 0.44713600793247554 -0.17018259559341117
vn -0.8781271403204085 0.44713600793247554 -0.17018259559341117
vn -0.8781271403204085 0.44713600793247554 -0.17018259559341117
vn -0.9119434697778356 0.38936409137028705 -0.12943999490479116
vn -0.9119434697778356 0.38936409137028705 -0.12943999490479116
vn -0.9119434697778356 0.38936409137028705 -0.12943999490479116
vn 0.698162823423178 0.714015401813752 0.05244690612917774
vn 0.698162823423178 0.714015401813752 0.05244690612917774
vn 0.698162823423178 0.714015401813752 0.05244690612917774
vn 0.7022946715722004 0.7096025079560132 0.056977846430268105
vn 0.7022946715722004 0.7096025079560132 0.056977846430268105
vn 0.7022946715722004 0.7096025079560132 0.056977846430268105
vn -0.8433825152471862 0.2303712204380502 0.4854225311717752
vn -0.8433825152471862 0.2303712204380502 0.4854225311717752
vn -0.8433825152471862 0.2303712204380502 0.4854225311717752
vn -0.837435245851224 0.16560157996547703 0.5208438592505801
vn -0.837435245851224 0.16560157996547703 0.5208438592505801
vn -0.837435245851224 0.16560157996547703 0.5208438592505801
vn 0.9784990784533947 -0.20620983011812144 0.0041303061040397285
vn 0.9784990784533947 -0.20620983011812144 0.0041303061040397285
vn 0.9784990784533947 -0.20620983011812144 0.0041303061040397285
vn 0.6976444001233163 0.7150614207075862 0.04449107317459009
vn 0.6976444001233163 0.7150614207075862 0.04449107317459009
vn 0.6976444001233163 0.7150614207075862 0.04449107317459009
vn -0.7185652012950262 0.686050946849025 0.11400942862498066
vn -0.7185652012950262 0.686050946849025 0.11400942862498066
vn -0.7185652012950262 0.686050946849025 0.11400942862498066
vn -0.8838514811754724 0.41819180089024394 0.20957618398114355
vn -0.8838514811754724 0.41819180089024394 0.20957618398114355
vn -0.8838514811754724 0.41819180089024394 0.20957618398114355
vn -0.46159917654941623 0.8869308983496497 0.016726678139554148
vn -0.46159917654941623 0.8869308983496497 0.016726678139554148
vn -0.46159917654941623 0.8869308983496497 0.016726678139554148
vn -0.9676832816391299 -0.24920154914950138 -0.03857012234376616
vn -0.9676832816391299 -0.24920154914950138 -0.03857012234376616
vn -0.9676832816391299 -0.24920154914950138 -0.03857012234376616
vn -0.6815092219290069 0.7288432241828239 -0.06582351394832678
vn -0.6815092219290069 0.7288432241828239 -0.06582351394832678
vn -0.6815092219290069 0.7288432241828239 -0.06582351394832678
vn -0.9790123305912989 -0.20379406659316282 -0.0016837373948003441
vn -0.9790123305912989 -0.20379406659316282 -0.0016837373948003441
vn -0.9790123305912989 -0.20379406659316282 -0.0016837373948003441
vn -0.6955864532779116 0.7184020971179921 -0.007610050770307525
vn -0.6955864532779116 0.7184020971179921 -0.007610050770307525
vn -0.6955864532779116 0.7184020971179921 -0.007610050770307525
vn -0.7161739247393628 0.697921850584589 5.541980799667931e-9
vn -0.7161739247393628 0.697921850584589 5.541980799667931e-9
vn -0.7161739247393628 0.697921850584589 5.541980799667931e-9
vn -0.9823634727250189 -0.18661131709378317 -0.011756861322848313
vn -0.9823634727250189 -0.18661131709378317 -0.011756861322848313
vn -0.9823634727250189 -0.18661131709378317 -0.011756861322848313
vn -0.9809143096439115 -0.19444052298185402 -0.000012583792136822583
vn -0.9809143096439115 -0.19444052298185402 -0.000012583792136822583
vn -0.9809143096439115 -0.19444052298185402 -0.000012583792136822583
vn -0.9809142739464511 -0.19444070344604905 0.000003392997271874831
vn -0.9809142739464511 -0.19444070344604905 0.000003392997271874831
vn -0.9809142739464511 -0.19444070344604905 0.000003392997271874831
vn -0.9809132067741485 -0.19444608698263832 0.00000576168783164372
vn -0.9809132067741485 -0.19444608698263832 0.00000576168783164372
vn -0.9809132067741485 -0.19444608698263832 0.00000576168783164372
vn -0.9809142938466413 -0.19444060308316274 3.167839506931774e-8
vn -0.9809142938466413 -0.19444060308316274 3.167839506931774e-8
vn -0.9809142938466413 -0.19444060308316274 3.167839506931774e-8
vn -0.9809142875738364 -0.19444063472818648 -1.1425312692117004e-7
vn -0.9809142875738364 -0.19444063472818648 -1.1425312692117004e-7
vn -0.9809142875738364 -0.19444063472818648 -1.1425312692117004e-7
vn -0.8729282157314129 0.05334181134602338 0.48492368610153186
vn -0.8729282157314129 0.05334181134602338 0.48492368610153186
vn -0.8729282157314129 0.05334181134602338 0.48492368610153186
vn -0.7622283457044992 -0.2854537598289623 0.5809682435418406
vn -0.7622283457044992 -0.2854537598289623 0.5809682435418406
vn -0.7622283457044992 -0.2854537598289623 0.5809682435418406
vn -0.9710008978799853 -0.10327338088071447 -0.2156197233968383
vn -0.9710008978799853 -0.10327338088071447 -0.2156197233968383
vn -0.9710008978799853 -0.10327338088071447 -0.2156197233968383
vn -0.9703698932749522 -0.04539541473434615 -0.23732156780759475
vn -0.9703698932749522 -0.04539541473434615 -0.23732156780759475
vn -0.970437475952162 -0.04540958620822915 -0.23704234800557114
vn -0.7092430015551826 0.6628659591361915 -0.239964757752992
vn -0.7092430015551826 0.6628659591361915 -0.239964757752992
vn -0.7092430015551826 0.6628659591361915 -0.239964757752992
vn -0.6536965246733405 0.6791006250453521 -0.3339209407824087
vn -0.6536965246733405 0.6791006250453521 -0.3339209407824087
vn -0.6536965246733405 0.6791006250453521 -0.3339209407824087
vn -0.7160778441614144 0.6978283356204005 0.016374831492348942
vn -0.7160778441614144 0.6978283356204005 0.016374831492348942
vn -0.7160778441614144 0.6978283356204005 0.016374831492348942
vn -0.6885048478799829 0.7252317384434842 5.5108361038359236e-8
vn -0.6885048478799829 0.7252317384434842 5.5108361038359236e-8
vn -0.6885048478799829 0.7252317384434842 5.5108361038359236e-8
vn -0.9809142853203643 -0.19444064609653447 3.167840207708547e-8
vn -0.9809142853203643 -0.19444064609653447 3.167840207708547e-8
vn -0.9809142853203643 -0.19444064609653447 3.167840207708547e-8
vn -0.9809142966887074 -0.19444058874540412 -1.9745022425111417e-7
vn -0.9809142966887074 -0.19444058874540412 -1.9745022425111417e-7
vn -0.9809142966887074 -0.19444058874540412 -1.9745022425111417e-7
vn -0.3634179835114617 0.9305790746393983 0.044158295978721965
vn -0.3634179835114617 0.9305790746393983 0.044158295978721965
vn -0.3634179835114617 0.9305790746393983 0.044158295978721965
vn -0.43781384028005293 0.899064046326098 0.001697605070802294
vn -0.43781384028005293 0.899064046326098 0.001697605070802294
vn -0.43781384028005293 0.899064046326098 0.001697605070802294
vn -0.4390079019966731 0.894471527515912 0.08481007279698938
vn -0.4390079019966731 0.894471527515912 0.08481007279698938
vn -0.4390079019966731 0.894471527515912 0.08481007279698938
vn -0.3610674946259756 0.9265874990304875 0.10519444360301385
vn -0.3610674946259756 0.9265874990304875 0.10519444360301385
vn -0.3610674946259756 0.9265874990304875 0.10519444360301385
vn -0.12666597973474747 0.019754902019420446 -0.9917486946923801
vn -0.12666597973474747 0.019754902019420446 -0.9917486946923801
vn -0.12666597973474747 0.019754902019420446 -0.9917486946923801
vn -0.12634958319202777 -0.1993162574850458 -0.9717555311544954
vn -0.12634958319202777 -0.1993162574850458 -0.9717555311544954
vn -0.12634958319202777 -0.1993162574850458 -0.9717555311544954
vn -0.3130946774829134 0.0178442133859511 0.9495542675279318
vn -0.3130946774829134 0.0178442133859511 0.9495542675279318
vn -0.3130946774829134 0.0178442133859511 0.9495542675279318
vn -0.47850136199448245 -0.3515350492178355 0.8046487157392592
vn -0.47850136199448245 -0.3515350492178355 0.8046487157392592
vn -0.47850136199448245 -0.3515350492178355 0.8046487157392592
vn -0.8768628080985191 0.0749540120490675 0.47486157125137846
vn -0.8768628080985191 0.0749540120490675 0.47486157125137846
vn -0.8768628080985191 0.0749540120490675 0.47486157125137846
vn -0.9517349864352763 0.06957748998390532 0.29893057468680573
vn -0.9517349864352763 0.06957748998390532 0.29893057468680573
vn -0.9517349864352763 0.06957748998390532 0.29893057468680573
vn -0.15770692791964594 0.674757285884725 0.7209931553292493
vn -0.15770692791964594 0.674757285884725 0.7209931553292493
vn -0.15770692791964594 0.674757285884725 0.7209931553292493
vn -0.22725979371803526 0.5131239909241276 0.8276815547644708
vn -0.22725979371803526 0.5131239909241276 0.8276815547644708
vn -0.22725979371803526 0.5131239909241276 0.8276815547644708
vn -0.13458442933905596 0.45451844013255516 0.880511225913077
vn -0.13458442933905596 0.45451844013255516 0.880511225913077
vn -0.13458442933905596 0.45451844013255516 0.880511225913077
vn 0.0624029186442146 0.45651318968863236 0.8875255395677322
vn 0.0624029186442146 0.45651318968863236 0.8875255395677322
vn 0.0624029186442146 0.45651318968863236 0.8875255395677322
vn -0.08986885128677247 0.9959492113655353 -0.002959383172960342
vn -0.08986885128677247 0.9959492113655353 -0.002959383172960342
vn -0.08986885128677247 0.9959492113655353 -0.002959383172960342
vn -0.13753818035215648 0.989645015257409 0.04106084170570199
vn -0.13753818035215648 0.989645015257409 0.04106084170570199
vn -0.13753818035215648 0.989645015257409 0.04106084170570199
vn -0.33977171792742195 -0.2587531227028423 0.9042134710278189
vn -0.33977171792742195 -0.2587531227028423 0.9042134710278189
vn -0.33977171792742195 -0.2587531227028423 0.9042134710278189
vn -0.4775996707550765 -0.5083947699524115 0.7165426103028885
vn -0.4775996707550765 -0.5083947699524115 0.7165426103028885
vn -0.4775996707550765 -0.5083947699524115 0.7165426103028885
vn -0.13616143084591034 0.8897344152301949 0.43569798611535643
vn -0.13616143084591034 0.8897344152301949 0.43569798611535643
vn -0.13616143084591034 0.8897344152301949 0.43569798611535643
vn -0.21391476414826255 0.8025273329464493 0.5569473525866266
vn -0.21391476414826255 0.8025273329464493 0.5569473525866266
vn -0.21391476414826255 0.8025273329464493 0.5569473525866266
vn -0.05783428766931438 0.9983231628545187 0.0024612350422371144
vn -0.05783428766931438 0.9983231628545187 0.0024612350422371144
vn -0.05783428766931438 0.9983231628545187 0.0024612350422371144
vn -0.04389351973364566 0.9987978635454257 -0.02182170255698725
vn -0.04389351973364566 0.9987978635454257 -0.02182170255698725
vn -0.04389351973364566 0.9987978635454257 -0.02182170255698725
vn -0.10039112070210827 0.9935194719172773 -0.053298046919086656
vn -0.10039112070210827 0.9935194719172773 -0.053298046919086656
vn -0.10039112070210827 0.9935194719172773 -0.053298046919086656
vn -0.08149204762027874 0.9930411564153152 -0.0850194556556776
vn -0.08149204762027874 0.9930411564153152 -0.0850194556556776
vn -0.08168137398511703 0.9930279511551098 -0.08499200767477122
vn -0.07870071171622531 0.994399651781184 0.07053744050374612
vn -0.07870071171622531 0.994399651781184 0.07053744050374612
vn -0.07870071171622531 0.994399651781184 0.07053744050374612
vn -0.08955303148895366 0.9924494879446436 0.08381090877417653
vn -0.08955303148895366 0.9924494879446436 0.08381090877417653
vn -0.08955303148895366 0.9924494879446436 0.08381090877417653
vn -0.04372183931203597 0.9948922139722197 -0.0909828739083772
vn -0.04372183931203597 0.9948922139722197 -0.0909828739083772
vn -0.04372183931203597 0.9948922139722197 -0.0909828739083772
vn -0.05719094122258839 0.9959268654211479 -0.06970563086638909
vn -0.05719094122258839 0.9959268654211479 -0.06970563086638909
vn -0.05719094122258839 0.9959268654211479 -0.06970563086638909
vn -0.09093551320750598 0.9823841491397249 0.16325475783788346
vn -0.09093551320750598 0.9823841491397249 0.16325475783788346
vn -0.09093551320750598 0.9823841491397249 0.16325475783788346
vn -0.07872488511531264 0.9853949995407164 0.15099366656827773
vn -0.07872488511531264 0.9853949995407164 0.15099366656827773
vn -0.07872488511531264 0.9853949995407164 0.15099366656827773
vn -0.057826107306266 0.9980838002544773 0.022019740765619272
vn -0.057826107306266 0.9980838002544773 0.022019740765619272
vn -0.057826107306266 0.9980838002544773 0.022019740765619272
vn -0.05795715484743311 0.9980744850542735 0.022097295889713323
vn -0.05795715484743311 0.9980744850542735 0.022097295889713323
vn -0.05795715484743311 0.9980744850542735 0.022097295889713323
vn -0.12735521839004152 0.9789287743066981 0.15962175034502818
vn -0.12735521839004152 0.9789287743066981 0.15962175034502818
vn -0.12735521839004152 0.9789287743066981 0.15962175034502818
vn -0.05755969317928428 0.9934946081113081 0.09826161699699955
vn -0.05755969317928428 0.9934946081113081 0.09826161699699955
vn -0.05755969317928428 0.9934946081113081 0.09826161699699955
vn -0.055332619381002944 0.9790772357634194 -0.19582151986515275
vn -0.055332619381002944 0.9790772357634194 -0.19582151986515275
vn -0.055332619381002944 0.9790772357634194 -0.19582151986515275
vn -0.06254667018291558 0.9800741325574113 -0.18852747476393872
vn -0.06254667018291558 0.9800741325574113 -0.18852747476393872
vn -0.06254667018291558 0.9800741325574113 -0.18852747476393872
vn -0.2456234717713812 0.6614214284579047 -0.708654220400668
vn -0.24580756608790844 0.6613701623306774 -0.708638235514167
vn -0.2456234717713812 0.6614214284579047 -0.708654220400668
vn -0.2043244327779357 0.8201224224037635 0.5344630374876804
vn -0.2043244327779357 0.8201224224037635 0.5344630374876804
vn -0.2043244327779357 0.8201224224037635 0.5344630374876804
vn -0.19048320588910142 0.8363032831448532 0.5141137684164367
vn -0.19048320588910142 0.8363032831448532 0.5141137684164367
vn -0.19048320588910142 0.8363032831448532 0.5141137684164367
vn 0.22326986179063715 -0.16006874509770827 -0.9615240848043457
vn 0.22326986179063715 -0.16006874509770827 -0.9615240848043457
vn 0.22326986179063715 -0.16006874509770827 -0.9615240848043457
vn -0.16705583990102246 0.04476256497145932 -0.9849307890060803
vn -0.16705583990102246 0.04476256497145932 -0.9849307890060803
vn -0.16705583990102246 0.04476256497145932 -0.9849307890060803
vn -0.07878644003953798 -0.9766789926304098 0.19972691911794
vn -0.07878644003953798 -0.9766789926304098 0.19972691911794
vn -0.07878644003953798 -0.9766789926304098 0.19972691911794
vn 0.0035754188424907173 -0.9973976132062281 -0.07200845471623446
vn 0.0035754188424907173 -0.9973976132062281 -0.07200845471623446
vn 0.0035754188424907173 -0.9973976132062281 -0.07200845471623446
vn 0.05052047657414493 0.9906939461190745 0.12638507257480178
vn 0.05052047657414493 0.9906939461190745 0.12638507257480178
vn 0.05052047657414493 0.9906939461190745 0.12638507257480178
vn 0.06384567750096196 -0.9860493629532301 0.15372177231600062
vn 0.06384567750096196 -0.9860493629532301 0.15372177231600062
vn 0.06384567750096196 -0.9860493629532301 0.15372177231600062
vn -0.4666075813756423 0.8798907815937004 0.08983082694265045
vn -0.4666075813756423 0.8798907815937004 0.08983082694265045
vn -0.4666075813756423 0.8798907815937004 0.08983082694265045
vn -0.9114306240708175 0.3601725777225777 -0.1989219237855746
vn -0.9114306240708175 0.3601725777225777 -0.1989219237855746
vn -0.9114306240708175 0.3601725777225777 -0.1989219237855746
vn -0.43569114351265886 0.8766380789939717 0.20415412296201726
vn -0.43569114351265886 0.8766380789939717 0.20415412296201726
vn -0.43569114351265886 0.8766380789939717 0.20415412296201726
vn -0.06384544128587649 -0.9860494011247573 0.1537216255720684
vn -0.06384544128587649 -0.9860494011247573 0.1537216255720684
vn -0.06384544128587649 -0.9860494011247573 0.1537216255720684
vn -0.8209402743102916 0.4003570235805581 0.4071502421527705
vn -0.8209402743102916 0.4003570235805581 0.4071502421527705
vn -0.8209402743102916 0.4003570235805581 0.4071502421527705
vn -0.0505204075978177 0.9906938026849814 0.1263862244776754
vn -0.0505204075978177 0.9906938026849814 0.1263862244776754
vn -0.0505204075978177 0.9906938026849814 0.1263862244776754
vn -0.9303713184553087 0.0441877789418431 0.3639459437717601
vn -0.9303713184553087 0.0441877789418431 0.3639459437717601
vn -0.9303713184553087 0.0441877789418431 0.3639459437717601
vn 0.47759650363047174 -0.5084016476118991 0.7165398414780961
vn 0.47759650363047174 -0.5084016476118991 0.7165398414780961
vn 0.47759650363047174 -0.5084016476118991 0.7165398414780961
vn -0.5939070757430632 -0.05518229621495708 0.80263895966167
vn -0.5939070757430632 -0.05518229621495708 0.80263895966167
vn -0.5939070757430632 -0.05518229621495708 0.80263895966167
vn 0.4687294512009129 0.1737096025993691 0.8660933411253433
vn 0.4687294512009129 0.1737096025993691 0.8660933411253433
vn 0.4687294512009129 0.1737096025993691 0.8660933411253433
vn 0.5939041392014968 -0.05517576238952513 0.8026415817063454
vn 0.5939041392014968 -0.05517576238952513 0.8026415817063454
vn 0.5939041392014968 -0.05517576238952513 0.8026415817063454
vn 0.7873710823615936 0.6164773108287135 0.0015823697831237298
vn 0.7873710823615936 0.6164773108287135 0.0015823697831237298
vn 0.7873710823615936 0.6164773108287135 0.0015823697831237298
vn -0.7873710821762077 0.6164773106835887 0.0015825185615180163
vn -0.7873710821762077 0.6164773106835887 0.0015825185615180163
vn -0.7873710821762077 0.6164773106835887 0.0015825185615180163
vn 0.461599246992383 0.8869308619116485 0.016726666276498093
vn 0.461599246992383 0.8869308619116485 0.016726666276498093
vn 0.461599246992383 0.8869308619116485 0.016726666276498093
vn -0.9784990784533947 -0.20620983011812144 0.0041303061040397285
vn -0.9784990784533947 -0.20620983011812144 0.0041303061040397285
vn -0.9784990784533947 -0.20620983011812144 0.0041303061040397285
vn -0.7674585030897291 0.6394917580607022 0.04536229059146432
vn -0.7674585030897291 0.6394917580607022 0.04536229059146432
vn -0.7674585030897291 0.6394917580607022 0.04536229059146432
vn -0.72327337674703 0.6905458969418546 -0.004688998370457916
vn -0.72327337674703 0.6905458969418546 -0.004688998370457916
vn -0.72327337674703 0.6905458969418546 -0.004688998370457916
vn 0.7232733767012326 0.6905458968981273 -0.004689011874337973
vn 0.7232733767012326 0.6905458968981273 -0.004689011874337973
vn 0.7232733767012326 0.6905458968981273 -0.004689011874337973
vn 0.7674585030897291 0.6394917580607022 0.04536229059146432
vn 0.7674585030897291 0.6394917580607022 0.04536229059146432
vn 0.7674585030897291 0.6394917580607022 0.04536229059146432
vn -0.6976445169653162 0.7150612990719315 0.04449119595821708
vn -0.6976445169653162 0.7150612990719315 0.04449119595821708
vn -0.6976445169653162 0.7150612990719315 0.04449119595821708
vn 0.9531499457444169 -0.3020598960126051 0.01627882515016378
vn 0.9531499457444169 -0.3020598960126051 0.01627882515016378
vn 0.9531499457444169 -0.3020598960126051 0.01627882515016378
vn 0.0009353143062635848 0.9999813687077319 0.006032198982082431
vn 0.0009353143062635848 0.9999813687077319 0.006032198982082431
vn 0.0009353143062635848 0.9999813687077319 0.006032198982082431
vn -0.9531498628359942 -0.3020601568483759 0.016278839653364137
vn -0.9531498628359942 -0.3020601568483759 0.016278839653364137
vn -0.9531498628359942 -0.3020601568483759 0.016278839653364137
vn -0.7022946751498457 0.7096025115708718 0.05697775731356286
vn -0.7022946751498457 0.7096025115708718 0.05697775731356286
vn -0.7022946751498457 0.7096025115708718 0.05697775731356286
vn 0.1877485058102692 -0.5576725855390754 -0.8085491858286508
vn 0.1877485058102692 -0.5576725855390754 -0.8085491858286508
vn 0.1877485058102692 -0.5576725855390754 -0.8085491858286508
vn -0.26898574273929376 -0.2186841212590863 -0.9379892991458548
vn -0.26898574273929376 -0.2186841212590863 -0.9379892991458548
vn -0.26898574273929376 -0.2186841212590863 -0.9379892991458548
vn -0.49275617555126416 0.2885661503454046 -0.8209268714879085
vn -0.49275617555126416 0.2885661503454046 -0.8209268714879085
vn -0.49275617555126416 0.2885661503454046 -0.8209268714879085
vn 0.18294852627808822 -0.007578742840580589 -0.9830932811232269
vn 0.18294852627808822 -0.007578742840580589 -0.9830932811232269
vn 0.18294852627808822 -0.007578742840580589 -0.9830932811232269
vn 0.3148487386342219 -0.06177453614455456 -0.947129441240512
vn 0.3148487386342219 -0.06177453614455456 -0.947129441240512
vn 0.3148487386342219 -0.06177453614455456 -0.947129441240512
vn 0.14160390124594716 0.08134720750104261 -0.9865753731893526
vn 0.14160390124594716 0.08134720750104261 -0.9865753731893526
vn 0.14160390124594716 0.08134720750104261 -0.9865753731893526
vn -0.16644446235350982 -0.022627033281345348 -0.9857911839313314
vn -0.16644446235350982 -0.022627033281345348 -0.9857911839313314
vn -0.16644446235350982 -0.022627033281345348 -0.9857911839313314
vn 0.12634959335078108 -0.1993158476725887 -0.9717556138899582
vn 0.12634959335078108 -0.1993158476725887 -0.9717556138899582
vn 0.12634959335078108 -0.1993158476725887 -0.9717556138899582
vn 0.4927560060234539 0.2885661979353958 -0.8209269565174017
vn 0.4927560060234539 0.2885661979353958 -0.8209269565174017
vn 0.4927560060234539 0.2885661979353958 -0.8209269565174017
vn 0.33977163610647876 -0.25875399274738753 0.9042132527975973
vn 0.33977163610647876 -0.25875399274738753 0.9042132527975973
vn 0.33977163610647876 -0.25875399274738753 0.9042132527975973
vn -0.46872894542470117 0.17371747458796258 0.8660920359545099
vn -0.46872894542470117 0.17371747458796258 0.8660920359545099
vn -0.46872894542470117 0.17371747458796258 0.8660920359545099
vn 0.24553901245781845 0.6615648385151057 -0.7085496156245668
vn 0.24562228466320246 0.6614251568475438 -0.7086511519542115
vn 0.24562228466320246 0.6614251568475438 -0.7086511519542115
vn -0.14160391593413918 0.0813471999281177 -0.9865753717055643
vn -0.14160391593413918 0.0813471999281177 -0.9865753717055643
vn -0.14160391593413918 0.0813471999281177 -0.9865753717055643
vn -0.22326997708318297 -0.1600661792902822 -0.9615244851696114
vn -0.22326997708318297 -0.1600661792902822 -0.9615244851696114
vn -0.22326997708318297 -0.1600661792902822 -0.9615244851696114
vn 0.9303713367110816 0.04418777325269294 0.3639458977944441
vn 0.9303713367110816 0.04418777325269294 0.3639458977944441
vn 0.9303713367110816 0.04418777325269294 0.3639458977944441
vn 0.8209402937448063 0.40035700399034724 0.4071502222301549
vn 0.8209402937448063 0.40035700399034724 0.4071502222301549
vn 0.8209402937448063 0.40035700399034724 0.4071502222301549
vn -0.2471135732914254 -1.5786794223010057e-7 -0.9689865230719767
vn -0.2471135732914254 -1.5786794223010057e-7 -0.9689865230719767
vn -0.2471135732914254 -1.5786794223010057e-7 -0.9689865230719767
vn -0.3397672397821842 -0.2587593525558119 0.9042133709671036
vn -0.3397672397821842 -0.2587593525558119 0.9042133709671036
vn -0.3397672397821842 -0.2587593525558119 0.9042133709671036
vn -0.4775965871007005 -0.5084017287769559 0.7165397282540346
vn -0.4775965871007005 -0.5084017287769559 0.7165397282540346
vn -0.4775965871007005 -0.5084017287769559 0.7165397282540346
vn -0.06596884620022463 -0.6357994489272618 -0.7690300202689107
vn -0.06591962893377308 -0.635944300413256 -0.7689144616230912
vn -0.06596884620022463 -0.6357994489272618 -0.7690300202689107
vn -0.31799039363596915 0.39967058152665697 -0.8597357360360133
vn -0.31799039363596915 0.39967058152665697 -0.8597357360360133
vn -0.31799039363596915 0.39967058152665697 -0.8597357360360133
vn 0.13372643833641876 -0.4990779308312838 -0.8561766515427877
vn 0.13372643833641876 -0.4990779308312838 -0.8561766515427877
vn 0.13372643833641876 -0.4990779308312838 -0.8561766515427877
vn -0.31484881048937063 -0.06177543261780301 -0.9471293588830997
vn -0.31484881048937063 -0.06177543261780301 -0.9471293588830997
vn -0.31484881048937063 -0.06177543261780301 -0.9471293588830997
vn 0.050520015912311596 0.9906939711047756 0.12638506086112397
vn 0.050520015912311596 0.9906939711047756 0.12638506086112397
vn 0.050520015912311596 0.9906939711047756 0.12638506086112397
vn 0.06384604587513808 -0.9860491199709567 0.15372317792256154
vn 0.06384604587513808 -0.9860491199709567 0.15372317792256154
vn 0.06384604587513808 -0.9860491199709567 0.15372317792256154
vn -0.06384543450064956 -0.9860494710053925 0.15372118013926628
vn -0.06384543450064956 -0.9860494710053925 0.15372118013926628
vn -0.06384543450064956 -0.9860494710053925 0.15372118013926628
vn -0.8209406206623001 0.40035356101254893 0.407152948572362
vn -0.8209406206623001 0.40035356101254893 0.407152948572362
vn -0.8209406206623001 0.40035356101254893 0.407152948572362
vn -0.05052060284933047 0.9906938789711138 0.12638554844960842
vn -0.05052060284933047 0.9906938789711138 0.12638554844960842
vn -0.05052060284933047 0.9906938789711138 0.12638554844960842
vn -0.9303703017368345 0.04418980533672531 0.3639482968093318
vn -0.9303703017368345 0.04418980533672531 0.3639482968093318
vn -0.9303703017368345 0.04418980533672531 0.3639482968093318
vn 0.4775993939747613 -0.508394880050351 0.7165427166704925
vn 0.4775993939747613 -0.508394880050351 0.7165427166704925
vn 0.4775993939747613 -0.508394880050351 0.7165427166704925
vn -0.5939045762649628 -0.05517413628000799 0.8026413700883414
vn -0.5939045762649628 -0.05517413628000799 0.8026413700883414
vn -0.5939045762649628 -0.05517413628000799 0.8026413700883414
vn 0.4687267181452661 0.17373353710906142 0.8660900194439043
vn 0.4687267181452661 0.17373353710906142 0.8660900194439043
vn 0.4687267181452661 0.17373353710906142 0.8660900194439043
vn 0.5939066788066517 -0.05518356842466415 0.8026391659050617
vn 0.5939066788066517 -0.05518356842466415 0.8026391659050617
vn 0.5939066788066517 -0.05518356842466415 0.8026391659050617
vn 0.12666604041534452 0.01973899473795865 -0.9917490036759469
vn 0.12666604041534452 0.01973899473795865 -0.9917490036759469
vn 0.12666604041534452 0.01973899473795865 -0.9917490036759469
vn 0.2689862007310613 -0.2186738688414761 -0.9379915580122083
vn 0.2689862007310613 -0.2186738688414761 -0.9379915580122083
vn 0.2689862007310613 -0.2186738688414761 -0.9379915580122083
vn -0.18774794700883435 -0.5576761839242911 -0.8085468336946278
vn -0.18774794700883435 -0.5576761839242911 -0.8085468336946278
vn -0.18774794700883435 -0.5576761839242911 -0.8085468336946278
vn -0.6749436445579585 0.3343283451521867 -0.6577808406290203
vn -0.6749436445579585 0.3343283451521867 -0.6577808406290203
vn -0.6749436445579585 0.3343283451521867 -0.6577808406290203
vn 0.16644448152925 -0.022627037424676207 -0.985791180598529
vn 0.16644448152925 -0.022627037424676207 -0.985791180598529
vn 0.16644448152925 -0.022627037424676207 -0.985791180598529
vn 0.16705565657846372 0.044761900929154656 -0.984930850278509
vn 0.16705565657846372 0.044761900929154656 -0.984930850278509
vn 0.16705565657846372 0.044761900929154656 -0.984930850278509
vn 0.07117652759221825 -0.18350458872281228 -0.980438660925601
vn 0.07117652759221825 -0.18350458872281228 -0.980438660925601
vn 0.07117652759221825 -0.18350458872281228 -0.980438660925601
vn -0.1829486550625651 -0.007576691068033679 -0.9830932729722333
vn -0.1829486550625651 -0.007576691068033679 -0.9830932729722333
vn -0.1829486550625651 -0.007576691068033679 -0.9830932729722333
f 5033/1193/5033 5034/1194/5034 5035/1195/5035
f 5036/1196/5036 5037/1197/5037 5038/1198/5038
f 5039/1199/5039 5040/1200/5040 5041/1201/5041
f 5042/1202/5042 5043/1203/5043 5044/1204/5044
f 5045/1205/5045 5046/1206/5046 5047/1207/5047
f 5048/1208/5048 5049/1209/5049 5050/1210/5050
f 5051/1211/5051 5052/1212/5052 5053/1213/5053
f 5054/1214/5054 5055/1215/5055 5056/1216/5056
f 5057/1217/5057 5058/1218/5058 5059/1219/5059
f 5060/1220/5060 5061/1221/5061 5062/1222/5062
f 5063/1223/5063 5064/1224/5064 5065/1225/5065
f 5066/1226/5066 5067/1227/5067 5068/1228/5068
f 5069/1229/5069 5070/1230/5070 5071/1231/5071
f 5072/1232/5072 5073/1233/5073 5074/1234/5074
f 5075/1235/5075 5076/1236/5076 5077/1237/5077
f 5078/1238/5078 5079/1239/5079 5080/1240/5080
f 5081/1241/5081 5082/1242/5082 5083/1243/5083
f 5084/1244/5084 5085/1245/5085 5086/1246/5086
f 5087/1247/5087 5088/1248/5088 5089/1249/5089
f 5090/1250/5090 5091/1251/5091 5092/1252/5092
f 5093/1253/5093 5094/1254/5094 5095/1255/5095
f 5096/1256/5096 5097/1257/5097 5098/1258/5098
f 5099/1259/5099 5100/1260/5100 5101/1261/5101
f 5102/1262/5102 5103/1263/5103 5104/1264/5104
f 5105/1265/5105 5106/1266/5106 5107/1267/5107
f 5108/1268/5108 5109/1269/5109 5110/1270/5110
f 5111/1271/5111 5112/1272/5112 5113/1273/5113
f 5114/1274/5114 5115/1275/5115 5116/1276/5116
f 5117/1277/5117 5118/1278/5118 5119/1279/5119
f 5120/1280/5120 5121/1281/5121 5122/1282/5122
f 5123/1283/5123 5124/1284/5124 5125/1285/5125
f 5126/1286/5126 5127/1287/5127 5128/1288/5128
f 5129/1289/5129 5130/1290/5130 5131/1291/5131
f 5132/1292/5132 5133/1293/5133 5134/1294/5134
f 5135/1295/5135 5136/1296/5136 5137/1297/5137
f 5138/1298/5138 5139/1299/5139 5140/1300/5140
f 5141/1301/5141 5142/1302/5142 5143/1303/5143
f 5144/1304/5144 5145/1305/5145 5146/1306/5146
f 5147/1307/5147 5148/1308/5148 5149/1309/5149
f 5150/1310/5150 5151/1311/5151 5152/1312/5152
f 5153/1313/5153 5154/1314/5154 5155/1315/5155
f 5156/1316/5156 5157/1317/5157 5158/1318/5158
f 5159/1319/5159 5160/1320/5160 5161/1321/5161
f 5162/1322/5162 5163/1323/5163 5164/1324/5164
f 5165/1325/5165 5166/1326/5166 5167/1327/5167
f 5168/1328/5168 5169/1329/5169 5170/1330/5170
f 5171/1331/5171 5172/1332/5172 5173/1333/5173
f 5174/1334/5174 5175/1335/5175 5176/1336/5176
f 5177/1337/5177 5178/1338/5178 5179/1339/5179
f 5180/1340/5180 5181/1341/5181 5182/1342/5182
f 5183/1343/5183 5184/1344/5184 5185/1345/5185
f 5186/1346/5186 5187/1347/5187 5188/1348/5188
f 5189/1349/5189 5190/1350/5190 5191/1351/5191
f 5192/1352/5192 5193/1353/5193 5194/1354/5194
f 5195/1355/5195 5196/1356/5196 5197/1357/5197
f 5198/1358/5198 5199/1359/5199 5200/1360/5200
f 5201/1361/5201 5202/1362/5202 5203/1363/5203
f 5204/1364/5204 5205/1365/5205 5206/1366/5206
f 5207/1367/5207 5208/1368/5208 5209/1369/5209
f 5210/1370/5210 5211/1371/5211 5212/1372/5212
f 5213/1373/5213 5214/1374/5214 5215/1375/5215
f 5216/1376/5216 5217/1377/5217 5218/1378/5218
f 5219/1379/5219 5220/1380/5220 5221/1381/5221
f 5222/1382/5222 5223/1383/5223 5224/1384/5224
f 5225/1385/5225 5226/1386/5226 5227/1387/5227
f 5228/1388/5228 5229/1389/5229 5230/1390/5230
f 5231/1391/5231 5232/1392/5232 5233/1393/5233
f 5234/1394/5234 5235/1395/5235 5236/1396/5236
f 5237/1397/5237 5238/1398/5238 5239/1399/5239
f 5240/1400/5240 5241/1401/5241 5242/1402/5242
f 5243/1403/5243 5244/1404/5244 5245/1405/5245
f 5246/1406/5246 5247/1407/5247 5248/1408/5248
f 5249/1409/5249 5250/1410/5250 5251/1411/5251
f 5252/1412/5252 5253/1413/5253 5254/1414/5254
f 5255/1415/5255 5256/1416/5256 5257/1417/5257
f 5258/1418/5258 5259/1419/5259 5260/1420/5260
f 5261/1421/5261 5262/1422/5262 5263/1423/5263
f 5264/1424/5264 5265/1425/5265 5266/1426/5266
f 5267/1427/5267 5268/1428/5268 5269/1429/5269
f 5270/1430/5270 5271/1431/5271 5272/1432/5272
f 5273/1433/5273 5274/1434/5274 5275/1435/5275
f 5276/1436/5276 5277/1437/5277 5278/1438/5278
f 5279/1439/5279 5280/1440/5280 5281/1441/5281
f 5282/1442/5282 5283/1443/5283 5284/1444/5284
f 5285/1445/5285 5286/1446/5286 5287/1447/5287
f 5288/1448/5288 5289/1449/5289 5290/1450/5290
f 5291/1451/5291 5292/1452/5292 5293/1453/5293
f 5294/1454/5294 5295/1455/5295 5296/1456/5296
f 5297/1457/5297 5298/1458/5298 5299/1459/5299
f 5300/1460/5300 5301/1461/5301 5302/1462/5302
f 5303/1463/5303 5304/1464/5304 5305/1465/5305
f 5306/1466/5306 5307/1467/5307 5308/1468/5308
f 5309/1469/5309 5310/1470/5310 5311/1471/5311
f 5312/1472/5312 5313/1473/5313 5314/1474/5314
f 5315/1475/5315 5316/1476/5316 5317/1477/5317
f 5318/1478/5318 5319/1479/5319 5320/1480/5320
f 5321/1481/5321 5322/1482/5322 5323/1483/5323
f 5324/1484/5324 5325/1485/5325 5326/1486/5326
f 5327/1487/5327 5328/1488/5328 5329/1489/5329
f 5330/1490/5330 5331/1491/5331 5332/1492/5332
f 5333/1493/5333 5334/1494/5334 5335/1495/5335
f 5336/1496/5336 5337/1497/5337 5338/1498/5338
f 5339/1499/5339 5340/1500/5340 5341/1501/5341
f 5342/1502/5342 5343/1503/5343 5344/1504/5344
f 5345/1505/5345 5346/1506/5346 5347/1507/5347
f 5348/1508/5348 5349/1509/5349 5350/1510/5350
f 5351/1511/5351 5352/1512/5352 5353/1513/5353
f 5354/1514/5354 5355/1515/5355 5356/1516/5356
f 5357/1517/5357 5358/1518/5358 5359/1519/5359
f 5360/1520/5360 5361/1521/5361 5362/1522/5362
f 5363/1523/5363 5364/1524/5364 5365/1525/5365
f 5366/1526/5366 5367/1527/5367 5368/1528/5368
f 5369/1529/5369 5370/1530/5370 5371/1531/5371
f 5372/1532/5372 5373/1533/5373 5374/1534/5374
f 5375/1535/5375 5376/1536/5376 5377/1537/5377
f 5378/1538/5378 5379/1539/5379 5380/1540/5380
f 5381/1541/5381 5382/1542/5382 5383/1543/5383
f 5384/1544/5384 5385/1545/5385 5386/1546/5386
f 5387/1547/5387 5388/1548/5388 5389/1549/5389
f 5390/1550/5390 5391/1551/5391 5392/1552/5392
f 5393/1553/5393 5394/1554/5394 5395/1555/5395
f 5396/1556/5396 5397/1557/5397 5398/1558/5398
f 5399/1559/5399 5400/1560/5400 5401/1561/5401
f 5402/1562/5402 5403/1563/5403 5404/1564/5404
f 5405/1565/5405 5406/1566/5406 5407/1567/5407
f 5408/1568/5408 5409/1569/5409 5410/1570/5410
f 5411/1571/5411 5412/1572/5412 5413/1573/5413
f 5414/1574/5414 5415/1575/5415 5416/1576/5416
f 5417/1577/5417 5418/1578/5418 5419/1579/5419
f 5420/1580/5420 5421/1581/5421 5422/1582/5422
f 5423/1583/5423 5424/1584/5424 5425/1585/5425
f 5426/1586/5426 5427/1587/5427 5428/1588/5428
f 5429/1589/5429 5430/1590/5430 5431/1591/5431
f 5432/1592/5432 5433/1593/5433 5434/1594/5434
f 5435/1595/5435 5436/1596/5436 5437/1597/5437
f 5438/1598/5438 5439/1599/5439 5440/1600/5440
f 5441/1601/5441 5442/1602/5442 5443/1603/5443
f 5444/1604/5444 5445/1605/5445 5446/1606/5446
f 5447/1607/5447 5448/1608/5448 5449/1609/5449
f 5450/1610/5450 5451/1611/5451 5452/1612/5452
f 5453/1613/5453 5454/1614/5454 5455/1615/5455
f 5456/1616/5456 5457/1617/5457 5458/1618/5458
f 5459/1619/5459 5460/1620/5460 5461/1621/5461
f 5462/1622/5462 5463/1623/5463 5464/1624/5464
f 5465/1625/5465 5466/1626/5466 5467/1627/5467
f 5468/1628/5468 5469/1629/5469 5470/1630/5470
f 5471/1631/5471 5472/1632/5472 5473/1633/5473
f 5474/1634/5474 5475/1635/5475 5476/1636/5476
f 5477/1637/5477 5478/1638/5478 5479/1639/5479
f 5480/1640/5480 5481/1641/5481 5482/1642/5482
f 5483/1643/5483 5484/1644/5484 5485/1645/5485
f 5486/1646/5486 5487/1647/5487 5488/1648/5488
f 5489/1649/5489 5490/1650/5490 5491/1651/5491
f 5492/1652/5492 5493/1653/5493 5494/1654/5494
f 5495/1655/5495 5496/1656/5496 5497/1657/5497
f 5498/1658/5498 5499/1659/5499 5500/1660/5500
f 5501/1661/5501 5502/1662/5502 5503/1663/5503
f 5504/1664/5504 5505/1665/5505 5506/1666/5506
f 5507/1667/5507 5508/1668/5508 5509/1669/5509
f 5510/1670/5510 5511/1671/5511 5512/1672/5512
f 5513/1673/5513 5514/1674/5514 5515/1675/5515
f 5516/1676/5516 5517/1677/5517 5518/1678/5518
f 5519/1679/5519 5520/1680/5520 5521/1681/5521
f 5522/1682/5522 5523/1683/5523 5524/1684/5524
f 5525/1685/5525 5526/1686/5526 5527/1687/5527
f 5528/1688/5528 5529/1689/5529 5530/1690/5530
f 5531/1691/5531 5532/1692/5532 5533/1693/5533
f 5534/1694/5534 5535/1695/5535 5536/1696/5536
f 5537/1697/5537 5538/1698/5538 5539/1699/5539
f 5540/1700/5540 5541/1701/5541 5542/1702/5542
f 5543/1703/5543 5544/1704/5544 5545/1705/5545
f 5546/1706/5546 5547/1707/5547 5548/1708/5548
f 5549/1709/5549 5550/1710/5550 5551/1711/5551
f 5552/1712/5552 5553/1713/5553 5554/1714/5554
f 5555/1715/5555 5556/1716/5556 5557/1717/5557
f 5558/1718/5558 5559/1719/5559 5560/1720/5560
f 5561/1721/5561 5562/1722/5562 5563/1723/5563
f 5564/1724/5564 5565/1725/5565 5566/1726/5566
f 5567/1727/5567 5568/1728/5568 5569/1729/5569
f 5570/1730/5570 5571/1731/5571 5572/1732/5572
f 5573/1733/5573 5574/1734/5574 5575/1735/5575
f 5576/1736/5576 5577/1737/5577 5578/1738/5578
f 5579/1739/5579 5580/1740/5580 5581/1741/5581
f 5582/1742/5582 5583/1743/5583 5584/1744/5584
f 5585/1745/5585 5586/1746/5586 5587/1747/5587
f 5588/1748/5588 5589/1749/5589 5590/1750/5590
f 5591/1751/5591 5592/1752/5592 5593/1753/5593
f 5594/1754/5594 5595/1755/5595 5596/1756/5596
f 5597/1757/5597 5598/1758/5598 5599/1759/5599
f 5600/1760/5600 5601/1761/5601 5602/1762/5602
f 5603/1763/5603 5604/1764/5604 5605/1765/5605
f 5606/1766/5606 5607/1767/5607 5608/1768/5608
f 5609/1769/5609 5610/1770/5610 5611/1771/5611
f 5612/1772/5612 5613/1773/5613 5614/1774/5614
f 5615/1775/5615 5616/1776/5616 5617/1777/5617
f 5618/1778/5618 5619/1779/5619 5620/1780/5620
f 5621/1781/5621 5622/1782/5622 5623/1783/5623
f 5624/1784/5624 5625/1785/5625 5626/1786/5626
f 5627/1787/5627 5628/1788/5628 5629/1789/5629
f 5630/1790/5630 5631/1791/5631 5632/1792/5632
f 5633/1793/5633 5634/1794/5634 5635/1795/5635
f 5636/1796/5636 5637/1797/5637 5638/1798/5638
f 5639/1799/5639 5640/1800/5640 5641/1801/5641
f 5642/1802/5642 5643/1803/5643 5644/1804/5644
f 5645/1805/5645 5646/1806/5646 5647/1807/5647
f 5648/1808/5648 5649/1809/5649 5650/1810/5650
f 5651/1811/5651 5652/1812/5652 5653/1813/5653
f 5654/1814/5654 5655/1815/5655 5656/1816/5656
f 5657/1817/5657 5658/1818/5658 5659/1819/5659
f 5660/1820/5660 5661/1821/5661 5662/1822/5662
f 5663/1823/5663 5664/1824/5664 5665/1825/5665
f 5666/1826/5666 5667/1827/5667 5668/1828/5668
f 5669/1829/5669 5670/1830/5670 5671/1831/5671
f 5672/1832/5672 5673/1833/5673 5674/1834/5674
f 5675/1835/5675 5676/1836/5676 5677/1837/5677
f 5678/1838/5678 5679/1839/5679 5680/1840/5680
f 5681/1841/5681 5682/1842/5682 5683/1843/5683
f 5684/1844/5684 5685/1845/5685 5686/1846/5686
f 5687/1847/5687 5688/1848/5688 5689/1849/5689
f 5690/1850/5690 5691/1851/5691 5692/1852/5692
f 5693/1853/5693 5694/1854/5694 5695/1855/5695
f 5696/1856/5696 5697/1857/5697 5698/1858/5698
f 5699/1859/5699 5700/1860/5700 5701/1861/5701
f 5702/1862/5702 5703/1863/5703 5704/1864/5704
f 5705/1865/5705 5706/1866/5706 5707/1867/5707
f 5708/1868/5708 5709/1869/5709 5710/1870/5710
o CarBody_Material032_0
usemtl Material.032
v 95.81927706128545 59.82696663040049 423.64890435833763
v 88.01426936513371 80.32371767882663 430.8333587979238
v 82.47174073583074 76.8318977254834 424.3979173959882
v 95.81927706128545 59.82696663040049 423.64890435833763
v 82.47174073583074 76.8318977254834 424.3979173959882
v 86.68493677503056 64.46524426930456 418.4596278610891
v 5.684341886080802e-14 133.04473153320492 442.1468839915395
v 1.0899375979533943e-7 126.67188379487452 433.25997554494484
v 59.113735450567674 127.17373815523736 417.34706118705907
v 5.684341886080802e-14 103.30047659324578 448.13338862387076
v 1.0899375979533943e-7 110.91326367992065 438.370718773971
v -57.32627462023311 114.10096252193944 424.4740622182519
v 88.01426936513371 80.32371767882663 430.8333587979238
v 5.684341886080802e-14 81.24021991432917 451.3098429473129
v 5.684341886080802e-14 76.90311026915737 442.04184591221843
v 88.01426936513371 80.32371767882663 430.8333587979238
v 5.684341886080802e-14 76.90311026915737 442.04184591221843
v 82.47174073583074 76.8318977254834 424.3979173959882
v 5.684341886080802e-14 55.89196773166768 450.54485722416206
v 95.81927706128545 59.82696663040049 423.64890435833763
v 86.68493677503056 64.46524426930456 418.4596278610891
v 5.684341886080802e-14 55.89196773166768 450.54485722416206
v 86.68493677503056 64.46524426930456 418.4596278610891
v 5.684341886080802e-14 64.23058424163479 439.68965795913476
v -95.81927608126216 59.82696663040049 423.64890435833763
v -86.68493579500728 64.46524426930456 418.4596278610891
v -82.47173975580745 76.8318977254834 424.3979173959882
v -95.81927608126216 59.82696663040049 423.64890435833763
v -82.47173975580745 76.8318977254834 424.3979173959882
v -88.01426838511043 80.32371767882663 430.8333587979238
v 5.684341886080802e-14 133.04473153320492 442.1468839915395
v -69.24326370829158 133.99197445187832 423.50717627190625
v -59.11373447054439 127.17373815523736 417.34706118705907
v 5.684341886080802e-14 103.30047659324578 448.13338862387076
v 67.14951444989629 109.31722904529096 431.85540683917384
v 57.326275600256395 114.10096252193944 424.4740622182519
v -88.01426838511043 80.32371767882663 430.8333587979238
v -82.47173975580745 76.8318977254834 424.3979173959882
v 5.684341886080802e-14 76.90311026915737 442.04184591221843
v -88.01426838511043 80.32371767882663 430.8333587979238
v 5.684341886080802e-14 76.90311026915737 442.04184591221843
v 5.684341886080802e-14 81.24021991432917 451.3098429473129
v 5.684341886080802e-14 55.89196773166768 450.54485722416206
v 5.684341886080802e-14 64.23058424163479 439.68965795913476
v -86.68493579500728 64.46524426930456 418.4596278610891
v 5.684341886080802e-14 55.89196773166768 450.54485722416206
v -86.68493579500728 64.46524426930456 418.4596278610891
v -95.81927608126216 59.82696663040049 423.64890435833763
v 69.24326468831487 133.99197445187832 423.50717627190625
v 59.113735450567674 127.17373815523736 417.34706118705907
v 57.326275600256395 114.10096252193944 424.4740622182519
v -69.24326370829158 133.99197445187832 423.50717627190625
v -67.149513469873 109.31722904529096 431.85540683917384
v -57.32627462023311 114.10096252193944 424.4740622182519
v 91.83124948865361 172.79663709742297 -376.51266647596754
v 91.79077793485112 170.83957754038988 -380.5052713664727
v 38.49699248200841 172.04479444841084 -386.21520579744674
v -35.984244452653456 149.12783470683226 -384.8058621590149
v -38.496985541520644 151.06880945634353 -388.41933446010313
v -38.496985541520644 172.04479444841084 -386.21520579744674
v 91.83124948865361 149.12784853489478 -377.6730935280356
v 35.98425139314122 149.12784662776122 -384.80586215901684
v 38.49699248200841 151.06882137727249 -388.41933446010506
v -91.83124850863032 172.79663709742297 -376.51266647596754
v -91.79077695482783 170.8395656194687 -380.50522368275495
v -133.80127500170283 167.93907773528076 -366.50719159399443
v -91.83124850863032 149.12783661396583 -377.6730935280337
v -91.79077695482783 151.06881205541305 -381.6126270779013
v -38.496985541520644 151.06880945634353 -388.41933446010313
v 35.98425139314122 149.12784662776122 -384.80586215901684
v 35.98425139314122 174.23948575865788 -382.4962101070336
v 38.49699248200841 172.04479444841084 -386.21520579744674
v 91.83124948865361 172.79663709742297 -376.51266647596754
v 135.85441757565923 169.32429043958948 -361.84401051474254
v 133.80128790265508 167.939077735273 -366.50723927771026
v -135.85440467470698 169.32429043958948 -361.84401051474254
v -133.80127500170283 167.93907773528076 -366.50719159399443
v -145.65724681490474 151.06881755231154 -366.165439654196
v 133.80128790265508 167.939077735273 -366.50723927771026
v 145.65725971585698 151.0688294732405 -366.16543965419794
v 138.20170809155888 154.41403259157983 -367.89216291648586
v -38.496985541520644 151.06880945634353 -388.41933446010313
v -45.64424108141475 154.41401455886265 -387.113516447367
v -45.64424108141475 168.2622957757036 -385.20974634941234
v 91.79077793485112 151.068823976342 -381.61262707790326
v 91.67565156346745 154.41402743762896 -381.23435270530354
v 138.20170809155888 154.41403259157983 -367.89216291648586
v 91.79077793485112 170.83957754038988 -380.5052713664727
v 91.67565156346745 167.46662225516528 -380.2779148599173
v 45.64424802190251 168.2622957757036 -385.20974634941234
v -91.79077695482783 170.8395656194687 -380.50522368275495
v -91.67565058344417 167.46662225517304 -380.2778671762015
v -127.96134303682857 165.5517207034265 -368.1873746156891
v -91.79077695482783 151.06881205541305 -381.6126270779013
v -91.67565058344417 154.4140155167 -381.2343527053016
v -45.64424108141475 154.41401455886265 -387.113516447367
v 91.79077793485112 151.068823976342 -381.61262707790326
v 38.49699248200841 151.06882137727249 -388.41933446010506
v 45.64424802190251 154.4140264797916 -387.1135164473689
v 38.49699248200841 151.06882137727249 -388.41933446010506
v 38.49699248200841 172.04479444841084 -386.21520579744674
v 45.64424802190251 168.2622957757036 -385.20974634941234
v 91.83124948865361 149.12784853489478 -377.6730935280356
v 91.79077793485112 151.068823976342 -381.61262707790326
v 145.65725971585698 151.0688294732405 -366.16543965419794
v -91.83124850863032 149.12783661396583 -377.6730935280337
v -148.27836106890254 149.127842231434 -361.48585483479707
v -145.65724681490474 151.06881755231154 -366.165439654196
v 135.85441757565923 169.32429043958948 -361.84401051474254
v 148.27837396985478 149.12785415236294 -361.485854834799
v 145.65725971585698 151.0688294732405 -366.16543965419794
v -91.83124850863032 172.79663709742297 -376.51266647596754
v -35.984244452653456 174.23948575865788 -382.4962101070336
v -38.496985541520644 172.04479444841084 -386.21520579744674
v -45.64424108141475 168.2622957757036 -385.20974634941234
v -45.64424108141475 154.41401455886265 -387.113516447367
v -53.945534931359816 157.24630870156784 -383.23268232933845
v 91.67565156346745 154.41402743762896 -381.23435270530354
v 91.54194046384282 157.24630948388779 -378.4308367788014
v 129.5423572195191 157.24631423951595 -367.5335341512385
v 91.67565156346745 167.46662225516528 -380.2779148599173
v 91.54194046384282 164.61084494288775 -377.6496356623523
v 53.945535911383104 165.05977455014144 -381.677765313129
v -91.67565058344417 167.46662225517304 -380.2778671762015
v -91.54193948381953 164.61084494288775 -377.6496356623523
v -121.17847751253657 163.53041997797797 -367.7746240422368
v -91.67565058344417 154.4140155167 -381.2343527053016
v -91.54193948381953 157.24630948388779 -378.4308367788014
v -53.945534931359816 157.24630870156784 -383.23268232933845
v 91.67565156346745 154.41402743762896 -381.23435270530354
v 45.64424802190251 154.4140264797916 -387.1135164473689
v 53.945535911383104 157.24630870156784 -383.23268232933845
v 45.64424802190251 168.2622957757036 -385.20974634941234
v 53.945535911383104 165.05977455014144 -381.677765313129
v 53.945535911383104 157.24630870156784 -383.23268232933845
v 91.67565156346745 167.46662225516528 -380.2779148599173
v 127.96135593778081 165.5517207034265 -368.1873746156891
v 121.17849041348882 163.5304199779702 -367.7746717259526
v -91.79077695482783 151.06881205541305 -381.6126270779013
v -145.65724681490474 151.06881755231154 -366.165439654196
v -138.20169519060664 154.41402067065087 -367.8921629164839
v -91.79077695482783 170.8395656194687 -380.50522368275495
v -38.496985541520644 172.04479444841084 -386.21520579744674
v -45.64424108141475 168.2622957757036 -385.20974634941234
v -133.80127500170283 167.93907773528076 -366.50719159399443
v -127.96134303682857 165.5517207034265 -368.1873746156891
v -138.20169519060664 154.41402067065087 -367.8921629164839
v 91.79077793485112 170.83957754038988 -380.5052713664727
v 133.80128790265508 167.939077735273 -366.50723927771026
v 127.96135593778081 165.5517207034265 -368.1873746156891
v 91.54194046384282 157.24630948388779 -378.4308367788014
v 53.945535911383104 157.24630870156784 -383.23268232933845
v 53.945535911383104 165.05977455014144 -381.677765313129
v 91.54194046384282 157.24630948388779 -378.4308367788014
v 53.945535911383104 165.05977455014144 -381.677765313129
v 91.54194046384282 164.61084494288775 -377.6496356623523
v 129.5423572195191 157.24631423951595 -367.5335341512385
v 91.54194046384282 157.24630948388779 -378.4308367788014
v 91.54194046384282 164.61084494288775 -377.6496356623523
v 129.5423572195191 157.24631423951595 -367.5335341512385
v 91.54194046384282 164.61084494288775 -377.6496356623523
v 121.17849041348882 163.5304199779702 -367.7746717259526
v -91.54193948381953 157.24630948388779 -378.4308367788014
v -91.54193948381953 164.61084494288775 -377.6496356623523
v -53.945534931359816 165.05977455014144 -381.677765313129
v -91.54193948381953 157.24630948388779 -378.4308367788014
v -53.945534931359816 165.05977455014144 -381.677765313129
v -53.945534931359816 157.24630870156784 -383.23268232933845
v -129.54234431856685 157.24631423951595 -367.5335341512385
v -121.17847751253657 163.53041997797797 -367.7746240422368
v -91.54193948381953 164.61084494288775 -377.6496356623523
v -129.54234431856685 157.24631423951595 -367.5335341512385
v -91.54193948381953 164.61084494288775 -377.6496356623523
v -91.54193948381953 157.24630948388779 -378.4308367788014
v 127.96135593778081 165.5517207034265 -368.1873746156891
v 138.20170809155888 154.41403259157983 -367.89216291648586
v 129.5423572195191 157.24631423951595 -367.5335341512385
v -91.67565058344417 154.4140155167 -381.2343527053016
v -138.20169519060664 154.41402067065087 -367.8921629164839
v -129.54234431856685 157.24631423951595 -367.5335341512385
v -91.67565058344417 167.46662225517304 -380.2778671762015
v -45.64424108141475 168.2622957757036 -385.20974634941234
v -53.945534931359816 165.05977455014144 -381.677765313129
v -127.96134303682857 165.5517207034265 -368.1873746156891
v -121.17847751253657 163.53041997797797 -367.7746240422368
v -129.54234431856685 157.24631423951595 -367.5335341512385
v 69.24326468831487 133.99197445187832 423.50717627190625
v 5.684341886080802e-14 133.04473153320492 442.1468839915395
v 59.113735450567674 127.17373815523736 417.34706118705907
v -67.149513469873 109.31722904529096 431.85540683917384
v 5.684341886080802e-14 103.30047659324578 448.13338862387076
v -57.32627462023311 114.10096252193944 424.4740622182519
v 1.0899375979533943e-7 126.67188379487452 433.25997554494484
v 5.684341886080802e-14 133.04473153320492 442.1468839915395
v -59.11373447054439 127.17373815523736 417.34706118705907
v 1.0899375979533943e-7 110.91326367992065 438.370718773971
v 5.684341886080802e-14 103.30047659324578 448.13338862387076
v 57.326275600256395 114.10096252193944 424.4740622182519
v 67.14951444989629 109.31722904529096 431.85540683917384
v 69.24326468831487 133.99197445187832 423.50717627190625
v 57.326275600256395 114.10096252193944 424.4740622182519
v -59.11373447054439 127.17373815523736 417.34706118705907
v -69.24326370829158 133.99197445187832 423.50717627190625
v -57.32627462023311 114.10096252193944 424.4740622182519
v 35.98425139314122 174.23948575865788 -382.4962101070336
v 91.83124948865361 172.79663709742297 -376.51266647596754
v 38.49699248200841 172.04479444841084 -386.21520579744674
v -35.984244452653456 174.23948575865788 -382.4962101070336
v -35.984244452653456 149.12783470683226 -384.8058621590149
v -38.496985541520644 172.04479444841084 -386.21520579744674
v 91.79077793485112 151.068823976342 -381.61262707790326
v 91.83124948865361 149.12784853489478 -377.6730935280356
v 38.49699248200841 151.06882137727249 -388.41933446010506
v -135.85440467470698 169.32429043958948 -361.84401051474254
v -91.83124850863032 172.79663709742297 -376.51266647596754
v -133.80127500170283 167.93907773528076 -366.50719159399443
v -35.984244452653456 149.12783470683226 -384.8058621590149
v -91.83124850863032 149.12783661396583 -377.6730935280337
v -38.496985541520644 151.06880945634353 -388.41933446010313
v 38.49699248200841 151.06882137727249 -388.41933446010506
v 35.98425139314122 149.12784662776122 -384.80586215901684
v 38.49699248200841 172.04479444841084 -386.21520579744674
v 91.79077793485112 170.83957754038988 -380.5052713664727
v 91.83124948865361 172.79663709742297 -376.51266647596754
v 133.80128790265508 167.939077735273 -366.50723927771026
v -148.27836106890254 149.127842231434 -361.48585483479707
v -135.85440467470698 169.32429043958948 -361.84401051474254
v -145.65724681490474 151.06881755231154 -366.165439654196
v 127.96135593778081 165.5517207034265 -368.1873746156891
v 133.80128790265508 167.939077735273 -366.50723927771026
v 138.20170809155888 154.41403259157983 -367.89216291648586
v -38.496985541520644 172.04479444841084 -386.21520579744674
v -38.496985541520644 151.06880945634353 -388.41933446010313
v -45.64424108141475 168.2622957757036 -385.20974634941234
v 145.65725971585698 151.0688294732405 -366.16543965419794
v 91.79077793485112 151.068823976342 -381.61262707790326
v 138.20170809155888 154.41403259157983 -367.89216291648586
v 38.49699248200841 172.04479444841084 -386.21520579744674
v 91.79077793485112 170.83957754038988 -380.5052713664727
v 45.64424802190251 168.2622957757036 -385.20974634941234
v -133.80127500170283 167.93907773528076 -366.50719159399443
v -91.79077695482783 170.8395656194687 -380.50522368275495
v -127.96134303682857 165.5517207034265 -368.1873746156891
v -38.496985541520644 151.06880945634353 -388.41933446010313
v -91.79077695482783 151.06881205541305 -381.6126270779013
v -45.64424108141475 154.41401455886265 -387.113516447367
v 91.67565156346745 154.41402743762896 -381.23435270530354
v 91.79077793485112 151.068823976342 -381.61262707790326
v 45.64424802190251 154.4140264797916 -387.1135164473689
v 45.64424802190251 154.4140264797916 -387.1135164473689
v 38.49699248200841 151.06882137727249 -388.41933446010506
v 45.64424802190251 168.2622957757036 -385.20974634941234
v 148.27837396985478 149.12785415236294 -361.485854834799
v 91.83124948865361 149.12784853489478 -377.6730935280356
v 145.65725971585698 151.0688294732405 -366.16543965419794
v -91.79077695482783 151.06881205541305 -381.6126270779013
v -91.83124850863032 149.12783661396583 -377.6730935280337
v -145.65724681490474 151.06881755231154 -366.165439654196
v 133.80128790265508 167.939077735273 -366.50723927771026
v 135.85441757565923 169.32429043958948 -361.84401051474254
v 145.65725971585698 151.0688294732405 -366.16543965419794
v -91.79077695482783 170.8395656194687 -380.50522368275495
v -91.83124850863032 172.79663709742297 -376.51266647596754
v -38.496985541520644 172.04479444841084 -386.21520579744674
v -53.945534931359816 165.05977455014144 -381.677765313129
v -45.64424108141475 168.2622957757036 -385.20974634941234
v -53.945534931359816 157.24630870156784 -383.23268232933845
v 138.20170809155888 154.41403259157983 -367.89216291648586
v 91.67565156346745 154.41402743762896 -381.23435270530354
v 129.5423572195191 157.24631423951595 -367.5335341512385
v 45.64424802190251 168.2622957757036 -385.20974634941234
v 91.67565156346745 167.46662225516528 -380.2779148599173
v 53.945535911383104 165.05977455014144 -381.677765313129
v -127.96134303682857 165.5517207034265 -368.1873746156891
v -91.67565058344417 167.46662225517304 -380.2778671762015
v -121.17847751253657 163.53041997797797 -367.7746240422368
v -45.64424108141475 154.41401455886265 -387.113516447367
v -91.67565058344417 154.4140155167 -381.2343527053016
v -53.945534931359816 157.24630870156784 -383.23268232933845
v 91.54194046384282 157.24630948388779 -378.4308367788014
v 91.67565156346745 154.41402743762896 -381.23435270530354
v 53.945535911383104 157.24630870156784 -383.23268232933845
v 45.64424802190251 154.4140264797916 -387.1135164473689
v 45.64424802190251 168.2622957757036 -385.20974634941234
v 53.945535911383104 157.24630870156784 -383.23268232933845
v 91.54194046384282 164.61084494288775 -377.6496356623523
v 91.67565156346745 167.46662225516528 -380.2779148599173
v 121.17849041348882 163.5304199779702 -367.7746717259526
v -91.67565058344417 154.4140155167 -381.2343527053016
v -91.79077695482783 151.06881205541305 -381.6126270779013
v -138.20169519060664 154.41402067065087 -367.8921629164839
v -91.67565058344417 167.46662225517304 -380.2778671762015
v -91.79077695482783 170.8395656194687 -380.50522368275495
v -45.64424108141475 168.2622957757036 -385.20974634941234
v -145.65724681490474 151.06881755231154 -366.165439654196
v -133.80127500170283 167.93907773528076 -366.50719159399443
v -138.20169519060664 154.41402067065087 -367.8921629164839
v 91.67565156346745 167.46662225516528 -380.2779148599173
v 91.79077793485112 170.83957754038988 -380.5052713664727
v 127.96135593778081 165.5517207034265 -368.1873746156891
v 121.17849041348882 163.5304199779702 -367.7746717259526
v 127.96135593778081 165.5517207034265 -368.1873746156891
v 129.5423572195191 157.24631423951595 -367.5335341512385
v -91.54193948381953 157.24630948388779 -378.4308367788014
v -91.67565058344417 154.4140155167 -381.2343527053016
v -129.54234431856685 157.24631423951595 -367.5335341512385
v -91.54193948381953 164.61084494288775 -377.6496356623523
v -91.67565058344417 167.46662225517304 -380.2778671762015
v -53.945534931359816 165.05977455014144 -381.677765313129
v -138.20169519060664 154.41402067065087 -367.8921629164839
v -127.96134303682857 165.5517207034265 -368.1873746156891
v -129.54234431856685 157.24631423951595 -367.5335341512385
v -32.832025991616774 114.0517172691763 -379.75452969268093
v 9.690815829799249e-7 114.0517172691763 -379.75452969268093
v 9.724126073251682e-7 109.93079544636589 -378.12298300078976
v -28.337028132615615 109.93079544636589 -378.12298300078976
v 9.690815829799249e-7 81.01069008087566 -379.7545243096144
v -32.831924663720656 80.20031129097393 -379.7545241775869
v -28.33694170588069 83.49249066445248 -378.1229786934432
v 9.724126073251682e-7 84.12540258499996 -378.1229787965577
v 32.83203889256902 114.0517172691763 -379.75452969268093
v 32.83203889256902 90.9091529724542 -379.7545259222787
v 28.337041033567857 91.85620547863846 -378.12298005606533
v 28.337041033567857 109.93079544636589 -378.12298300078976
v -32.832025991616774 90.9091529724542 -379.7545259222787
v -32.832025991616774 114.0517172691763 -379.75452969268093
v -28.337028132615615 109.93079544636589 -378.12298300078976
v -28.337028132615615 91.85620547863846 -378.12298005606533
v -32.831924663720656 80.20031129097393 -379.7545241775869
v -32.832025991616774 90.9091529724542 -379.7545259222787
v -28.337028132615615 91.85620547863846 -378.12298005606533
v -28.33694170588069 83.49249066445248 -378.1229786934432
v 32.83203889256902 90.9091529724542 -379.7545259222787
v 32.83193160420842 80.20031129097393 -379.7545241775869
v 28.336948646368455 83.49249066445248 -378.1229786934432
v 28.337041033567857 91.85620547863846 -378.12298005606533
v 9.690815829799249e-7 114.0517172691763 -379.75452969268093
v 32.83203889256902 114.0517172691763 -379.75452969268093
v 28.337041033567857 109.93079544636589 -378.12298300078976
v 9.724126073251682e-7 109.93079544636589 -378.12298300078976
v 32.83193160420842 80.20031129097393 -379.7545241775869
v 9.690815829799249e-7 81.01069008087566 -379.7545243096144
v 9.724126073251682e-7 84.12540258499996 -378.1229787965577
v 28.336948646368455 83.49249066445248 -378.1229786934432
vt 0.508109986782074 0.8874389976263046
vt 0.49274298548698425 0.8470840007066727
vt 0.4888629913330078 0.8514830023050308
vt 0.508109986782074 0.8874389976263046
vt 0.4888629913330078 0.8514830023050308
vt 0.4999620020389557 0.8830069974064827
vt 0.32023099064826965 0.7502609938383102
vt 0.32023099064826965 0.7502609938383102
vt 0.45578598976135254 0.7483949959278107
vt 0.3194560110569 0.8018459975719452
vt 0.3194560110569 0.8018459975719452
vt 0.451664000749588 0.7900000065565109
vt 0.49274298548698425 0.8470840007066727
vt 0.3194560110569 0.8452800065279007
vt 0.3194560110569 0.8505119979381561
vt 0.49274298548698425 0.8470840007066727
vt 0.3194560110569 0.8505119979381561
vt 0.4888629913330078 0.8514830023050308
vt 0.3194560110569 0.8951859995722771
vt 0.508109986782074 0.8874389976263046
vt 0.4999620020389557 0.8830069974064827
vt 0.3194560110569 0.8951859995722771
vt 0.4999620020389557 0.8830069974064827
vt 0.3194560110569 0.8836489990353584
vt 0.508109986782074 0.8874389976263046
vt 0.4999620020389557 0.8830069974064827
vt 0.4888629913330078 0.8514830023050308
vt 0.508109986782074 0.8874389976263046
vt 0.4888629913330078 0.8514830023050308
vt 0.49274298548698425 0.8470840007066727
vt 0.32023099064826965 0.7502609938383102
vt 0.45578598976135254 0.7483949959278107
vt 0.45578598976135254 0.7483949959278107
vt 0.3194560110569 0.8018459975719452
vt 0.451664000749588 0.7900000065565109
vt 0.451664000749588 0.7900000065565109
vt 0.49274298548698425 0.8470840007066727
vt 0.4888629913330078 0.8514830023050308
vt 0.3194560110569 0.8505119979381561
vt 0.49274298548698425 0.8470840007066727
vt 0.3194560110569 0.8505119979381561
vt 0.3194560110569 0.8452800065279007
vt 0.3194560110569 0.8951859995722771
vt 0.3194560110569 0.8836489990353584
vt 0.4999620020389557 0.8830069974064827
vt 0.3194560110569 0.8951859995722771
vt 0.4999620020389557 0.8830069974064827
vt 0.508109986782074 0.8874389976263046
vt 0.45578598976135254 0.7483949959278107
vt 0.45578598976135254 0.7483949959278107
vt 0.451664000749588 0.7900000065565109
vt 0.45578598976135254 0.7483949959278107
vt 0.451664000749588 0.7900000065565109
vt 0.451664000749588 0.7900000065565109
vt 0.10467100143432617 0.09347498416900635
vt 0.10467100143432617 0.09347498416900635
vt 0.016297999769449234 0.08211201429367065
vt 0.6563559770584106 0.4847699999809265
vt 0.6563559770584106 0.4847699999809265
vt 0.6563559770584106 0.40236902236938477
vt 0.5036410093307495 0.4847699999809265
vt 0.6563559770584106 0.4847699999809265
vt 0.6563559770584106 0.4847699999809265
vt 0.10467100143432617 0.09347498416900635
vt 0.10467100143432617 0.09347498416900635
vt 0.17433500289916992 0.12132900953292847
vt 0.5036410093307495 0.4847699999809265
vt 0.5036410093307495 0.4847699999809265
vt 0.6563559770584106 0.4847699999809265
vt 0.6563559770584106 0.4847699999809265
vt 0.6563559770584106 0.40236902236938477
vt 0.6563559770584106 0.40236902236938477
vt 0.10467100143432617 0.09347498416900635
vt 0.17433500289916992 0.12132900953292847
vt 0.17433500289916992 0.12132900953292847
vt 0.9844340085983276 0.21357399225234985
vt 0.9844340085983276 0.21357399225234985
vt 0.983780026435852 0.25049299001693726
vt 0.9844340085983276 0.21357399225234985
vt 0.983780026435852 0.25049299001693726
vt 0.983780026435852 0.25049299001693726
vt 0.6563559770584106 0.4847699999809265
vt 0.6563559770584106 0.4847699999809265
vt 0.6563559770584106 0.40236902236938477
vt 0.5036410093307495 0.4847699999809265
vt 0.5036410093307495 0.4847699999809265
vt 0.3492850065231323 0.4847699999809265
vt 0.10467100143432617 0.09347498416900635
vt 0.10467100143432617 0.09347498416900635
vt 0.016297999769449234 0.08211201429367065
vt 0.10467100143432617 0.09347498416900635
vt 0.10467100143432617 0.09347498416900635
vt 0.17433500289916992 0.12132900953292847
vt 0.5036410093307495 0.4847699999809265
vt 0.5036410093307495 0.4847699999809265
vt 0.6563559770584106 0.4847699999809265
vt 0.5036410093307495 0.4847699999809265
vt 0.6563559770584106 0.4847699999809265
vt 0.6563559770584106 0.4847699999809265
vt 0.6563559770584106 0.4847699999809265
vt 0.6563559770584106 0.40236902236938477
vt 0.6563559770584106 0.40236902236938477
vt 0.5036410093307495 0.4847699999809265
vt 0.5036410093307495 0.4847699999809265
vt 0.3492850065231323 0.4847699999809265
vt 0.5036410093307495 0.4847699999809265
vt 0.3492850065231323 0.4847699999809265
vt 0.3492850065231323 0.4847699999809265
vt 0.9844340085983276 0.21357399225234985
vt 0.983780026435852 0.25049299001693726
vt 0.983780026435852 0.25049299001693726
vt 0.10467100143432617 0.09347498416900635
vt 0.016297999769449234 0.08211201429367065
vt 0.016297999769449234 0.08211201429367065
vt 0.6563559770584106 0.40236902236938477
vt 0.6563559770584106 0.4847699999809265
vt 0.6563559770584106 0.4847699999809265
vt 0.5036410093307495 0.4847699999809265
vt 0.5036410093307495 0.4847699999809265
vt 0.3492850065231323 0.4847699999809265
vt 0.10467100143432617 0.09347498416900635
vt 0.10467100143432617 0.09347498416900635
vt 0.016297999769449234 0.08211201429367065
vt 0.10467100143432617 0.09347498416900635
vt 0.10467100143432617 0.09347498416900635
vt 0.17433500289916992 0.12132900953292847
vt 0.5036410093307495 0.4847699999809265
vt 0.5036410093307495 0.4847699999809265
vt 0.6563559770584106 0.4847699999809265
vt 0.5036410093307495 0.4847699999809265
vt 0.6563559770584106 0.4847699999809265
vt 0.6563559770584106 0.4847699999809265
vt 0.6563559770584106 0.40236902236938477
vt 0.6563559770584106 0.40236902236938477
vt 0.6563559770584106 0.4847699999809265
vt 0.10467100143432617 0.09347498416900635
vt 0.17433500289916992 0.12132900953292847
vt 0.17433500289916992 0.12132900953292847
vt 0.5036410093307495 0.4847699999809265
vt 0.3492850065231323 0.4847699999809265
vt 0.3492850065231323 0.4847699999809265
vt 0.10467100143432617 0.09347498416900635
vt 0.016297999769449234 0.08211201429367065
vt 0.016297999769449234 0.08211201429367065
vt 0.9844340085983276 0.21357399225234985
vt 0.9844340085983276 0.21357399225234985
vt 0.983780026435852 0.25049299001693726
vt 0.10467100143432617 0.09347498416900635
vt 0.17433500289916992 0.12132900953292847
vt 0.17433500289916992 0.12132900953292847
vt 0.5036410093307495 0.4847699999809265
vt 0.6563559770584106 0.4847699999809265
vt 0.6563559770584106 0.40236902236938477
vt 0.5036410093307495 0.4847699999809265
vt 0.6563559770584106 0.40236902236938477
vt 0.5036410093307495 0.40710198879241943
vt 0.3492850065231323 0.4847699999809265
vt 0.5036410093307495 0.4847699999809265
vt 0.5036410093307495 0.40710198879241943
vt 0.3492850065231323 0.4847699999809265
vt 0.5036410093307495 0.40710198879241943
vt 0.38325798511505127 0.4184979796409607
vt 0.5036410093307495 0.4847699999809265
vt 0.5036410093307495 0.40710198879241943
vt 0.6563559770584106 0.40236902236938477
vt 0.5036410093307495 0.4847699999809265
vt 0.6563559770584106 0.40236902236938477
vt 0.6563559770584106 0.4847699999809265
vt 0.3492850065231323 0.4847699999809265
vt 0.38325798511505127 0.4184979796409607
vt 0.5036410093307495 0.40710198879241943
vt 0.3492850065231323 0.4847699999809265
vt 0.5036410093307495 0.40710198879241943
vt 0.5036410093307495 0.4847699999809265
vt 0.9844340085983276 0.21357399225234985
vt 0.983780026435852 0.25049299001693726
vt 0.983780026435852 0.25049299001693726
vt 0.5036410093307495 0.4847699999809265
vt 0.3492850065231323 0.4847699999809265
vt 0.3492850065231323 0.4847699999809265
vt 0.10467100143432617 0.09347498416900635
vt 0.016297999769449234 0.08211201429367065
vt 0.016297999769449234 0.08211201429367065
vt 0.9844340085983276 0.21357399225234985
vt 0.9844340085983276 0.21357399225234985
vt 0.983780026435852 0.25049299001693726
vt 0.45578598976135254 0.7483949959278107
vt 0.32023099064826965 0.7502609938383102
vt 0.45578598976135254 0.7483949959278107
vt 0.451664000749588 0.7900000065565109
vt 0.3194560110569 0.8018459975719452
vt 0.451664000749588 0.7900000065565109
vt 0.32023099064826965 0.7502609938383102
vt 0.32023099064826965 0.7502609938383102
vt 0.45578598976135254 0.7483949959278107
vt 0.3194560110569 0.8018459975719452
vt 0.3194560110569 0.8018459975719452
vt 0.451664000749588 0.7900000065565109
vt 0.451664000749588 0.7900000065565109
vt 0.45578598976135254 0.7483949959278107
vt 0.451664000749588 0.7900000065565109
vt 0.45578598976135254 0.7483949959278107
vt 0.45578598976135254 0.7483949959278107
vt 0.451664000749588 0.7900000065565109
vt 0.016297999769449234 0.08211201429367065
vt 0.10467100143432617 0.09347498416900635
vt 0.016297999769449234 0.08211201429367065
vt 0.6563559770584106 0.40236902236938477
vt 0.6563559770584106 0.4847699999809265
vt 0.6563559770584106 0.40236902236938477
vt 0.5036410093307495 0.4847699999809265
vt 0.5036410093307495 0.4847699999809265
vt 0.6563559770584106 0.4847699999809265
vt 0.17433500289916992 0.12132900953292847
vt 0.10467100143432617 0.09347498416900635
vt 0.17433500289916992 0.12132900953292847
vt 0.6563559770584106 0.4847699999809265
vt 0.5036410093307495 0.4847699999809265
vt 0.6563559770584106 0.4847699999809265
vt 0.6563559770584106 0.4847699999809265
vt 0.6563559770584106 0.4847699999809265
vt 0.6563559770584106 0.40236902236938477
vt 0.10467100143432617 0.09347498416900635
vt 0.10467100143432617 0.09347498416900635
vt 0.17433500289916992 0.12132900953292847
vt 0.983780026435852 0.25049299001693726
vt 0.9844340085983276 0.21357399225234985
vt 0.983780026435852 0.25049299001693726
vt 0.9844340085983276 0.21357399225234985
vt 0.9844340085983276 0.21357399225234985
vt 0.983780026435852 0.25049299001693726
vt 0.6563559770584106 0.40236902236938477
vt 0.6563559770584106 0.4847699999809265
vt 0.6563559770584106 0.40236902236938477
vt 0.3492850065231323 0.4847699999809265
vt 0.5036410093307495 0.4847699999809265
vt 0.3492850065231323 0.4847699999809265
vt 0.016297999769449234 0.08211201429367065
vt 0.10467100143432617 0.09347498416900635
vt 0.016297999769449234 0.08211201429367065
vt 0.17433500289916992 0.12132900953292847
vt 0.10467100143432617 0.09347498416900635
vt 0.17433500289916992 0.12132900953292847
vt 0.6563559770584106 0.4847699999809265
vt 0.5036410093307495 0.4847699999809265
vt 0.6563559770584106 0.4847699999809265
vt 0.5036410093307495 0.4847699999809265
vt 0.5036410093307495 0.4847699999809265
vt 0.6563559770584106 0.4847699999809265
vt 0.6563559770584106 0.4847699999809265
vt 0.6563559770584106 0.4847699999809265
vt 0.6563559770584106 0.40236902236938477
vt 0.3492850065231323 0.4847699999809265
vt 0.5036410093307495 0.4847699999809265
vt 0.3492850065231323 0.4847699999809265
vt 0.5036410093307495 0.4847699999809265
vt 0.5036410093307495 0.4847699999809265
vt 0.3492850065231323 0.4847699999809265
vt 0.9844340085983276 0.21357399225234985
vt 0.9844340085983276 0.21357399225234985
vt 0.983780026435852 0.25049299001693726
vt 0.10467100143432617 0.09347498416900635
vt 0.10467100143432617 0.09347498416900635
vt 0.016297999769449234 0.08211201429367065
vt 0.6563559770584106 0.40236902236938477
vt 0.6563559770584106 0.40236902236938477
vt 0.6563559770584106 0.4847699999809265
vt 0.3492850065231323 0.4847699999809265
vt 0.5036410093307495 0.4847699999809265
vt 0.3492850065231323 0.4847699999809265
vt 0.016297999769449234 0.08211201429367065
vt 0.10467100143432617 0.09347498416900635
vt 0.016297999769449234 0.08211201429367065
vt 0.17433500289916992 0.12132900953292847
vt 0.10467100143432617 0.09347498416900635
vt 0.17433500289916992 0.12132900953292847
vt 0.6563559770584106 0.4847699999809265
vt 0.5036410093307495 0.4847699999809265
vt 0.6563559770584106 0.4847699999809265
vt 0.5036410093307495 0.4847699999809265
vt 0.5036410093307495 0.4847699999809265
vt 0.6563559770584106 0.4847699999809265
vt 0.6563559770584106 0.4847699999809265
vt 0.6563559770584106 0.40236902236938477
vt 0.6563559770584106 0.4847699999809265
vt 0.10467100143432617 0.09347498416900635
vt 0.10467100143432617 0.09347498416900635
vt 0.17433500289916992 0.12132900953292847
vt 0.5036410093307495 0.4847699999809265
vt 0.5036410093307495 0.4847699999809265
vt 0.3492850065231323 0.4847699999809265
vt 0.10467100143432617 0.09347498416900635
vt 0.10467100143432617 0.09347498416900635
vt 0.016297999769449234 0.08211201429367065
vt 0.983780026435852 0.25049299001693726
vt 0.9844340085983276 0.21357399225234985
vt 0.983780026435852 0.25049299001693726
vt 0.10467100143432617 0.09347498416900635
vt 0.10467100143432617 0.09347498416900635
vt 0.17433500289916992 0.12132900953292847
vt 0.9844340085983276 0.21357399225234985
vt 0.9844340085983276 0.21357399225234985
vt 0.983780026435852 0.25049299001693726
vt 0.5036410093307495 0.4847699999809265
vt 0.5036410093307495 0.4847699999809265
vt 0.3492850065231323 0.4847699999809265
vt 0.10467100143432617 0.09347498416900635
vt 0.10467100143432617 0.09347498416900635
vt 0.016297999769449234 0.08211201429367065
vt 0.983780026435852 0.25049299001693726
vt 0.9844340085983276 0.21357399225234985
vt 0.983780026435852 0.25049299001693726
vt 0.5036410093307495 0.4847699999809265
vt 0.6563559770584106 0.4847699999809265
vt 0.6563559770584106 0.4847699999809265
vt 0.5036410093307495 0.4847699999809265
vt 0.9848530292510986 0.12856298685073853
vt 0.9790679812431335 0.07581901550292969
vt 0.9790679812431335 0.07581901550292969
vt 0.9848530292510986 0.12856298685073853
vt 0.5036410093307495 0.4847699999809265
vt 0.5036410093307495 0.592415988445282
vt 0.5036410093307495 0.592415988445282
vt 0.5036410093307495 0.4847699999809265
vt 0.5036410093307495 0.592415988445282
vt 0.5036410093307495 0.4847699999809265
vt 0.5036410093307495 0.4847699999809265
vt 0.5036410093307495 0.592415988445282
vt 0.5036410093307495 0.6422269940376282
vt 0.5036410093307495 0.592415988445282
vt 0.5036410093307495 0.592415988445282
vt 0.5036410093307495 0.6422269940376282
vt 0.5036410093307495 0.592415988445282
vt 0.5036410093307495 0.6422269940376282
vt 0.5036410093307495 0.6422269940376282
vt 0.5036410093307495 0.592415988445282
vt 0.6563559770584106 0.4847699999809265
vt 0.5036410093307495 0.4847699999809265
vt 0.5036410093307495 0.4847699999809265
vt 0.6563559770584106 0.4847699999809265
vt 0.9790679812431335 0.07581901550292969
vt 0.9848530292510986 0.12856298685073853
vt 0.9848530292510986 0.12856298685073853
vt 0.9790679812431335 0.07581901550292969
vn -0.5384187744193965 -0.45389197016720495 0.7099910582327416
vn -0.5384187744193965 -0.45389197016720495 0.7099910582327416
vn -0.5384187744193965 -0.45389197016720495 0.7099910582327416
vn -0.6056725034873277 -0.5025766390201777 0.6169096695875134
vn -0.6056725034873277 -0.5025766390201777 0.6169096695875134
vn -0.6056725034873277 -0.5025766390201777 0.6169096695875134
vn 0.16161891935311645 -0.8019635847311469 0.5750945432468471
vn 0.16161891935311645 -0.8019635847311469 0.5750945432468471
vn 0.16161891935311645 -0.8019635847311469 0.5750945432468471
vn -0.10463829191404403 0.7842561892602139 0.6115497179071858
vn -0.10463829191404403 0.7842561892602139 0.6115497179071858
vn -0.10463829191404403 0.7842561892602139 0.6115497179071858
vn 0.08882486064957729 -0.9021513955981945 0.4221765075780662
vn 0.08882486064957729 -0.9021513955981945 0.4221765075780662
vn 0.08882486064957729 -0.9021513955981945 0.4221765075780662
vn 0.08808477407852372 -0.9053723325442427 0.41538176661829124
vn 0.08808477407852372 -0.9053723325442427 0.41538176661829124
vn 0.08808477407852372 -0.9053723325442427 0.41538176661829124
vn 0.11711650820059055 0.8339624497464483 0.5392498084559731
vn 0.11711650820059055 0.8339624497464483 0.5392498084559731
vn 0.11711650820059055 0.8339624497464483 0.5392498084559731
vn 0.14548360897773782 0.7845934201583372 0.6027003273294745
vn 0.14548360897773782 0.7845934201583372 0.6027003273294745
vn 0.14548360897773782 0.7845934201583372 0.6027003273294745
vn 0.6056721295903356 -0.5025763769559382 0.6169102501688154
vn 0.6056721295903356 -0.5025763769559382 0.6169102501688154
vn 0.6056721295903356 -0.5025763769559382 0.6169102501688154
vn 0.5384192161257204 -0.4538923577841893 0.7099904754654629
vn 0.5384192161257204 -0.4538923577841893 0.7099904754654629
vn 0.5384192161257204 -0.4538923577841893 0.7099904754654629
vn -0.17015679472649528 -0.7877166037838543 0.5920719697229685
vn -0.17015679472649528 -0.7877166037838543 0.5920719697229685
vn -0.17015679472649528 -0.7877166037838543 0.5920719697229685
vn 0.044103016116546975 0.864127662322786 0.5013365208898914
vn 0.044103016116546975 0.864127662322786 0.5013365208898914
vn 0.044103016116546975 0.864127662322786 0.5013365208898914
vn -0.0880847729880926 -0.9053723213363284 0.415381791278463
vn -0.0880847729880926 -0.9053723213363284 0.415381791278463
vn -0.0880847729880926 -0.9053723213363284 0.415381791278463
vn -0.08882486176715709 -0.90215140694892 0.4221764830874989
vn -0.08882486176715709 -0.90215140694892 0.4221764830874989
vn -0.08882486176715709 -0.90215140694892 0.4221764830874989
vn -0.14548361420405398 0.784593448343862 0.6027002893760826
vn -0.14548361420405398 0.784593448343862 0.6027002893760826
vn -0.14548361420405398 0.784593448343862 0.6027002893760826
vn -0.11711651178464103 0.8339624222136991 0.5392498502576127
vn -0.11711651178464103 0.8339624222136991 0.5392498502576127
vn -0.11711651178464103 0.8339624222136991 0.5392498502576127
vn -0.6619365935290417 0.42653648964992996 0.6163656132071964
vn -0.6619365935290417 0.42653648964992996 0.6163656132071964
vn -0.6619365935290417 0.42653648964992996 0.6163656132071964
vn 0.4652207268633766 0.3188568258838434 0.825772365657747
vn 0.4652207268633766 0.3188568258838434 0.825772365657747
vn 0.4652207268633766 0.3188568258838434 0.825772365657747
vn 0.06736270508271251 0.8956200787653373 -0.43968959559706494
vn 0.06736270508271251 0.8956200787653373 -0.43968959559706494
vn 0.06736270508271251 0.8956200787653373 -0.43968959559706494
vn 0.8338992133406334 0.05767630131239039 -0.5488948407999431
vn 0.8338992133406334 0.05767630131239039 -0.5488948407999431
vn 0.8338992133406334 0.05767630131239039 -0.5488948407999431
vn 0.05641583296830342 -0.8953795467051 -0.44171565642691696
vn 0.05641583296830342 -0.8953795467051 -0.44171565642691696
vn 0.05641583296830342 -0.8953795467051 -0.44171565642691696
vn -0.20473612566595376 0.8780811244099264 -0.4325004714474821
vn -0.20473612566595376 0.8780811244099264 -0.4325004714474821
vn -0.20473612566595376 0.8780811244099264 -0.4325004714474821
vn -0.05641669283938644 -0.8953775691036959 -0.4417195552780323
vn -0.05641669283938644 -0.8953775691036959 -0.4417195552780323
vn -0.05641669283938644 -0.8953775691036959 -0.4417195552780323
vn -0.8125181150034063 0.05339024785308834 -0.5804858260332437
vn -0.8125181150034063 0.05339024785308834 -0.5804858260332437
vn -0.8125181150034063 0.05339024785308834 -0.5804858260332437
vn 0.19069963915135488 0.9149215940198634 -0.35574165404643776
vn 0.19069963915135488 0.9149215940198634 -0.35574165404643776
vn 0.19069963915135488 0.9149215940198634 -0.35574165404643776
vn -0.7270231666171714 0.501429409582545 -0.4690478252882545
vn -0.7270231666171714 0.501429409582545 -0.4690478252882545
vn -0.7270231666171714 0.501429409582545 -0.4690478252882545
vn 0.30319356852915536 0.1941685940576571 -0.9329374132728461
vn 0.30319356852915536 0.1941685940576571 -0.9329374132728461
vn 0.30319356852915536 0.1941685940576571 -0.9329374132728461
vn -0.11645832663334467 0.1352638638981317 -0.983941637131547
vn -0.11645832663334467 0.1352638638981317 -0.983941637131547
vn -0.11645832663334467 0.1352638638981317 -0.983941637131547
vn 0.27375227656869194 0.11736723319528075 -0.9546122896996156
vn 0.27375227656869194 0.11736723319528075 -0.9546122896996156
vn 0.27375227656869194 0.11736723319528075 -0.9546122896996156
vn 0.10506206897279542 -0.07045479232341333 -0.9919667756038103
vn 0.10506206897279542 -0.07045479232341333 -0.9919667756038103
vn 0.10506206897279542 -0.07045479232341333 -0.9919667756038103
vn -0.3116970316382502 -0.07448928484862115 -0.9472572548735875
vn -0.3116970316382502 -0.07448928484862115 -0.9472572548735875
vn -0.3116970316382502 -0.07448928484862115 -0.9472572548735875
vn -0.12583990114895807 0.11575695208652323 -0.9852738945706715
vn -0.12583990114895807 0.11575695208652323 -0.9852738945706715
vn -0.12583990114895807 0.11575695208652323 -0.9852738945706715
vn 0.1258395662112171 0.11576134138644473 -0.9852734216531894
vn 0.1258395662112171 0.11576134138644473 -0.9852734216531894
vn 0.1258395662112171 0.11576134138644473 -0.9852734216531894
vn 0.19159651100882596 0.10256736576131051 -0.9760997451336777
vn 0.19159651100882596 0.10256736576131051 -0.9760997451336777
vn 0.19159651100882596 0.10256736576131051 -0.9760997451336777
vn 0.12602925222502712 -0.8893665736197409 -0.4394812001798058
vn 0.12602925222502712 -0.8893665736197409 -0.4394812001798058
vn 0.12602925222502712 -0.8893665736197409 -0.4394812001798058
vn -0.12602859666678365 -0.8893678996303911 -0.43947870475055784
vn -0.12602859666678365 -0.8893678996303911 -0.43947870475055784
vn -0.12602859666678365 -0.8893678996303911 -0.43947870475055784
vn 0.8258735287238331 0.5035401612777809 -0.2537325768079272
vn 0.8258735287238331 0.5035401612777809 -0.2537325768079272
vn 0.8258735287238331 0.5035401612777809 -0.2537325768079272
vn -0.07306403634209338 0.8797438827201065 -0.4698003271709726
vn -0.07306403634209338 0.8797438827201065 -0.4698003271709726
vn -0.07306403634209338 0.8797438827201065 -0.4698003271709726
vn -0.38462180477631674 0.12571424953407187 -0.9144736162157406
vn -0.38462180477631674 0.12571424953407187 -0.9144736162157406
vn -0.38462180477631674 0.12571424953407187 -0.9144736162157406
vn 0.19840853034740283 0.6942172156817307 -0.6918789724630232
vn 0.19840853034740283 0.6942172156817307 -0.6918789724630232
vn 0.19840853034740283 0.6942172156817307 -0.6918789724630232
vn 0.0703766773736148 -0.6772903019495512 -0.7323421127908294
vn 0.0703766773736148 -0.6772903019495512 -0.7323421127908294
vn 0.0703766773736148 -0.6772903019495512 -0.7323421127908294
vn -0.21353950927915483 -0.6669596482502229 -0.7138387111825448
vn -0.21353950927915483 -0.6669596482502229 -0.7138387111825448
vn -0.21353950927915483 -0.6669596482502229 -0.7138387111825448
vn -0.0901308506316644 0.7027686277472163 -0.705685968132219
vn -0.0901308506316644 0.7027686277472163 -0.705685968132219
vn -0.0901308506316644 0.7027686277472163 -0.705685968132219
vn 0.09013044821613031 0.7027702960211425 -0.7056843581479719
vn 0.09013044821613031 0.7027702960211425 -0.7056843581479719
vn 0.09013044821613031 0.7027702960211425 -0.7056843581479719
vn 0.44188602866321397 0.1750901095686492 -0.8798182716922238
vn 0.44188602866321397 0.1750901095686492 -0.8798182716922238
vn 0.44188602866321397 0.1750901095686492 -0.8798182716922238
vn 0.1791841243210307 -0.7348366271730301 -0.6541469108359913
vn 0.1791841243210307 -0.7348366271730301 -0.6541469108359913
vn 0.1791841243210307 -0.7348366271730301 -0.6541469108359913
vn -0.2737523279732501 0.11737025461535451 -0.9546119034774043
vn -0.2737523279732501 0.11737025461535451 -0.9546119034774043
vn -0.2737523279732501 0.11737025461535451 -0.9546119034774043
vn -0.10483323879482005 -0.06566655750488434 -0.9923194522275808
vn -0.10483323879482005 -0.06566655750488434 -0.9923194522275808
vn -0.10483323879482005 -0.06566655750488434 -0.9923194522275808
vn -0.20908293322370455 0.16669754343371654 -0.9635851057627116
vn -0.20908293322370455 0.16669754343371654 -0.9635851057627116
vn -0.20908293322370455 0.16669754343371654 -0.9635851057627116
vn 0.30922111440409866 -0.09015398125231996 -0.9467072208824878
vn 0.30922111440409866 -0.09015398125231996 -0.9467072208824878
vn 0.30922111440409866 -0.09015398125231996 -0.9467072208824878
vn 0.124293135328412 0.19366687178534153 -0.9731620416370097
vn 0.124293135328412 0.19366687178534153 -0.9731620416370097
vn 0.124293135328412 0.19366687178534153 -0.9731620416370097
vn 0.10718217634690436 0.1048779755024501 -0.9886923643520509
vn 0.10718217634690436 0.1048779755024501 -0.9886923643520509
vn 0.10718217634690436 0.1048779755024501 -0.9886923643520509
vn 0.2742355729357759 0.10143858877747901 -0.9562975809043022
vn 0.2742355729357759 0.10143858877747901 -0.9562975809043022
vn 0.2742355729357759 0.10143858877747901 -0.9562975809043022
vn 0.30551189996073874 0.373010525774053 -0.8760853991730168
vn 0.30551189996073874 0.373010525774053 -0.8760853991730168
vn 0.30551189996073874 0.373010525774053 -0.8760853991730168
vn -0.10718223459678569 0.10487803378145602 -0.9886923518552047
vn -0.10718223459678569 0.10487803378145602 -0.9886923518552047
vn -0.10718223459678569 0.10487803378145602 -0.9886923518552047
vn -0.124293135328412 0.19366687178534153 -0.9731620416370097
vn -0.124293135328412 0.19366687178534153 -0.9731620416370097
vn -0.124293135328412 0.19366687178534153 -0.9731620416370097
vn -0.3055136639015784 0.3730104432092057 -0.8760848191963523
vn -0.3055136639015784 0.3730104432092057 -0.8760848191963523
vn -0.3055136639015784 0.3730104432092057 -0.8760848191963523
vn -0.2742355729357759 0.10143858877747901 -0.9562975809043022
vn -0.2742355729357759 0.10143858877747901 -0.9562975809043022
vn -0.2742355729357759 0.10143858877747901 -0.9562975809043022
vn -0.07113950706167149 -0.09174128420958928 -0.9932384946761769
vn -0.07113950706167149 -0.09174128420958928 -0.9932384946761769
vn -0.07113950706167149 -0.09174128420958928 -0.9932384946761769
vn -0.19840943748005552 0.6942145866453308 -0.691881350238392
vn -0.19840943748005552 0.6942145866453308 -0.691881350238392
vn -0.19840943748005552 0.6942145866453308 -0.691881350238392
vn -0.06960957871869668 -0.6521266985550321 -0.7549074616019634
vn -0.06960957871869668 -0.6521266985550321 -0.7549074616019634
vn -0.06960957871869668 -0.6521266985550321 -0.7549074616019634
vn 0.0352342690403458 -0.08509377290672623 -0.9957497658034828
vn 0.0352342690403458 -0.08509377290672623 -0.9957497658034828
vn 0.0352342690403458 -0.08509377290672623 -0.9957497658034828
vn 0.17015667505228038 -0.7877168996548433 0.5920716104774103
vn 0.17015667505228038 -0.7877168996548433 0.5920716104774103
vn 0.17015667505228038 -0.7877168996548433 0.5920716104774103
vn -0.04410287679076141 0.8641282425604254 0.5013355330197624
vn -0.04410287679076141 0.8641282425604254 0.5013355330197624
vn -0.04410287679076141 0.8641282425604254 0.5013355330197624
vn -0.16161891935311645 -0.8019635847311469 0.5750945432468471
vn -0.16161891935311645 -0.8019635847311469 0.5750945432468471
vn -0.16161891935311645 -0.8019635847311469 0.5750945432468471
vn 0.10463839508008159 0.7842561807003483 0.6115497112323474
vn 0.10463839508008159 0.7842561807003483 0.6115497112323474
vn 0.10463839508008159 0.7842561807003483 0.6115497112323474
vn -0.46522001497067833 0.31885827745241246 0.825772206223219
vn -0.46522001497067833 0.31885827745241246 0.825772206223219
vn -0.46522001497067833 0.31885827745241246 0.825772206223219
vn 0.6619368488131635 0.4265358064588354 0.6163658118291527
vn 0.6619368488131635 0.4265358064588354 0.6163658118291527
vn 0.6619368488131635 0.4265358064588354 0.6163658118291527
vn 0.07306347709852087 0.8797456654403605 -0.4697970758244154
vn 0.07306347709852087 0.8797456654403605 -0.4697970758244154
vn 0.07306347709852087 0.8797456654403605 -0.4697970758244154
vn 0.8125187871231716 0.05339026011126421 -0.5804848841245924
vn 0.8125187871231716 0.05339026011126421 -0.5804848841245924
vn 0.8125187871231716 0.05339026011126421 -0.5804848841245924
vn 0.05641669358207115 -0.8953775808906853 -0.44171953129062674
vn 0.05641669358207115 -0.8953775808906853 -0.44171953129062674
vn 0.05641669358207115 -0.8953775808906853 -0.44171953129062674
vn -0.1906998876053597 0.9149210938381508 -0.35574280726011154
vn -0.1906998876053597 0.9149210938381508 -0.35574280726011154
vn -0.1906998876053597 0.9149210938381508 -0.35574280726011154
vn -0.056415984878124006 -0.8953789375322563 -0.4417168718464797
vn -0.056415984878124006 -0.8953789375322563 -0.4417168718464797
vn -0.056415984878124006 -0.8953789375322563 -0.4417168718464797
vn -0.8338991304183502 0.05767631792881505 -0.5488949650321939
vn -0.8338991304183502 0.05767631792881505 -0.5488949650321939
vn -0.8338991304183502 0.05767631792881505 -0.5488949650321939
vn 0.20473190944927042 0.8780880377285984 -0.432488431349551
vn 0.20473190944927042 0.8780880377285984 -0.432488431349551
vn 0.20473190944927042 0.8780880377285984 -0.432488431349551
vn -0.8258730105703156 0.5035408280792871 -0.2537329400545962
vn -0.8258730105703156 0.5035408280792871 -0.2537329400545962
vn -0.8258730105703156 0.5035408280792871 -0.2537329400545962
vn 0.2090773573623536 0.16669462055176534 -0.963586821265981
vn 0.2090773573623536 0.16669462055176534 -0.963586821265981
vn 0.2090773573623536 0.16669462055176534 -0.963586821265981
vn -0.19159636689573592 0.1025672422502325 -0.9760997863996983
vn -0.19159636689573592 0.1025672422502325 -0.9760997863996983
vn -0.19159636689573592 0.1025672422502325 -0.9760997863996983
vn 0.27375209157591013 0.11737644158675148 -0.9546112105555049
vn 0.27375209157591013 0.11737644158675148 -0.9546112105555049
vn 0.27375209157591013 0.11737644158675148 -0.9546112105555049
vn 0.1048321906375073 -0.06570317392446251 -0.9923171391961308
vn 0.1048321906375073 -0.06570317392446251 -0.9923171391961308
vn 0.1048321906375073 -0.06570317392446251 -0.9923171391961308
vn -0.30922260408165636 -0.09014450398615657 -0.946707636773914
vn -0.30922260408165636 -0.09014450398615657 -0.946707636773914
vn -0.30922260408165636 -0.09014450398615657 -0.946707636773914
vn -0.12583987780100547 0.11574181218839079 -0.9852756761771679
vn -0.12583987780100547 0.11574181218839079 -0.9852756761771679
vn -0.12583987780100547 0.11574181218839079 -0.9852756761771679
vn 0.12583990114895807 0.11575695208652323 -0.9852738945706715
vn 0.12583990114895807 0.11575695208652323 -0.9852738945706715
vn 0.12583990114895807 0.11575695208652323 -0.9852738945706715
vn 0.11645823760020076 0.1352639662341829 -0.9839416336011263
vn 0.11645823760020076 0.1352639662341829 -0.9839416336011263
vn 0.11645823760020076 0.1352639662341829 -0.9839416336011263
vn 0.1260288648239754 -0.8893674678947456 -0.439479501548899
vn 0.1260288648239754 -0.8893674678947456 -0.439479501548899
vn 0.1260288648239754 -0.8893674678947456 -0.439479501548899
vn -0.12602932554742813 -0.8893665652686655 -0.43948119605311525
vn -0.12602932554742813 -0.8893665652686655 -0.43948119605311525
vn -0.12602932554742813 -0.8893665652686655 -0.43948119605311525
vn 0.7270246701859534 0.5014307897683241 -0.46904401927038875
vn 0.7270246701859534 0.5014307897683241 -0.46904401927038875
vn 0.7270246701859534 0.5014307897683241 -0.46904401927038875
vn -0.06736446267952483 0.8956150621348548 -0.43969954474058687
vn -0.06736446267952483 0.8956150621348548 -0.43969954474058687
vn -0.06736446267952483 0.8956150621348548 -0.43969954474058687
vn -0.44188602866321397 0.1750901095686492 -0.8798182716922238
vn -0.44188602866321397 0.1750901095686492 -0.8798182716922238
vn -0.44188602866321397 0.1750901095686492 -0.8798182716922238
vn 0.19840929162182555 0.6942159760526071 -0.6918799979703499
vn 0.19840929162182555 0.6942159760526071 -0.6918799979703499
vn 0.19840929162182555 0.6942159760526071 -0.6918799979703499
vn 0.06960792830006138 -0.6521379380487928 -0.7548979044051205
vn 0.06960792830006138 -0.6521379380487928 -0.7548979044051205
vn 0.06960792830006138 -0.6521379380487928 -0.7548979044051205
vn -0.1791810003315032 -0.7348432037247273 -0.6541403787107022
vn -0.1791810003315032 -0.7348432037247273 -0.6541403787107022
vn -0.1791810003315032 -0.7348432037247273 -0.6541403787107022
vn -0.09013067691631042 0.7027687882221042 -0.7056858305077713
vn -0.09013067691631042 0.7027687882221042 -0.7056858305077713
vn -0.09013067691631042 0.7027687882221042 -0.7056858305077713
vn 0.09013061075039061 0.7027701064585841 -0.7056845261687068
vn 0.09013061075039061 0.7027701064585841 -0.7056845261687068
vn 0.09013061075039061 0.7027701064585841 -0.7056845261687068
vn 0.3846222363243844 0.12571449779195545 -0.9144734005807634
vn 0.3846222363243844 0.12571449779195545 -0.9144734005807634
vn 0.3846222363243844 0.12571449779195545 -0.9144734005807634
vn 0.2135354294071459 -0.6669709695825502 -0.7138293536427448
vn 0.2135354294071459 -0.6669709695825502 -0.7138293536427448
vn 0.2135354294071459 -0.6669709695825502 -0.7138293536427448
vn -0.27375245421422423 0.11736721246646058 -0.9546122413050976
vn -0.27375245421422423 0.11736721246646058 -0.9546122413050976
vn -0.27375245421422423 0.11736721246646058 -0.9546122413050976
vn -0.10506315414267872 -0.07045504888595568 -0.9919666424472494
vn -0.10506315414267872 -0.07045504888595568 -0.9919666424472494
vn -0.10506315414267872 -0.07045504888595568 -0.9919666424472494
vn -0.3031949910087295 0.19417794684331344 -0.9329350043743303
vn -0.3031949910087295 0.19417794684331344 -0.9329350043743303
vn -0.3031949910087295 0.19417794684331344 -0.9329350043743303
vn 0.3116976533388996 -0.0745073068110164 -0.9472556329390669
vn 0.3116976533388996 -0.0745073068110164 -0.9472556329390669
vn 0.3116976533388996 -0.0745073068110164 -0.9472556329390669
vn -0.03522760527598206 -0.08509750598351323 -0.9957496825517471
vn -0.03522760527598206 -0.08509750598351323 -0.9957496825517471
vn -0.03522760527598206 -0.08509750598351323 -0.9957496825517471
vn -0.19840911993000457 0.6942158221582553 -0.691880201620005
vn -0.19840911993000457 0.6942158221582553 -0.691880201620005
vn -0.19840911993000457 0.6942158221582553 -0.691880201620005
vn -0.0703767988335566 -0.6772902640047035 -0.7323421362111977
vn -0.0703767988335566 -0.6772902640047035 -0.7323421362111977
vn -0.0703767988335566 -0.6772902640047035 -0.7323421362111977
vn 0.07113970996958846 -0.09173811780228938 -0.9932387726058303
vn 0.07113970996958846 -0.09173811780228938 -0.9932387726058303
vn 0.07113970996958846 -0.09173811780228938 -0.9932387726058303
vn 0 -0.36811485274672673 -0.929780326306841
vn 0 -0.36811485274672673 -0.929780326306841
vn 0 -0.36811485274672673 -0.929780326306841
vn 0 -0.36811485274672673 -0.929780326306841
vn -0.010850071602455758 0.45985298492878374 -0.887928774282211
vn -0.010850071602455758 0.45985298492878374 -0.887928774282211
vn -0.010850071602455758 0.45985298492878374 -0.887928774282211
vn -0.010850071602455758 0.45985298492878374 -0.887928774282211
vn -0.34118921550924614 -1.5314456460865627e-7 -0.9399946378677709
vn -0.34118921550924614 -1.5314456460865627e-7 -0.9399946378677709
vn -0.34118921550924614 -1.5314456460865627e-7 -0.9399946378677709
vn -0.34118921550924614 -1.5314456460865627e-7 -0.9399946378677709
vn 0.34118896661267284 -1.531445793272009e-7 -0.9399947282095538
vn 0.34118896661267284 -1.531445793272009e-7 -0.9399947282095538
vn 0.34118896661267284 -1.531445793272009e-7 -0.9399947282095538
vn 0.34118896661267284 -1.531445793272009e-7 -0.9399947282095538
vn 0.34118827727009193 0.0000024526606663611216 -0.9399949784160825
vn 0.34118827727009193 0.0000024526606663611216 -0.9399949784160825
vn 0.34118827727009193 0.0000024526606663611216 -0.9399949784160825
vn 0.34118827727009193 0.0000024526606663611216 -0.9399949784160825
vn -0.3411881337020886 0.000005111265827945873 -0.939995030515992
vn -0.3411881337020886 0.000005111265827945873 -0.939995030515992
vn -0.3411881337020886 0.000005111265827945873 -0.939995030515992
vn -0.3411881337020886 0.000005111265827945873 -0.939995030515992
vn 0 -0.36811474432808183 -0.9297803692315034
vn 0 -0.36811474432808183 -0.9297803692315034
vn 0 -0.36811474432808183 -0.9297803692315034
vn 0 -0.36811474432808183 -0.9297803692315034
vn 0.010850123824759436 0.4598442259376623 -0.8879333098182428
vn 0.010850123824759436 0.4598442259376623 -0.8879333098182428
vn 0.010850123824759436 0.4598442259376623 -0.8879333098182428
vn 0.010850123824759436 0.4598442259376623 -0.8879333098182428
f 5711/1871/5711 5712/1872/5712 5713/1873/5713
f 5714/1874/5714 5715/1875/5715 5716/1876/5716
f 5717/1877/5717 5718/1878/5718 5719/1879/5719
f 5720/1880/5720 5721/1881/5721 5722/1882/5722
f 5723/1883/5723 5724/1884/5724 5725/1885/5725
f 5726/1886/5726 5727/1887/5727 5728/1888/5728
f 5729/1889/5729 5730/1890/5730 5731/1891/5731
f 5732/1892/5732 5733/1893/5733 5734/1894/5734
f 5735/1895/5735 5736/1896/5736 5737/1897/5737
f 5738/1898/5738 5739/1899/5739 5740/1900/5740
f 5741/1901/5741 5742/1902/5742 5743/1903/5743
f 5744/1904/5744 5745/1905/5745 5746/1906/5746
f 5747/1907/5747 5748/1908/5748 5749/1909/5749
f 5750/1910/5750 5751/1911/5751 5752/1912/5752
f 5753/1913/5753 5754/1914/5754 5755/1915/5755
f 5756/1916/5756 5757/1917/5757 5758/1918/5758
f 5759/1919/5759 5760/1920/5760 5761/1921/5761
f 5762/1922/5762 5763/1923/5763 5764/1924/5764
f 5765/1925/5765 5766/1926/5766 5767/1927/5767
f 5768/1928/5768 5769/1929/5769 5770/1930/5770
f 5771/1931/5771 5772/1932/5772 5773/1933/5773
f 5774/1934/5774 5775/1935/5775 5776/1936/5776
f 5777/1937/5777 5778/1938/5778 5779/1939/5779
f 5780/1940/5780 5781/1941/5781 5782/1942/5782
f 5783/1943/5783 5784/1944/5784 5785/1945/5785
f 5786/1946/5786 5787/1947/5787 5788/1948/5788
f 5789/1949/5789 5790/1950/5790 5791/1951/5791
f 5792/1952/5792 5793/1953/5793 5794/1954/5794
f 5795/1955/5795 5796/1956/5796 5797/1957/5797
f 5798/1958/5798 5799/1959/5799 5800/1960/5800
f 5801/1961/5801 5802/1962/5802 5803/1963/5803
f 5804/1964/5804 5805/1965/5805 5806/1966/5806
f 5807/1967/5807 5808/1968/5808 5809/1969/5809
f 5810/1970/5810 5811/1971/5811 5812/1972/5812
f 5813/1973/5813 5814/1974/5814 5815/1975/5815
f 5816/1976/5816 5817/1977/5817 5818/1978/5818
f 5819/1979/5819 5820/1980/5820 5821/1981/5821
f 5822/1982/5822 5823/1983/5823 5824/1984/5824
f 5825/1985/5825 5826/1986/5826 5827/1987/5827
f 5828/1988/5828 5829/1989/5829 5830/1990/5830
f 5831/1991/5831 5832/1992/5832 5833/1993/5833
f 5834/1994/5834 5835/1995/5835 5836/1996/5836
f 5837/1997/5837 5838/1998/5838 5839/1999/5839
f 5840/2000/5840 5841/2001/5841 5842/2002/5842
f 5843/2003/5843 5844/2004/5844 5845/2005/5845
f 5846/2006/5846 5847/2007/5847 5848/2008/5848
f 5849/2009/5849 5850/2010/5850 5851/2011/5851
f 5852/2012/5852 5853/2013/5853 5854/2014/5854
f 5855/2015/5855 5856/2016/5856 5857/2017/5857
f 5858/2018/5858 5859/2019/5859 5860/2020/5860
f 5861/2021/5861 5862/2022/5862 5863/2023/5863
f 5864/2024/5864 5865/2025/5865 5866/2026/5866
f 5867/2027/5867 5868/2028/5868 5869/2029/5869
f 5870/2030/5870 5871/2031/5871 5872/2032/5872
f 5873/2033/5873 5874/2034/5874 5875/2035/5875
f 5876/2036/5876 5877/2037/5877 5878/2038/5878
f 5879/2039/5879 5880/2040/5880 5881/2041/5881
f 5882/2042/5882 5883/2043/5883 5884/2044/5884
f 5885/2045/5885 5886/2046/5886 5887/2047/5887
f 5888/2048/5888 5889/2049/5889 5890/2050/5890
f 5891/2051/5891 5892/2052/5892 5893/2053/5893
f 5894/2054/5894 5895/2055/5895 5896/2056/5896
f 5897/2057/5897 5898/2058/5898 5899/2059/5899
f 5900/2060/5900 5901/2061/5901 5902/2062/5902
f 5903/2063/5903 5904/2064/5904 5905/2065/5905
f 5906/2066/5906 5907/2067/5907 5908/2068/5908
f 5909/2069/5909 5910/2070/5910 5911/2071/5911
f 5912/2072/5912 5913/2073/5913 5914/2074/5914
f 5915/2075/5915 5916/2076/5916 5917/2077/5917
f 5918/2078/5918 5919/2079/5919 5920/2080/5920
f 5921/2081/5921 5922/2082/5922 5923/2083/5923
f 5924/2084/5924 5925/2085/5925 5926/2086/5926
f 5927/2087/5927 5928/2088/5928 5929/2089/5929
f 5930/2090/5930 5931/2091/5931 5932/2092/5932
f 5933/2093/5933 5934/2094/5934 5935/2095/5935
f 5936/2096/5936 5937/2097/5937 5938/2098/5938
f 5939/2099/5939 5940/2100/5940 5941/2101/5941
f 5942/2102/5942 5943/2103/5943 5944/2104/5944
f 5945/2105/5945 5946/2106/5946 5947/2107/5947
f 5948/2108/5948 5949/2109/5949 5950/2110/5950
f 5951/2111/5951 5952/2112/5952 5953/2113/5953
f 5954/2114/5954 5955/2115/5955 5956/2116/5956
f 5957/2117/5957 5958/2118/5958 5959/2119/5959
f 5960/2120/5960 5961/2121/5961 5962/2122/5962
f 5963/2123/5963 5964/2124/5964 5965/2125/5965
f 5966/2126/5966 5967/2127/5967 5968/2128/5968
f 5969/2129/5969 5970/2130/5970 5971/2131/5971
f 5972/2132/5972 5973/2133/5973 5974/2134/5974
f 5975/2135/5975 5976/2136/5976 5977/2137/5977
f 5978/2138/5978 5979/2139/5979 5980/2140/5980
f 5981/2141/5981 5982/2142/5982 5983/2143/5983
f 5984/2144/5984 5985/2145/5985 5986/2146/5986
f 5987/2147/5987 5988/2148/5988 5989/2149/5989
f 5990/2150/5990 5991/2151/5991 5992/2152/5992
f 5993/2153/5993 5994/2154/5994 5995/2155/5995
f 5996/2156/5996 5997/2157/5997 5998/2158/5998
f 5999/2159/5999 6000/2160/6000 6001/2161/6001
f 6002/2162/6002 6003/2163/6003 6004/2164/6004
f 6005/2165/6005 6006/2166/6006 6007/2167/6007
f 6008/2168/6008 6009/2169/6009 6010/2170/6010
f 6011/2171/6011 6012/2172/6012 6013/2173/6013
f 6014/2174/6014 6015/2175/6015 6016/2176/6016
f 6017/2177/6017 6018/2178/6018 6019/2179/6019
f 6020/2180/6020 6021/2181/6021 6022/2182/6022
f 6023/2183/6023 6024/2184/6024 6025/2185/6025
f 6023/2183/6023 6025/2185/6025 6026/2186/6026
f 6027/2187/6027 6028/2188/6028 6029/2189/6029
f 6027/2187/6027 6029/2189/6029 6030/2190/6030
f 6031/2191/6031 6032/2192/6032 6033/2193/6033
f 6031/2191/6031 6033/2193/6033 6034/2194/6034
f 6035/2195/6035 6036/2196/6036 6037/2197/6037
f 6035/2195/6035 6037/2197/6037 6038/2198/6038
f 6039/2199/6039 6040/2200/6040 6041/2201/6041
f 6039/2199/6039 6041/2201/6041 6042/2202/6042
f 6043/2203/6043 6044/2204/6044 6045/2205/6045
f 6043/2203/6043 6045/2205/6045 6046/2206/6046
f 6047/2207/6047 6048/2208/6048 6049/2209/6049
f 6047/2207/6047 6049/2209/6049 6050/2210/6050
f 6051/2211/6051 6052/2212/6052 6053/2213/6053
f 6051/2211/6051 6053/2213/6053 6054/2214/6054
o CarBody_Material029_0
usemtl Material.029
v 145.14430214291997 175.74725145750915 42.185852511629356
v 145.14430214291997 174.67644082886147 -75.3297530020101
v 110.98707367307134 223.63267099516378 -57.75217838025958
v 145.14430214291997 175.74725145750915 42.185852511629356
v 110.98707367307134 223.63267099516378 -57.75217838025958
v 110.98707367307134 222.15329045163475 20.20146595761448
v 142.4924199712891 176.42879925946878 124.38804256134355
v 145.14430214291997 175.74725145750915 42.185852511629356
v 110.98707367307134 222.15329045163475 20.20146595761448
v 142.4924199712891 176.42879925946878 124.38804256134355
v 110.98707367307134 222.15329045163475 20.20146595761448
v 110.98707367307134 217.4796241579557 53.522792199989766
v -145.14428924196773 175.74725145750818 42.18584655116488
v -110.9870607721191 222.15329045163475 20.20146595761448
v -110.9870607721191 223.63267099516378 -57.75217838025958
v -145.14428924196773 175.74725145750818 42.18584655116488
v -110.9870607721191 223.63267099516378 -57.75217838025958
v -145.14428924196773 174.67644082886147 -75.3297530020101
v -142.49240707033687 176.42879925946878 124.38804256134355
v -110.9870607721191 217.4796241579557 53.522792199989766
v -110.9870607721191 222.15329045163475 20.20146595761448
v -142.49240707033687 176.42879925946878 124.38804256134355
v -110.9870607721191 222.15329045163475 20.20146595761448
v -145.14428924196773 175.74725145750818 42.18584655116488
v 49.692324293913316 225.05989238926722 89.17664438145066
v 1.6931173263401433e-7 228.28558371036877 96.50955296312719
v 1.6931173263401433e-7 182.04814049250672 179.86724630053098
v 49.692324293913316 225.05989238926722 89.17664438145066
v 1.6931173263401433e-7 182.04814049250672 179.86724630053098
v 65.34795810109563 178.17581320481855 172.0642955955061
v 99.91893817311711 221.79977730905387 69.09671031557517
v 49.692324293913316 225.05989238926722 89.17664438145066
v 65.34795810109563 178.17581320481855 172.0642955955061
v 99.91893817311711 221.79977730905387 69.09671031557517
v 65.34795810109563 178.17581320481855 172.0642955955061
v 134.35010362988896 169.64497472966536 146.54300668307914
v -49.69231735342555 225.05989238926722 89.17664438145066
v -65.34795712107234 178.17581320481855 172.0642955955061
v 1.6931173263401433e-7 182.04814049250672 179.86724630053098
v -49.69231735342555 225.05989238926722 89.17664438145066
v 1.6931173263401433e-7 182.04814049250672 179.86724630053098
v 1.6931173263401433e-7 228.28558371036877 96.50955296312719
v -99.91893719309383 221.79977730905387 69.09671031557517
v -134.35009072893672 169.64497472966536 146.54300668307914
v -65.34795712107234 178.17581320481855 172.0642955955061
v -99.91893719309383 221.79977730905387 69.09671031557517
v -65.34795712107234 178.17581320481855 172.0642955955061
v -49.69231735342555 225.05989238926722 89.17664438145066
v 131.84049774533696 187.58774344308304 -125.52441195443642
v 125.23226190930791 191.64828959980196 -158.469544871538
v 115.13175417310185 214.06217445626868 -126.40782862881373
v 131.84049774533696 187.58774344308304 -125.52441195443642
v 115.13175417310185 214.06217445626868 -126.40782862881373
v 115.13175417310185 215.52373063368245 -110.4257851237977
v 134.04299665814824 183.97794931444054 -105.69960849080724
v 131.84049774533696 187.58774344308304 -125.52441195443642
v 115.13175417310185 215.52373063368245 -110.4257851237977
v 134.04299665814824 183.97794931444054 -105.69960849080724
v 115.13175417310185 215.52373063368245 -110.4257851237977
v 115.13175417310185 215.48808941162085 -95.96774273479683
v -131.84048484438472 187.58774344308304 -125.52441195443642
v -115.13174127214961 215.52373063368245 -110.4257851237977
v -115.13174127214961 214.06217445626868 -126.40782862881373
v -131.84048484438472 187.58774344308304 -125.52441195443642
v -115.13174127214961 214.06217445626868 -126.40782862881373
v -125.23224900835567 191.64828959980196 -158.469544871538
v -134.042983757196 183.97794931444054 -105.69960849080724
v -115.13174127214961 215.48808941162085 -95.96774273479683
v -115.13174127214961 215.52373063368245 -110.4257851237977
v -134.042983757196 183.97794931444054 -105.69960849080724
v -115.13174127214961 215.52373063368245 -110.4257851237977
v -131.84048484438472 187.58774344308304 -125.52441195443642
v 37.30591584569402 188.88724976869483 -290.7725319972402
v 5.539079097616195e-7 191.7788614077756 -293.3126440100917
v 5.539079097616195e-7 222.72633043687006 -193.59841756098413
v 37.30591584569402 188.88724976869483 -290.7725319972402
v 5.539079097616195e-7 222.72633043687006 -193.59841756098413
v 44.56172336465306 220.457515571333 -192.5239600227682
v 70.39966632253117 185.96264185810986 -282.954738628305
v 37.30591584569402 188.88724976869483 -290.7725319972402
v 44.56172336465306 220.457515571333 -192.5239600227682
v 70.39966632253117 185.96264185810986 -282.954738628305
v 44.56172336465306 220.457515571333 -192.5239600227682
v 83.68011762029118 218.16428664037494 -191.46743155772307
v -37.30590890520625 188.88724976869483 -290.7725319972402
v -44.561722384629775 220.457515571333 -192.5239600227682
v 5.539079097616195e-7 222.72633043687006 -193.59841756098413
v -37.30590890520625 188.88724976869483 -290.7725319972402
v 5.539079097616195e-7 222.72633043687006 -193.59841756098413
v 5.539079097616195e-7 191.7788614077756 -293.3126440100917
v -70.39966534250789 185.96264185810986 -282.954738628305
v -83.68010471933894 218.16428664037494 -191.46743155772307
v -44.561722384629775 220.457515571333 -192.5239600227682
v -70.39966534250789 185.96264185810986 -282.954738628305
v -44.561722384629775 220.457515571333 -192.5239600227682
v -37.30590890520625 188.88724976869483 -290.7725319972402
vt 0.5357059836387634 0.2211589813232422
vt 0.6908619999885559 0.22280198335647583
vt 0.6676539778709412 0.1476600170135498
vt 0.5357059836387634 0.2211589813232422
vt 0.6676539778709412 0.1476600170135498
vt 0.564732015132904 0.14993000030517578
vt 0.42717400193214417 0.22011202573776245
vt 0.5357059836387634 0.2211589813232422
vt 0.564732015132904 0.14993000030517578
vt 0.42717400193214417 0.22011202573776245
vt 0.564732015132904 0.14993000030517578
vt 0.5207380056381226 0.16278797388076782
vt 0.5357059836387634 0.2211589813232422
vt 0.564732015132904 0.14993000030517578
vt 0.6676539778709412 0.1476600170135498
vt 0.5357059836387634 0.2211589813232422
vt 0.6676539778709412 0.1476600170135498
vt 0.6908619999885559 0.22280198335647583
vt 0.42717400193214417 0.22011202573776245
vt 0.5207380056381226 0.16278797388076782
vt 0.564732015132904 0.14993000030517578
vt 0.42717400193214417 0.22011202573776245
vt 0.564732015132904 0.14993000030517578
vt 0.5357059836387634 0.2211589813232422
vt 0.07865899801254272 0.6282060146331787
vt 0.016297999769449234 0.6374090015888214
vt 0.016297999769449234 0.7420180141925812
vt 0.07865899801254272 0.6282060146331787
vt 0.016297999769449234 0.7420180141925812
vt 0.09830600023269653 0.7322269976139069
vt 0.14169099926948547 0.6030069887638092
vt 0.07865899801254272 0.6282060146331787
vt 0.09830600023269653 0.7322269976139069
vt 0.14169099926948547 0.6030069887638092
vt 0.09830600023269653 0.7322269976139069
vt 0.18490000069141388 0.7001990079879761
vt 0.07865899801254272 0.6282060146331787
vt 0.09830600023269653 0.7322269976139069
vt 0.016297999769449234 0.7420180141925812
vt 0.07865899801254272 0.6282060146331787
vt 0.016297999769449234 0.7420180141925812
vt 0.016297999769449234 0.6374090015888214
vt 0.14169099926948547 0.6030069887638092
vt 0.18490000069141388 0.7001990079879761
vt 0.09830600023269653 0.7322269976139069
vt 0.14169099926948547 0.6030069887638092
vt 0.09830600023269653 0.7322269976139069
vt 0.07865899801254272 0.6282060146331787
vt 0.7381380200386047 0.21419501304626465
vt 0.8167030215263367 0.20451098680496216
vt 0.74024498462677 0.15105998516082764
vt 0.7381380200386047 0.21419501304626465
vt 0.74024498462677 0.15105998516082764
vt 0.702131986618042 0.14757400751113892
vt 0.6908619999885559 0.22280198335647583
vt 0.7381380200386047 0.21419501304626465
vt 0.702131986618042 0.14757400751113892
vt 0.6908619999885559 0.22280198335647583
vt 0.702131986618042 0.14757400751113892
vt 0.6676539778709412 0.1476600170135498
vt 0.7381380200386047 0.21419501304626465
vt 0.702131986618042 0.14757400751113892
vt 0.74024498462677 0.15105998516082764
vt 0.7381380200386047 0.21419501304626465
vt 0.74024498462677 0.15105998516082764
vt 0.8167030215263367 0.20451098680496216
vt 0.6908619999885559 0.22280198335647583
vt 0.6676539778709412 0.1476600170135498
vt 0.702131986618042 0.14757400751113892
vt 0.6908619999885559 0.22280198335647583
vt 0.702131986618042 0.14757400751113892
vt 0.7381380200386047 0.21419501304626465
vt 0.06850499659776688 0.1841679811477661
vt 0.016297999769449234 0.18061399459838867
vt 0.016297999769449234 0.3201580047607422
vt 0.06850499659776688 0.1841679811477661
vt 0.016297999769449234 0.3201580047607422
vt 0.07865899801254272 0.32166099548339844
vt 0.11481799930334091 0.19510900974273682
vt 0.06850499659776688 0.1841679811477661
vt 0.07865899801254272 0.32166099548339844
vt 0.11481799930334091 0.19510900974273682
vt 0.07865899801254272 0.32166099548339844
vt 0.1334030032157898 0.323140025138855
vt 0.06850499659776688 0.1841679811477661
vt 0.07865899801254272 0.32166099548339844
vt 0.016297999769449234 0.3201580047607422
vt 0.06850499659776688 0.1841679811477661
vt 0.016297999769449234 0.3201580047607422
vt 0.016297999769449234 0.18061399459838867
vt 0.11481799930334091 0.19510900974273682
vt 0.1334030032157898 0.323140025138855
vt 0.07865899801254272 0.32166099548339844
vt 0.11481799930334091 0.19510900974273682
vt 0.07865899801254272 0.32166099548339844
vt 0.06850499659776688 0.1841679811477661
vn 0.8192208734349686 0.5734543184904264 -0.005225431381967754
vn 0.8192208734349686 0.5734543184904264 -0.005225431381967754
vn 0.8192208734349686 0.5734543184904264 -0.005225431381967754
vn 0.8027416488987736 0.5962196026740244 0.011315056805260928
vn 0.8027416488987736 0.5962196026740244 0.011315056805260928
vn 0.8027416488987736 0.5962196026740244 0.011315056805260928
vn 0.8004423097294467 0.5990468682151737 0.020855658143067418
vn 0.8004423097294467 0.5990468682151737 0.020855658143067418
vn 0.8004423097294467 0.5990468682151737 0.020855658143067418
vn 0.6991688007181689 0.7080260074990827 0.09930841257026758
vn 0.6991688007181689 0.7080260074990827 0.09930841257026758
vn 0.6991688007181689 0.7080260074990827 0.09930841257026758
vn -0.8027416511827697 0.5962196043703738 0.011314805380358497
vn -0.8027416511827697 0.5962196043703738 0.011314805380358497
vn -0.8027416511827697 0.5962196043703738 0.011314805380358497
vn -0.8192208349573188 0.5734543750025723 -0.005225261930548944
vn -0.8192208349573188 0.5734543750025723 -0.005225261930548944
vn -0.8192208349573188 0.5734543750025723 -0.005225261930548944
vn -0.6991688466864198 0.7080260532944794 0.09930776243287562
vn -0.6991688466864198 0.7080260532944794 0.09930776243287562
vn -0.6991688466864198 0.7080260532944794 0.09930776243287562
vn -0.8004423086232579 0.5990468523905499 0.02085615513089265
vn -0.8004423086232579 0.5990468523905499 0.02085615513089265
vn -0.8004423086232579 0.5990468523905499 0.02085615513089265
vn 0.12729997655462422 0.867364942902542 0.4811161728656212
vn 0.12729997655462422 0.867364942902542 0.4811161728656212
vn 0.12729997655462422 0.867364942902542 0.4811161728656212
vn 0.10836590727931357 0.8739137741182501 0.4738475973833015
vn 0.10836590727931357 0.8739137741182501 0.4738475973833015
vn 0.10836590727931357 0.8739137741182501 0.4738475973833015
vn 0.23394720552792214 0.8645262405753765 0.4448180351360343
vn 0.23394720552792214 0.8645262405753765 0.4448180351360343
vn 0.23394720552792214 0.8645262405753765 0.4448180351360343
vn 0.27201957169106383 0.8498566160718971 0.45138573829468104
vn 0.27201957169106383 0.8498566160718971 0.45138573829468104
vn 0.27201957169106383 0.8498566160718971 0.45138573829468104
vn -0.10836590727931357 0.8739137741182501 0.4738475973833015
vn -0.10836590727931357 0.8739137741182501 0.4738475973833015
vn -0.10836590727931357 0.8739137741182501 0.4738475973833015
vn -0.12730000769926691 0.867364952048508 0.48111614813645154
vn -0.12730000769926691 0.867364952048508 0.48111614813645154
vn -0.12730000769926691 0.867364952048508 0.48111614813645154
vn -0.2720195992495827 0.8498565829622544 0.45138578402494817
vn -0.2720195992495827 0.8498565829622544 0.45138578402494817
vn -0.2720195992495827 0.8498565829622544 0.45138578402494817
vn -0.23394713509991716 0.8645262556444336 0.44481804288940036
vn -0.23394713509991716 0.8645262556444336 0.44481804288940036
vn -0.23394713509991716 0.8645262556444336 0.44481804288940036
vn 0.8426454634691553 0.5283495596606872 -0.10390074928127585
vn 0.8426454634691553 0.5283495596606872 -0.10390074928127585
vn 0.8426454634691553 0.5283495596606872 -0.10390074928127585
vn 0.8453916004185397 0.531927461246704 -0.04864378596919092
vn 0.8453916004185397 0.531927461246704 -0.04864378596919092
vn 0.8453916004185397 0.531927461246704 -0.04864378596919092
vn 0.8577994657521157 0.5139816611507385 -0.001711302460702229
vn 0.8577994657521157 0.5139816611507385 -0.001711302460702229
vn 0.8577994657521157 0.5139816611507385 -0.001711302460702229
vn 0.857603197619749 0.514310363333935 0.0012671226054805035
vn 0.857603197619749 0.514310363333935 0.0012671226054805035
vn 0.857603197619749 0.514310363333935 0.0012671226054805035
vn -0.8453915386718359 0.5319274377977818 -0.04864511547886966
vn -0.8453915386718359 0.5319274377977818 -0.04864511547886966
vn -0.8453915386718359 0.5319274377977818 -0.04864511547886966
vn -0.8426455143491139 0.5283495915631713 -0.10390017440960989
vn -0.8426455143491139 0.5283495915631713 -0.10390017440960989
vn -0.8426455143491139 0.5283495915631713 -0.10390017440960989
vn -0.8576031858735497 0.5143103801491834 0.0012682469555556825
vn -0.8576031858735497 0.5143103801491834 0.0012682469555556825
vn -0.8576031858735497 0.5143103801491834 0.0012682469555556825
vn -0.8577994657521157 0.5139816611507385 -0.001711302460702229
vn -0.8577994657521157 0.5139816611507385 -0.001711302460702229
vn -0.8577994657521157 0.5139816611507385 -0.001711302460702229
vn 0.09379467195566622 0.9508492727686936 -0.29510713306861225
vn 0.09379467195566622 0.9508492727686936 -0.29510713306861225
vn 0.09379467195566622 0.9508492727686936 -0.29510713306861225
vn 0.055790974396519644 0.9493655434643141 -0.3091802581967259
vn 0.055790974396519644 0.9493655434643141 -0.3091802581967259
vn 0.055790974396519644 0.9493655434643141 -0.3091802581967259
vn 0.1566442965513669 0.9368748868544818 -0.3126147960978962
vn 0.1566442965513669 0.9368748868544818 -0.3126147960978962
vn 0.1566442965513669 0.9368748868544818 -0.3126147960978962
vn 0.06418228403485718 0.9383755247230698 -0.3396056669385424
vn 0.06418228403485718 0.9383755247230698 -0.3396056669385424
vn 0.06418228403485718 0.9383755247230698 -0.3396056669385424
vn -0.055791003707177274 0.9493654717066349 -0.3091804732459419
vn -0.055791003707177274 0.9493654717066349 -0.3091804732459419
vn -0.055791003707177274 0.9493654717066349 -0.3091804732459419
vn -0.09379469860167254 0.9508492566974301 -0.2951071763820152
vn -0.09379469860167254 0.9508492566974301 -0.2951071763820152
vn -0.09379469860167254 0.9508492566974301 -0.2951071763820152
vn -0.06418232701474837 0.9383754892450541 -0.33960575684619554
vn -0.06418232701474837 0.9383754892450541 -0.33960575684619554
vn -0.06418232701474837 0.9383754892450541 -0.33960575684619554
vn -0.15664432129363548 0.9368748861085926 -0.31261478593545106
vn -0.15664432129363548 0.9368748861085926 -0.31261478593545106
vn -0.15664432129363548 0.9368748861085926 -0.31261478593545106
f 6055/2215/6055 6056/2216/6056 6057/2217/6057
f 6058/2218/6058 6059/2219/6059 6060/2220/6060
f 6061/2221/6061 6062/2222/6062 6063/2223/6063
f 6064/2224/6064 6065/2225/6065 6066/2226/6066
f 6067/2227/6067 6068/2228/6068 6069/2229/6069
f 6070/2230/6070 6071/2231/6071 6072/2232/6072
f 6073/2233/6073 6074/2234/6074 6075/2235/6075
f 6076/2236/6076 6077/2237/6077 6078/2238/6078
f 6079/2239/6079 6080/2240/6080 6081/2241/6081
f 6082/2242/6082 6083/2243/6083 6084/2244/6084
f 6085/2245/6085 6086/2246/6086 6087/2247/6087
f 6088/2248/6088 6089/2249/6089 6090/2250/6090
f 6091/2251/6091 6092/2252/6092 6093/2253/6093
f 6094/2254/6094 6095/2255/6095 6096/2256/6096
f 6097/2257/6097 6098/2258/6098 6099/2259/6099
f 6100/2260/6100 6101/2261/6101 6102/2262/6102
f 6103/2263/6103 6104/2264/6104 6105/2265/6105
f 6106/2266/6106 6107/2267/6107 6108/2268/6108
f 6109/2269/6109 6110/2270/6110 6111/2271/6111
f 6112/2272/6112 6113/2273/6113 6114/2274/6114
f 6115/2275/6115 6116/2276/6116 6117/2277/6117
f 6118/2278/6118 6119/2279/6119 6120/2280/6120
f 6121/2281/6121 6122/2282/6122 6123/2283/6123
f 6124/2284/6124 6125/2285/6125 6126/2286/6126
f 6127/2287/6127 6128/2288/6128 6129/2289/6129
f 6130/2290/6130 6131/2291/6131 6132/2292/6132
f 6133/2293/6133 6134/2294/6134 6135/2295/6135
f 6136/2296/6136 6137/2297/6137 6138/2298/6138
f 6139/2299/6139 6140/2300/6140 6141/2301/6141
f 6142/2302/6142 6143/2303/6143 6144/2304/6144
f 6145/2305/6145 6146/2306/6146 6147/2307/6147
f 6148/2308/6148 6149/2309/6149 6150/2310/6150
o CarBody_Material026_0
usemtl Material.026
v 70.80593754178471 110.71780253652989 422.33830913784675
v 73.5283498895783 112.64416631454442 430.09373141616544
v 75.24786044484563 131.31375927679852 423.23762066271064
v 70.80593754178471 110.71780253652989 422.33830913784675
v 131.723195804419 116.1757819543811 403.90559569369714
v 129.26814009076543 117.24522342074437 413.2276665949026
v -70.8059425222259 110.71780253652989 422.33830913784675
v -73.528348909555 112.64416631454442 430.09373141616544
v -129.26812718981319 117.24522342074437 413.2276665949026
v -131.72318290346675 116.1757819543811 403.90559569369714
v -129.26812718981319 117.24522342074437 413.2276665949026
v -132.72582839602046 132.0384145795074 404.4106113435992
v 132.7258412969727 132.0384145795074 404.4106113435992
v 75.24786044484563 131.31375927679852 423.23762066271064
v 73.5283498895783 112.64416631454442 430.09373141616544
v 132.7258412969727 132.0384145795074 404.4106113435992
v 73.5283498895783 112.64416631454442 430.09373141616544
v 129.26814009076543 117.24522342074437 413.2276665949026
v -132.72582839602046 132.0384145795074 404.4106113435992
v -129.26812718981319 117.24522342074437 413.2276665949026
v -73.528348909555 112.64416631454442 430.09373141616544
v -132.72582839602046 132.0384145795074 404.4106113435992
v -73.528348909555 112.64416631454442 430.09373141616544
v -75.24785946482234 131.31375927679852 423.23762066271064
v 131.723195804419 116.1757819543811 403.90559569369714
v 135.50208259946294 133.72411349289897 394.2695721743106
v 132.7258412969727 132.0384145795074 404.4106113435992
v -72.68516968363338 132.86449009000546 414.845381793121
v -135.5020696985107 133.72411349289897 394.2695721743106
v -132.72582839602046 132.0384145795074 404.4106113435992
v -70.8059425222259 110.71780253652989 422.33830913784675
v -72.68516968363338 132.86449009000546 414.845381793121
v -75.24785946482234 131.31375927679852 423.23762066271064
v 72.68517066365666 132.86449009000546 414.845381793121
v 75.24786044484563 131.31375927679852 423.23762066271064
v 132.7258412969727 132.0384145795074 404.4106113435992
v 72.68517066365666 132.86449009000546 414.845381793121
v 70.80593754178471 110.71780253652989 422.33830913784675
v 75.24786044484563 131.31375927679852 423.23762066271064
v 73.5283498895783 112.64416631454442 430.09373141616544
v 70.80593754178471 110.71780253652989 422.33830913784675
v 129.26814009076543 117.24522342074437 413.2276665949026
v -131.72318290346675 116.1757819543811 403.90559569369714
v -70.8059425222259 110.71780253652989 422.33830913784675
v -129.26812718981319 117.24522342074437 413.2276665949026
v -135.5020696985107 133.72411349289897 394.2695721743106
v -131.72318290346675 116.1757819543811 403.90559569369714
v -132.72582839602046 132.0384145795074 404.4106113435992
v 129.26814009076543 117.24522342074437 413.2276665949026
v 131.723195804419 116.1757819543811 403.90559569369714
v 132.7258412969727 132.0384145795074 404.4106113435992
v -75.24785946482234 131.31375927679852 423.23762066271064
v -72.68516968363338 132.86449009000546 414.845381793121
v -132.72582839602046 132.0384145795074 404.4106113435992
v -73.528348909555 112.64416631454442 430.09373141616544
v -70.8059425222259 110.71780253652989 422.33830913784675
v -75.24785946482234 131.31375927679852 423.23762066271064
v 135.50208259946294 133.72411349289897 394.2695721743106
v 72.68517066365666 132.86449009000546 414.845381793121
v 132.7258412969727 132.0384145795074 404.4106113435992
v -28.337028132615615 91.85620547863846 -378.12298005606533
v 9.724126073251682e-7 109.93079544636589 -378.12298300078976
v 9.724126073251682e-7 84.12540258499996 -378.1229787965577
v 28.337041033567857 91.85620547863846 -378.12298005606533
v 28.336948646368455 83.49249066445248 -378.1229786934432
v 9.724126073251682e-7 84.12540258499996 -378.1229787965577
v 9.724126073251682e-7 84.12540258499996 -378.1229787965577
v -28.33694170588069 83.49249066445248 -378.1229786934432
v -28.337028132615615 91.85620547863846 -378.12298005606533
v -28.337028132615615 109.93079544636589 -378.12298300078976
v 28.337041033567857 109.93079544636589 -378.12298300078976
v 28.337041033567857 91.85620547863846 -378.12298005606533
vt 0.451664000749588 0.7900000065565109
vt 0.451664000749588 0.7900000065565109
vt 0.45578598976135254 0.7483949959278107
vt 0.451664000749588 0.7900000065565109
vt 0.5852929949760437 0.7780269980430603
vt 0.5852929949760437 0.7780269980430603
vt 0.451664000749588 0.7900000065565109
vt 0.451664000749588 0.7900000065565109
vt 0.5852929949760437 0.7780269980430603
vt 0.5852929949760437 0.7780269980430603
vt 0.5852929949760437 0.7780269980430603
vt 0.5928069949150085 0.7449589967727661
vt 0.5928069949150085 0.7449589967727661
vt 0.45578598976135254 0.7483949959278107
vt 0.451664000749588 0.7900000065565109
vt 0.5928069949150085 0.7449589967727661
vt 0.451664000749588 0.7900000065565109
vt 0.5852929949760437 0.7780269980430603
vt 0.5928069949150085 0.7449589967727661
vt 0.5852929949760437 0.7780269980430603
vt 0.451664000749588 0.7900000065565109
vt 0.5928069949150085 0.7449589967727661
vt 0.451664000749588 0.7900000065565109
vt 0.45578598976135254 0.7483949959278107
vt 0.5852929949760437 0.7780269980430603
vt 0.5928069949150085 0.7449589967727661
vt 0.5928069949150085 0.7449589967727661
vt 0.45578598976135254 0.7483949959278107
vt 0.5928069949150085 0.7449589967727661
vt 0.5928069949150085 0.7449589967727661
vt 0.451664000749588 0.7900000065565109
vt 0.45578598976135254 0.7483949959278107
vt 0.45578598976135254 0.7483949959278107
vt 0.45578598976135254 0.7483949959278107
vt 0.45578598976135254 0.7483949959278107
vt 0.5928069949150085 0.7449589967727661
vt 0.45578598976135254 0.7483949959278107
vt 0.451664000749588 0.7900000065565109
vt 0.45578598976135254 0.7483949959278107
vt 0.451664000749588 0.7900000065565109
vt 0.451664000749588 0.7900000065565109
vt 0.5852929949760437 0.7780269980430603
vt 0.5852929949760437 0.7780269980430603
vt 0.451664000749588 0.7900000065565109
vt 0.5852929949760437 0.7780269980430603
vt 0.5928069949150085 0.7449589967727661
vt 0.5852929949760437 0.7780269980430603
vt 0.5928069949150085 0.7449589967727661
vt 0.5852929949760437 0.7780269980430603
vt 0.5852929949760437 0.7780269980430603
vt 0.5928069949150085 0.7449589967727661
vt 0.45578598976135254 0.7483949959278107
vt 0.45578598976135254 0.7483949959278107
vt 0.5928069949150085 0.7449589967727661
vt 0.451664000749588 0.7900000065565109
vt 0.451664000749588 0.7900000065565109
vt 0.45578598976135254 0.7483949959278107
vt 0.5928069949150085 0.7449589967727661
vt 0.45578598976135254 0.7483949959278107
vt 0.5928069949150085 0.7449589967727661
vt 0.5036410093307495 0.592415988445282
vt 0.6563559770584106 0.4847699999809265
vt 0.6563559770584106 0.6384580135345459
vt 0.5036410093307495 0.592415988445282
vt 0.5036410093307495 0.6422269940376282
vt 0.6563559770584106 0.6384580135345459
vt 0.6563559770584106 0.6384580135345459
vt 0.5036410093307495 0.6422269940376282
vt 0.5036410093307495 0.592415988445282
vt 0.5036410093307495 0.4847699999809265
vt 0.5036410093307495 0.4847699999809265
vt 0.5036410093307495 0.592415988445282
vn -0.9401147932378272 0.19041049556890222 0.28271543769770136
vn -0.9401147932378272 0.19041049556890222 0.28271543769770136
vn -0.9401147932378272 0.19041049556890222 0.28271543769770136
vn 0.13239839653561425 -0.9801878674705531 0.14731737527640015
vn 0.13239839653561425 -0.9801878674705531 0.14731737527640015
vn 0.13239839653561425 -0.9801878674705531 0.14731737527640015
vn -0.13848915844448137 -0.9714399366302001 0.1926790142004369
vn -0.13848915844448137 -0.9714399366302001 0.1926790142004369
vn -0.13848915844448137 -0.9714399366302001 0.1926790142004369
vn -0.9627270903817959 -0.06917542893746789 0.2614790803799003
vn -0.9627270903817959 -0.06917542893746789 0.2614790803799003
vn -0.9627270903817959 -0.06917542893746789 0.2614790803799003
vn 0.2928918030667072 0.3057208968952684 0.905952054414518
vn 0.2928918030667072 0.3057208968952684 0.905952054414518
vn 0.2928918030667072 0.3057208968952684 0.905952054414518
vn 0.22206978471689415 0.46037953135392223 0.8594973518435849
vn 0.22206978471689415 0.46037953135392223 0.8594973518435849
vn 0.22206978471689415 0.46037953135392223 0.8594973518435849
vn -0.22206989616838582 0.46037975259984737 0.8594972045398784
vn -0.22206989616838582 0.46037975259984737 0.8594972045398784
vn -0.22206989616838582 0.46037975259984737 0.8594972045398784
vn -0.2928918030667072 0.3057208968952684 0.905952054414518
vn -0.2928918030667072 0.3057208968952684 0.905952054414518
vn -0.2928918030667072 0.3057208968952684 0.905952054414518
vn 0.9650710122723641 -0.0690475538596072 0.2527258921788563
vn 0.9650710122723641 -0.0690475538596072 0.2527258921788563
vn 0.9650710122723641 -0.0690475538596072 0.2527258921788563
vn -0.04403869088907231 0.983487461694311 0.17553633924306808
vn -0.04403869088907231 0.983487461694311 0.17553633924306808
vn -0.04403869088907231 0.983487461694311 0.17553633924306808
vn 0.9294544479091269 0.18655623056094336 0.31829420682888976
vn 0.9294544479091269 0.18655623056094336 0.31829420682888976
vn 0.9294544479091269 0.18655623056094336 0.31829420682888976
vn 0.04289485536497236 0.9847066132761954 0.16885768313388505
vn 0.04289485536497236 0.9847066132761954 0.16885768313388505
vn 0.04289485536497236 0.9847066132761954 0.16885768313388505
vn -0.9294541918668084 0.1865569571804687 0.3182945286189864
vn -0.9294541918668084 0.1865569571804687 0.3182945286189864
vn -0.9294541918668084 0.1865569571804687 0.3182945286189864
vn 0.13848791733502133 -0.9714404428177372 0.19267735417087054
vn 0.13848791733502133 -0.9714404428177372 0.19267735417087054
vn 0.13848791733502133 -0.9714404428177372 0.19267735417087054
vn -0.13239842029334326 -0.9801878227204504 0.14731765167273791
vn -0.13239842029334326 -0.9801878227204504 0.14731765167273791
vn -0.13239842029334326 -0.9801878227204504 0.14731765167273791
vn -0.9650713442900604 -0.06904757119316648 0.25272461958127573
vn -0.9650713442900604 -0.06904757119316648 0.25272461958127573
vn -0.9650713442900604 -0.06904757119316648 0.25272461958127573
vn 0.9627275772770217 -0.06917546263056126 0.26147727878376714
vn 0.9627275772770217 -0.06917546263056126 0.26147727878376714
vn 0.9627275772770217 -0.06917546263056126 0.26147727878376714
vn -0.042894869353611656 0.9847066260185587 0.16885760527226137
vn -0.042894869353611656 0.9847066260185587 0.16885760527226137
vn -0.042894869353611656 0.9847066260185587 0.16885760527226137
vn 0.9401147799819718 0.190410522686393 0.2827154635136595
vn 0.9401147799819718 0.190410522686393 0.2827154635136595
vn 0.9401147799819718 0.190410522686393 0.2827154635136595
vn 0.044038810359846116 0.9834873843396494 0.17553674266900396
vn 0.044038810359846116 0.9834873843396494 0.17553674266900396
vn 0.044038810359846116 0.9834873843396494 0.17553674266900396
vn 0 -1.6292067894774218e-7 -0.9999999999999868
vn 0 -1.6292067894774218e-7 -0.9999999999999868
vn 0 -1.6292067894774218e-7 -0.9999999999999868
vn 0 -0.000010222682413167896 -0.9999999999477485
vn 0 -0.000010222682413167896 -0.9999999999477485
vn 0 -0.000010222682413167896 -0.9999999999477485
vn 0 -0.000004938108468965065 -0.9999999999878074
vn 0 -0.000004938108468965065 -0.9999999999878074
vn 0 -0.000004938108468965065 -0.9999999999878074
vn 0 -1.6292067894774218e-7 -0.9999999999999868
vn 0 -1.6292067894774218e-7 -0.9999999999999868
vn 0 -1.6292067894774218e-7 -0.9999999999999868
f 6151/2311/6151 6152/2312/6152 6153/2313/6153
f 6154/2314/6154 6155/2315/6155 6156/2316/6156
f 6157/2317/6157 6158/2318/6158 6159/2319/6159
f 6160/2320/6160 6161/2321/6161 6162/2322/6162
f 6163/2323/6163 6164/2324/6164 6165/2325/6165
f 6166/2326/6166 6167/2327/6167 6168/2328/6168
f 6169/2329/6169 6170/2330/6170 6171/2331/6171
f 6172/2332/6172 6173/2333/6173 6174/2334/6174
f 6175/2335/6175 6176/2336/6176 6177/2337/6177
f 6178/2338/6178 6179/2339/6179 6180/2340/6180
f 6181/2341/6181 6182/2342/6182 6183/2343/6183
f 6184/2344/6184 6185/2345/6185 6186/2346/6186
f 6187/2347/6187 6188/2348/6188 6189/2349/6189
f 6190/2350/6190 6191/2351/6191 6192/2352/6192
f 6193/2353/6193 6194/2354/6194 6195/2355/6195
f 6196/2356/6196 6197/2357/6197 6198/2358/6198
f 6199/2359/6199 6200/2360/6200 6201/2361/6201
f 6202/2362/6202 6203/2363/6203 6204/2364/6204
f 6205/2365/6205 6206/2366/6206 6207/2367/6207
f 6208/2368/6208 6209/2369/6209 6210/2370/6210
f 6211/2371/6211 6212/2372/6212 6213/2373/6213
f 6214/2374/6214 6215/2375/6215 6216/2376/6216
f 6217/2377/6217 6218/2378/6218 6219/2379/6219
f 6211/2371/6211 6220/2380/6220 6212/2372/6212
f 6212/2372/6212 6221/2381/6221 6222/2382/6222
f 6222/2382/6222 6213/2373/6213 6212/2372/6212
o CarBody_Material025_0
usemtl Material.025
v 129.51073099500127 84.14088447227996 405.88299692419696
v 106.8443362844605 78.16643851584249 416.7518810304925
v 109.8778073919434 70.20023556344292 413.9596192973458
v 129.51073099500127 84.14088447227996 405.88299692419696
v 109.8778073919434 70.20023556344292 413.9596192973458
v 127.27108646756596 73.92114326530684 403.8000308310254
v -129.51071809404903 84.14088447227996 405.88299692419696
v -127.27107356661372 73.92114326530684 403.8000308310254
v -109.87779449099116 70.20023556344292 413.9596192973458
v -129.51071809404903 84.14088447227996 405.88299692419696
v -109.87779449099116 70.20023556344292 413.9596192973458
v -106.84432338350825 78.16643851584249 416.7518810304925
v -121.39478276842647 112.36749839161672 -362.88884681635795
v -121.97877715700679 126.45958688234109 -362.88884911225057
v -100.64499925249629 120.74322652195718 -362.88884818093726
v 121.39479566937871 112.36749839161672 -362.88884681635795
v 100.64501215344853 120.74322652195718 -362.88884818093726
v 121.97879005795903 126.45958688234109 -362.88884911225057
v 121.39479566937871 112.36749839161672 -362.88884681635795
v 104.63151384717412 105.86540650700377 -362.8888457570327
v 100.64501215344853 120.74322652195718 -362.88884818093726
v -121.39478276842647 112.36749839161672 -362.88884681635795
v -100.64499925249629 120.74322652195718 -362.88884818093726
v -104.63150094622188 105.86540650700377 -362.8888457570327
vt 0.6075649857521057 0.8168189972639084
vt 0.49274298548698425 0.8470840007066727
vt 0.508109986782074 0.8874389976263046
vt 0.6075649857521057 0.8168189972639084
vt 0.508109986782074 0.8874389976263046
vt 0.5962200164794922 0.8685899972915649
vt 0.6075649857521057 0.8168189972639084
vt 0.5962200164794922 0.8685899972915649
vt 0.508109986782074 0.8874389976263046
vt 0.6075649857521057 0.8168189972639084
vt 0.508109986782074 0.8874389976263046
vt 0.49274298548698425 0.8470840007066727
vt 0.37871599197387695 0.5788449943065643
vt 0.3492850065231323 0.4847699999809265
vt 0.5036410093307495 0.4847699999809265
vt 0.37871599197387695 0.5788449943065643
vt 0.5036410093307495 0.4847699999809265
vt 0.3492850065231323 0.4847699999809265
vt 0.37871599197387695 0.5788449943065643
vt 0.5036410093307495 0.592415988445282
vt 0.5036410093307495 0.4847699999809265
vt 0.37871599197387695 0.5788449943065643
vt 0.5036410093307495 0.4847699999809265
vt 0.5036410093307495 0.592415988445282
vn 0.4569985225640044 -0.1341874494848349 0.879287256120019
vn 0.4569985225640044 -0.1341874494848349 0.879287256120019
vn 0.4569985225640044 -0.1341874494848349 0.879287256120019
vn 0.5281504913111824 -0.27918870693429326 0.8019418460512668
vn 0.5281504913111824 -0.27918870693429326 0.8019418460512668
vn 0.5281504913111824 -0.27918870693429326 0.8019418460512668
vn -0.5281501974104826 -0.2791885601018739 0.8019420907294433
vn -0.5281501974104826 -0.2791885601018739 0.8019420907294433
vn -0.5281501974104826 -0.2791885601018739 0.8019420907294433
vn -0.4569985225640044 -0.1341874494848349 0.879287256120019
vn -0.4569985225640044 -0.1341874494848349 0.879287256120019
vn -0.4569985225640044 -0.1341874494848349 0.879287256120019
vn 0 -1.6292067894774218e-7 -0.9999999999999868
vn 0 -1.6292067894774218e-7 -0.9999999999999868
vn 0 -1.6292067894774218e-7 -0.9999999999999868
vn 0 -1.6292067894774218e-7 -0.9999999999999868
vn 0 -1.6292067894774218e-7 -0.9999999999999868
vn 0 -1.6292067894774218e-7 -0.9999999999999868
vn 0 -0.0000012453755797718126 -0.9999999999992246
vn 0 -0.0000012453755797718126 -0.9999999999992246
vn 0 -0.0000012453755797718126 -0.9999999999992246
vn 0 -0.0000012453744429034352 -0.9999999999992246
vn 0 -0.0000012453744429034352 -0.9999999999992246
vn 0 -0.0000012453744429034352 -0.9999999999992246
f 6223/2383/6223 6224/2384/6224 6225/2385/6225
f 6226/2386/6226 6227/2387/6227 6228/2388/6228
f 6229/2389/6229 6230/2390/6230 6231/2391/6231
f 6232/2392/6232 6233/2393/6233 6234/2394/6234
f 6235/2395/6235 6236/2396/6236 6237/2397/6237
f 6238/2398/6238 6239/2399/6239 6240/2400/6240
f 6241/2401/6241 6242/2402/6242 6243/2403/6243
f 6244/2404/6244 6245/2405/6245 6246/2406/6246
