# Blender 5.0.1
# www.blender.org
mtllib with_mechet.mtl
o element
v 153.302612 0.000000 194.994446
v 105.710815 0.000000 145.014648
v 95.413452 0.000000 154.824799
v 142.999634 0.000000 204.804749
v 153.302612 21.719587 194.994446
v 105.710815 21.719587 145.014648
v 95.413452 21.719587 154.824799
v 142.999634 21.719587 204.804749
vn 0.6896 -0.0000 0.7242
vn 0.7242 -0.0000 -0.6896
vn -0.6898 -0.0000 -0.7240
vn -0.7242 -0.0000 0.6896
vn -0.0000 1.0000 -0.0000
s 0
usemtl wall
f 4//1 1//1 5//1 8//1
f 1//2 2//2 6//2 5//2
f 2//3 3//3 7//3 6//3
f 3//4 4//4 8//4 7//4
usemtl roof
f 5//5 6//5 7//5 8//5
o Соборная_мечеть
v -128.235474 0.000000 8.094902
v -132.766418 0.000000 9.398323
v -133.608337 0.000000 7.951363
v -154.412842 0.000000 14.067284
v -154.340027 0.000000 15.614616
v -158.653564 0.000000 17.196266
v -157.889404 0.000000 20.123802
v -160.458618 0.000000 20.981514
v -159.973328 0.000000 22.807045
v -160.775818 0.000000 23.052116
v -158.589355 0.000000 30.899681
v -157.329834 0.000000 30.621117
v -156.833374 0.000000 32.402122
v -154.838135 0.000000 32.023216
v -145.424011 0.000000 60.129372
v -115.050171 0.000000 51.272804
v -128.235474 22.000000 8.094902
v -132.766418 22.000000 9.398323
v -133.608337 22.000000 7.951363
v -154.412842 22.000000 14.067284
v -154.340027 22.000000 15.614616
v -158.653564 22.000000 17.196266
v -157.889404 22.000000 20.123802
v -160.458618 22.000000 20.981514
v -159.973328 22.000000 22.807045
v -160.775818 22.000000 23.052116
v -158.589355 22.000000 30.899681
v -157.329834 22.000000 30.621117
v -156.833374 22.000000 32.402122
v -154.838135 22.000000 32.023216
v -145.424011 22.000000 60.129372
v -115.050171 22.000000 51.272804
v -157.081238 22.000000 20.145897
v -156.523743 22.000000 20.925011
v -155.732178 22.000000 21.459175
v -154.806946 22.000000 21.703880
v -153.859436 22.000000 21.614632
v -152.990051 22.000000 21.213692
v -152.310242 22.000000 20.545631
v -151.898010 22.000000 19.677254
v -151.803467 22.000000 18.731010
v -151.998718 22.000000 17.885033
v -152.450317 22.000000 17.139290
v -153.113647 22.000000 16.571693
v -153.916321 22.000000 16.226784
v -154.780212 22.000000 16.160164
v -155.632935 22.000000 16.360725
v -156.374084 22.000000 16.806160
v -156.942444 22.000000 17.474205
v -157.282288 22.000000 18.275780
v -157.343384 22.000000 19.222008
v -157.081238 43.000000 20.145897
v -156.523743 43.000000 20.925011
v -155.732178 43.000000 21.459175
v -154.806946 43.000000 21.703880
v -153.859436 43.000000 21.614632
v -152.990051 43.000000 21.213692
v -152.310242 43.000000 20.545631
v -151.898010 43.000000 19.677254
v -151.803467 43.000000 18.731010
v -151.998718 43.000000 17.885033
v -152.450317 43.000000 17.139290
v -153.113647 43.000000 16.571693
v -153.916321 43.000000 16.226784
v -154.780212 43.000000 16.160164
v -155.632935 43.000000 16.360725
v -156.374084 43.000000 16.806160
v -156.942444 43.000000 17.474205
v -157.282288 43.000000 18.275780
v -157.343384 43.000000 19.222008
v -143.506165 22.000000 36.762993
v -144.113159 22.000000 39.401390
v -143.845032 22.000000 42.095268
v -142.735352 22.000000 44.555199
v -140.890076 22.000000 46.536278
v -138.509949 22.000000 47.815941
v -135.845703 22.000000 48.271767
v -133.176025 22.000000 47.859306
v -130.779724 22.000000 46.600868
v -128.907410 22.000000 44.652367
v -127.737549 22.000000 42.114021
v -127.470642 22.000000 39.330986
v -128.134460 22.000000 36.626060
v -129.656555 22.000000 34.277550
v -131.864014 22.000000 32.574852
v -134.511658 22.000000 31.696007
v -137.303955 22.000000 31.730003
v -139.928894 22.000000 32.687920
v -142.085449 22.000000 34.469505
v -143.506165 34.000000 36.762993
v -144.113159 34.000000 39.401390
v -143.845032 34.000000 42.095268
v -142.735352 34.000000 44.555199
v -140.890076 34.000000 46.536278
v -138.509949 34.000000 47.815941
v -135.845703 34.000000 48.271767
v -133.176025 34.000000 47.859306
v -130.779724 34.000000 46.600868
v -128.907410 34.000000 44.652367
v -127.737549 34.000000 42.114021
v -127.470642 34.000000 39.330986
v -128.134460 34.000000 36.626060
v -129.656555 34.000000 34.277550
v -131.864014 34.000000 32.574852
v -134.511658 34.000000 31.696007
v -137.303955 34.000000 31.730003
v -139.928894 34.000000 32.687920
v -142.085449 34.000000 34.469505
v -132.492310 22.000000 14.229530
v -131.684021 22.000000 14.808220
v -130.719727 22.000000 15.086311
v -129.722107 22.000000 15.030434
v -128.802551 22.000000 14.651741
v -128.055847 22.000000 13.983665
v -127.576721 22.000000 13.104134
v -127.409729 22.000000 12.124474
v -127.582703 22.000000 11.133781
v -128.039917 22.000000 10.298973
v -128.742310 22.000000 9.642357
v -129.617432 22.000000 9.252922
v -130.570557 22.000000 9.152946
v -131.506836 22.000000 9.375786
v -132.320435 22.000000 9.865776
v -132.938965 22.000000 10.600624
v -133.289856 22.000000 11.491249
v -133.345398 22.000000 12.448616
v -133.072083 22.000000 13.405891
v -132.492310 43.000000 14.229530
v -131.684021 43.000000 14.808220
v -130.719727 43.000000 15.086311
v -129.722107 43.000000 15.030434
v -128.802551 43.000000 14.651741
v -128.055847 43.000000 13.983665
v -127.576721 43.000000 13.104134
v -127.409729 43.000000 12.124474
v -127.582703 43.000000 11.133781
v -128.039917 43.000000 10.298973
v -128.742310 43.000000 9.642357
v -129.617432 43.000000 9.252922
v -130.570557 43.000000 9.152946
v -131.506836 43.000000 9.375786
v -132.320435 43.000000 9.865776
v -132.938965 43.000000 10.600624
v -133.289856 43.000000 11.491249
v -133.345398 43.000000 12.448616
v -133.072083 43.000000 13.405891
v -154.465134 47.903927 18.319000
v -154.363754 47.619396 17.809010
v -154.270325 47.157349 17.339001
v -154.188446 46.535534 16.927032
v -154.121246 45.777851 16.588940
v -154.071304 44.913418 16.337715
v -154.040543 43.975452 16.183014
v -154.030167 43.000000 16.130775
v -154.363754 47.903927 18.349773
v -154.164902 47.619396 17.869373
v -153.981644 47.157349 17.426632
v -153.821014 46.535534 17.038570
v -153.689178 45.777851 16.720093
v -153.591232 44.913418 16.483444
v -153.530914 43.975452 16.337715
v -153.510544 43.000000 16.288509
v -154.270325 47.903927 18.399746
v -153.981644 47.619396 17.967396
v -153.715576 47.157349 17.568943
v -153.482391 46.535534 17.219692
v -153.291000 45.777851 16.933071
v -153.148788 44.913418 16.720093
v -153.061218 43.975452 16.588943
v -153.031647 43.000000 16.544659
v -154.188446 47.903927 18.466995
v -153.821014 47.619396 18.099312
v -153.482391 47.157349 17.760456
v -153.185577 46.535534 17.463444
v -152.941986 45.777851 17.219692
v -152.760986 44.913418 17.038570
v -152.649536 43.975452 16.927036
v -152.611908 43.000000 16.889374
v -154.121231 47.903927 18.548943
v -153.689178 47.619396 18.260056
v -153.291000 47.157349 17.993816
v -152.941986 46.535534 17.760456
v -152.655563 45.777851 17.568943
v -152.442734 44.913418 17.426636
v -152.311676 43.975452 17.339001
v -152.267426 43.000000 17.309410
v -154.071304 47.903927 18.642433
v -153.591232 47.619396 18.443443
v -153.148788 47.157349 18.260056
v -152.760986 46.535534 18.099316
v -152.442734 45.777851 17.967396
v -152.206253 44.913418 17.869373
v -152.060623 43.975452 17.809013
v -152.011444 43.000000 17.788628
v -154.040543 47.903927 18.743877
v -153.530914 47.619396 18.642433
v -153.061218 47.157349 18.548943
v -152.649536 46.535534 18.466995
v -152.311676 45.777851 18.399746
v -152.060623 44.913418 18.349773
v -151.906021 43.975452 18.319000
v -151.853821 43.000000 18.308613
v -154.030167 47.903927 18.849373
v -153.510544 47.619396 18.849373
v -153.031647 47.157349 18.849373
v -152.611908 46.535534 18.849373
v -152.267426 45.777851 18.849373
v -152.011444 44.913418 18.849373
v -151.853821 43.975452 18.849373
v -151.800598 43.000000 18.849373
v -154.040543 47.903927 18.954872
v -153.530914 47.619396 19.056316
v -153.061218 47.157349 19.149807
v -152.649536 46.535534 19.231750
v -152.311676 45.777851 19.299002
v -152.060623 44.913418 19.348974
v -151.906021 43.975452 19.379745
v -151.853821 43.000000 19.390137
v -154.071304 47.903927 19.056316
v -153.591232 47.619396 19.255302
v -153.148788 47.157349 19.438692
v -152.760986 46.535534 19.599434
v -152.442734 45.777851 19.731350
v -152.206253 44.913418 19.829374
v -152.060623 43.975452 19.889736
v -152.011444 43.000000 19.910118
v -154.121231 47.903927 19.149807
v -153.689178 47.619396 19.438692
v -153.291000 47.157349 19.704931
v -152.941986 46.535534 19.938292
v -152.655563 45.777851 20.129807
v -152.442734 44.913418 20.272114
v -152.311676 43.975452 20.359745
v -152.267426 43.000000 20.389336
v -154.188446 47.903927 19.231750
v -153.821014 47.619396 19.599434
v -153.482391 47.157349 19.938292
v -153.185577 46.535534 20.235302
v -152.941986 45.777851 20.479053
v -152.760986 44.913418 20.660177
v -152.649536 43.975452 20.771713
v -152.611908 43.000000 20.809374
v -154.270325 47.903927 19.299002
v -153.981644 47.619396 19.731350
v -153.715591 47.157349 20.129807
v -153.482391 46.535534 20.479053
v -153.291000 45.777851 20.765675
v -153.148788 44.913418 20.978653
v -153.061218 43.975452 21.109804
v -153.031647 43.000000 21.154091
v -154.363754 47.903927 19.348974
v -154.164902 47.619396 19.829374
v -153.981644 47.157349 20.272114
v -153.821014 46.535534 20.660177
v -153.689178 45.777851 20.978653
v -153.591232 44.913418 21.215303
v -153.530914 43.975452 21.361031
v -153.510544 43.000000 21.410236
v -154.465134 47.903927 19.379745
v -154.363754 47.619396 19.889736
v -154.270325 47.157349 20.359745
v -154.188446 46.535534 20.771713
v -154.121246 45.777851 21.109804
v -154.071304 44.913418 21.361031
v -154.040558 43.975452 21.515734
v -154.030167 43.000000 21.567972
v -154.570557 47.903927 19.390137
v -154.570557 47.619396 19.910118
v -154.570557 47.157349 20.389336
v -154.570557 46.535534 20.809374
v -154.570557 45.777851 21.154089
v -154.570557 44.913418 21.410236
v -154.570557 43.975452 21.567970
v -154.570557 43.000000 21.621231
v -154.675980 47.903927 19.379745
v -154.777359 47.619396 19.889736
v -154.870789 47.157349 20.359745
v -154.952667 46.535534 20.771713
v -155.019867 45.777851 21.109804
v -155.069809 44.913418 21.361031
v -155.100571 43.975452 21.515734
v -155.110947 43.000000 21.567972
v -154.777359 47.903927 19.348974
v -154.976212 47.619396 19.829374
v -155.159470 47.157349 20.272114
v -155.320099 46.535534 20.660177
v -155.451935 45.777851 20.978653
v -155.549881 44.913418 21.215303
v -155.610199 43.975452 21.361031
v -155.630569 43.000000 21.410236
v -154.570557 48.000000 18.849373
v -154.870789 47.903927 19.299002
v -155.159470 47.619396 19.731350
v -155.425522 47.157349 20.129807
v -155.658722 46.535534 20.479053
v -155.850113 45.777851 20.765675
v -155.992325 44.913418 20.978653
v -156.079895 43.975452 21.109804
v -156.109467 43.000000 21.154089
v -154.952667 47.903927 19.231750
v -155.320099 47.619396 19.599434
v -155.658722 47.157349 19.938292
v -155.955536 46.535534 20.235302
v -156.199127 45.777851 20.479053
v -156.380127 44.913418 20.660177
v -156.491577 43.975452 20.771711
v -156.529205 43.000000 20.809374
v -155.019882 47.903927 19.149807
v -155.451935 47.619396 19.438692
v -155.850113 47.157349 19.704931
v -156.199127 46.535534 19.938292
v -156.485535 45.777851 20.129805
v -156.698380 44.913418 20.272114
v -156.829437 43.975452 20.359745
v -156.873688 43.000000 20.389336
v -155.069809 47.903927 19.056316
v -155.549881 47.619396 19.255302
v -155.992325 47.157349 19.438692
v -156.380127 46.535534 19.599432
v -156.698380 45.777851 19.731350
v -156.934860 44.913418 19.829374
v -157.080490 43.975452 19.889734
v -157.129669 43.000000 19.910118
v -155.100571 47.903927 18.954872
v -155.610199 47.619396 19.056316
v -156.079895 47.157349 19.149807
v -156.491577 46.535534 19.231750
v -156.829437 45.777851 19.299002
v -157.080490 44.913418 19.348974
v -157.235092 43.975452 19.379745
v -157.287292 43.000000 19.390137
v -155.110947 47.903927 18.849373
v -155.630569 47.619396 18.849373
v -156.109467 47.157349 18.849373
v -156.529205 46.535534 18.849373
v -156.873688 45.777851 18.849373
v -157.129669 44.913418 18.849373
v -157.287292 43.975452 18.849373
v -157.340515 43.000000 18.849373
v -155.100571 47.903927 18.743877
v -155.610199 47.619396 18.642433
v -156.079895 47.157349 18.548943
v -156.491577 46.535534 18.466995
v -156.829437 45.777851 18.399746
v -157.080490 44.913418 18.349773
v -157.235092 43.975452 18.319000
v -157.287292 43.000000 18.308609
v -155.069809 47.903927 18.642433
v -155.549881 47.619396 18.443443
v -155.992325 47.157349 18.260056
v -156.380127 46.535534 18.099316
v -156.698380 45.777851 17.967396
v -156.934860 44.913418 17.869373
v -157.080490 43.975452 17.809010
v -157.129669 43.000000 17.788628
v -155.019882 47.903927 18.548943
v -155.451935 47.619396 18.260056
v -155.850113 47.157349 17.993816
v -156.199127 46.535534 17.760456
v -156.485535 45.777851 17.568943
v -156.698380 44.913418 17.426636
v -156.829437 43.975452 17.339001
v -156.873688 43.000000 17.309410
v -154.952667 47.903927 18.466995
v -155.320099 47.619396 18.099316
v -155.658722 47.157349 17.760456
v -155.955536 46.535534 17.463444
v -156.199127 45.777851 17.219692
v -156.380127 44.913418 17.038570
v -156.491577 43.975452 16.927036
v -156.529205 43.000000 16.889374
v -154.870789 47.903927 18.399746
v -155.159470 47.619396 17.967396
v -155.425522 47.157349 17.568943
v -155.658722 46.535534 17.219692
v -155.850113 45.777851 16.933075
v -155.992325 44.913418 16.720093
v -156.079895 43.975452 16.588943
v -156.109467 43.000000 16.544659
v -154.777359 47.903927 18.349773
v -154.976212 47.619396 17.869373
v -155.159470 47.157349 17.426636
v -155.320099 46.535534 17.038570
v -155.451935 45.777851 16.720097
v -155.549881 44.913418 16.483444
v -155.610199 43.975452 16.337719
v -155.630569 43.000000 16.288513
v -154.675980 47.903927 18.319000
v -154.777359 47.619396 17.809013
v -154.870789 47.157349 17.339001
v -154.952667 46.535534 16.927036
v -155.019867 45.777851 16.588943
v -155.069809 44.913418 16.337719
v -155.100555 43.975452 16.183014
v -155.110947 43.000000 16.130775
v -154.570557 47.903927 18.308609
v -154.570557 47.619396 17.788631
v -154.570557 47.157349 17.309414
v -154.570557 46.535534 16.889374
v -154.570557 45.777851 16.544659
v -154.570557 44.913418 16.288513
v -154.570557 43.975452 16.130779
v -154.570557 43.000000 16.077518
v -135.525513 38.903927 38.417244
v -135.220978 38.619396 36.892365
v -134.940308 38.157349 35.487034
v -134.694305 37.535534 34.255249
v -134.492416 36.777851 33.244350
v -134.342407 35.913418 32.493187
v -134.250015 34.975452 32.030617
v -134.218826 34.000000 31.874428
v -135.220978 38.903927 38.509254
v -134.623596 38.619396 37.072853
v -134.073059 38.157349 35.749058
v -133.590515 37.535534 34.588741
v -133.194489 36.777851 33.636497
v -132.900208 35.913418 32.928913
v -132.719009 34.975452 32.493187
v -132.657822 34.000000 32.346058
v -134.940308 38.903927 38.658669
v -134.073059 38.619396 37.365944
v -133.273804 38.157349 36.174561
v -132.573242 37.535534 35.130302
v -131.998306 36.777851 34.273304
v -131.571091 35.913418 33.636497
v -131.308014 34.975452 33.244350
v -131.219177 34.000000 33.111938
v -134.694305 38.903927 38.859749
v -133.590500 38.619396 37.760376
v -132.573242 38.157349 36.747189
v -131.681595 37.535534 35.859119
v -130.949844 36.777851 35.130302
v -130.406097 35.913418 34.588741
v -130.071259 34.975452 34.255249
v -129.958206 34.000000 34.142647
v -134.492416 38.903927 39.104767
v -133.194489 38.619396 38.240993
v -131.998306 38.157349 37.444939
v -130.949844 37.535534 36.747189
v -130.089386 36.777851 36.174561
v -129.450012 35.913418 35.749058
v -129.056290 34.975452 35.487038
v -128.923355 34.000000 35.398560
v -134.342392 38.903927 39.384308
v -132.900208 38.619396 38.789330
v -131.571091 38.157349 38.240997
v -130.406097 37.535534 37.760376
v -129.450012 36.777851 37.365944
v -128.739578 35.913418 37.072853
v -128.302109 34.975452 36.892372
v -128.154388 34.000000 36.831429
v -134.250015 38.903927 39.687622
v -132.718994 38.619396 39.384308
v -131.308014 38.157349 39.104767
v -130.071259 37.535534 38.859749
v -129.056290 36.777851 38.658672
v -128.302109 35.913418 38.509254
v -127.837677 34.975452 38.417244
v -127.680855 34.000000 38.386177
v -134.218826 38.903927 40.003063
v -132.657806 38.619396 40.003063
v -131.219177 38.157349 40.003063
v -129.958206 37.535534 40.003063
v -128.923355 36.777851 40.003063
v -128.154388 35.913418 40.003059
v -127.680855 34.975452 40.003063
v -127.520966 34.000000 40.003063
v -134.250015 38.903927 40.318501
v -132.718994 38.619396 40.621819
v -131.308014 38.157349 40.901356
v -130.071259 37.535534 41.146374
v -129.056290 36.777851 41.347454
v -128.302109 35.913418 41.496868
v -127.837677 34.975452 41.588879
v -127.680855 34.000000 41.619949
v -134.342407 38.903927 40.621819
v -132.900208 38.619396 41.216797
v -131.571091 38.157349 41.765129
v -130.406097 37.535534 42.245747
v -129.450012 36.777851 42.640182
v -128.739578 35.913418 42.933270
v -128.302109 34.975452 43.113754
v -128.154388 34.000000 43.174698
v -134.492416 38.903927 40.901356
v -133.194489 38.619396 41.765129
v -131.998306 38.157349 42.561188
v -130.949844 37.535534 43.258934
v -130.089386 36.777851 43.831566
v -129.450012 35.913418 44.257065
v -129.056290 34.975452 44.519089
v -128.923355 34.000000 44.607563
v -134.694305 38.903927 41.146374
v -133.590500 38.619396 42.245747
v -132.573242 38.157349 43.258934
v -131.681595 37.535534 44.147003
v -130.949844 36.777851 44.875820
v -130.406097 35.913418 45.417381
v -130.071259 34.975452 45.750870
v -129.958206 34.000000 45.863480
v -134.940308 38.903927 41.347454
v -134.073059 38.619396 42.640182
v -133.273804 38.157349 43.831566
v -132.573242 37.535534 44.875820
v -131.998306 36.777851 45.732819
v -131.571091 35.913418 46.369629
v -131.308014 34.975452 46.761772
v -131.219177 34.000000 46.894184
v -135.220978 38.903927 41.496872
v -134.623596 38.619396 42.933273
v -134.073059 38.157349 44.257065
v -133.590515 37.535534 45.417381
v -133.194489 36.777851 46.369629
v -132.900208 35.913418 47.077209
v -132.719009 34.975452 47.512936
v -132.657822 34.000000 47.660065
v -135.525513 38.903927 41.588882
v -135.220978 38.619396 43.113754
v -134.940308 38.157349 44.519089
v -134.694305 37.535534 45.750874
v -134.492416 36.777851 46.761772
v -134.342407 35.913418 47.512939
v -134.250015 34.975452 47.975502
v -134.218826 34.000000 48.131695
v -135.842224 38.903927 41.619949
v -135.842224 38.619396 43.174698
v -135.842224 38.157349 44.607563
v -135.842224 37.535534 45.863480
v -135.842224 36.777851 46.894180
v -135.842224 35.913418 47.660065
v -135.842224 34.975452 48.131691
v -135.842224 34.000000 48.290943
v -136.158936 38.903927 41.588882
v -136.463470 38.619396 43.113754
v -136.744141 38.157349 44.519089
v -136.990143 37.535534 45.750870
v -137.192032 36.777851 46.761768
v -137.342041 35.913418 47.512939
v -137.434433 34.975452 47.975502
v -137.465622 34.000000 48.131691
v -136.463470 38.903927 41.496872
v -137.060852 38.619396 42.933270
v -137.611389 38.157349 44.257065
v -138.093933 37.535534 45.417381
v -138.489960 36.777851 46.369625
v -138.784241 35.913418 47.077209
v -138.965439 34.975452 47.512936
v -139.026627 34.000000 47.660065
v -135.842224 39.000000 40.003063
v -136.744141 38.903927 41.347454
v -137.611389 38.619396 42.640179
v -138.410645 38.157349 43.831566
v -139.111206 37.535534 44.875820
v -139.686142 36.777851 45.732815
v -140.113358 35.913418 46.369629
v -140.376434 34.975452 46.761768
v -140.465271 34.000000 46.894180
v -136.990143 38.903927 41.146374
v -138.093933 38.619396 42.245747
v -139.111206 38.157349 43.258934
v -140.002853 37.535534 44.147003
v -140.734604 36.777851 44.875816
v -141.278351 35.913418 45.417381
v -141.613190 34.975452 45.750870
v -141.726242 34.000000 45.863476
v -137.192032 38.903927 40.901356
v -138.489960 38.619396 41.765129
v -139.686142 38.157349 42.561184
v -140.734604 37.535534 43.258934
v -141.595062 36.777851 43.831562
v -142.234436 35.913418 44.257065
v -142.628143 34.975452 44.519085
v -142.761093 34.000000 44.607559
v -137.342041 38.903927 40.621819
v -138.784241 38.619396 41.216793
v -140.113358 38.157349 41.765129
v -141.278351 37.535534 42.245743
v -142.234436 36.777851 42.640175
v -142.944855 35.913418 42.933270
v -143.382339 34.975452 43.113750
v -143.530060 34.000000 43.174694
v -137.434433 38.903927 40.318501
v -138.965439 38.619396 40.621819
v -140.376434 38.157349 40.901356
v -141.613190 37.535534 41.146370
v -142.628143 36.777851 41.347450
v -143.382339 35.913418 41.496868
v -143.846771 34.975452 41.588875
v -144.003586 34.000000 41.619946
v -137.465622 38.903927 40.003063
v -139.026627 38.619396 40.003059
v -140.465271 38.157349 40.003059
v -141.726242 37.535534 40.003059
v -142.761093 36.777851 40.003059
v -143.530060 35.913418 40.003063
v -144.003586 34.975452 40.003059
v -144.163483 34.000000 40.003059
v -137.434433 38.903927 39.687622
v -138.965439 38.619396 39.384308
v -140.376434 38.157349 39.104767
v -141.613190 37.535534 38.859749
v -142.628143 36.777851 38.658669
v -143.382339 35.913418 38.509254
v -143.846771 34.975452 38.417244
v -144.003586 34.000000 38.386177
v -137.342041 38.903927 39.384308
v -138.784241 38.619396 38.789330
v -140.113358 38.157349 38.240997
v -141.278351 37.535534 37.760376
v -142.234421 36.777851 37.365944
v -142.944855 35.913418 37.072853
v -143.382339 34.975452 36.892372
v -143.530060 34.000000 36.831429
v -137.192032 38.903927 39.104767
v -138.489960 38.619396 38.240997
v -139.686142 38.157349 37.444939
v -140.734604 37.535534 36.747189
v -141.595047 36.777851 36.174561
v -142.234436 35.913418 35.749062
v -142.628143 34.975452 35.487038
v -142.761093 34.000000 35.398563
v -136.990143 38.903927 38.859749
v -138.093933 38.619396 37.760376
v -139.111206 38.157349 36.747189
v -140.002853 37.535534 35.859123
v -140.734604 36.777851 35.130306
v -141.278351 35.913418 34.588745
v -141.613174 34.975452 34.255257
v -141.726242 34.000000 34.142647
v -136.744141 38.903927 38.658669
v -137.611389 38.619396 37.365944
v -138.410645 38.157349 36.174561
v -139.111206 37.535534 35.130302
v -139.686142 36.777851 34.273308
v -140.113358 35.913418 33.636497
v -140.376434 34.975452 33.244354
v -140.465271 34.000000 33.111942
v -136.463470 38.903927 38.509254
v -137.060837 38.619396 37.072853
v -137.611389 38.157349 35.749062
v -138.093933 37.535534 34.588745
v -138.489960 36.777851 33.636497
v -138.784241 35.913418 32.928917
v -138.965439 34.975452 32.493191
v -139.026627 34.000000 32.346062
v -136.158936 38.903927 38.417244
v -136.463470 38.619396 36.892372
v -136.744141 38.157349 35.487038
v -136.990143 37.535534 34.255253
v -137.192032 36.777851 33.244354
v -137.342041 35.913418 32.493187
v -137.434418 34.975452 32.030624
v -137.465622 34.000000 31.874435
v -135.842224 38.903927 38.386177
v -135.842224 38.619396 36.831429
v -135.842224 38.157349 35.398563
v -135.842224 37.535534 34.142647
v -135.842224 36.777851 33.111946
v -135.842224 35.913418 32.346062
v -135.842224 34.975452 31.874437
v -135.842224 34.000000 31.715187
v -130.281204 47.903927 11.521164
v -130.172592 47.619396 10.975327
v -130.072495 47.157349 10.472282
v -129.984756 46.535534 10.031361
v -129.912750 45.777851 9.669506
v -129.859238 44.913418 9.400623
v -129.826294 43.975452 9.235043
v -129.815170 43.000000 9.179134
v -130.172592 47.903927 11.554100
v -129.959534 47.619396 11.039932
v -129.763184 47.157349 10.566074
v -129.591080 46.535534 10.150734
v -129.449829 45.777851 9.809875
v -129.344879 44.913418 9.556591
v -129.280243 43.975452 9.400623
v -129.258423 43.000000 9.347958
v -130.072495 47.903927 11.607582
v -129.763184 47.619396 11.144848
v -129.478119 47.157349 10.718384
v -129.228256 46.535534 10.344589
v -129.023209 45.777851 10.037823
v -128.870834 44.913418 9.809875
v -128.777008 43.975452 9.669506
v -128.745331 43.000000 9.622108
v -129.984756 47.903927 11.679562
v -129.591080 47.619396 11.286034
v -129.228256 47.157349 10.923359
v -128.910248 46.535534 10.605473
v -128.649261 45.777851 10.344589
v -128.455338 44.913418 10.150734
v -128.335907 43.975452 10.031361
v -128.295593 43.000000 9.991055
v -129.912750 47.903927 11.767265
v -129.449829 47.619396 11.458076
v -129.023209 47.157349 11.173122
v -128.649261 46.535534 10.923359
v -128.342377 45.777851 10.718388
v -128.114334 44.913418 10.566074
v -127.973915 43.975452 10.472282
v -127.926498 43.000000 10.440613
v -129.859238 47.903927 11.867329
v -129.344879 47.619396 11.654354
v -128.870834 47.157349 11.458076
v -128.455338 46.535534 11.286037
v -128.114334 45.777851 11.144848
v -127.860962 44.913418 11.039932
v -127.704926 43.975452 10.975330
v -127.652245 43.000000 10.953514
v -129.826294 47.903927 11.975903
v -129.280243 47.619396 11.867329
v -128.777008 47.157349 11.767265
v -128.335907 46.535534 11.679562
v -127.973915 45.777851 11.607586
v -127.704926 44.913418 11.554100
v -127.539284 43.975452 11.521164
v -127.483353 43.000000 11.510044
v -129.815170 47.903927 12.088814
v -129.258423 47.619396 12.088814
v -128.745331 47.157349 12.088814
v -128.295593 46.535534 12.088814
v -127.926498 45.777851 12.088814
v -127.652245 44.913418 12.088814
v -127.483353 43.975452 12.088814
v -127.426331 43.000000 12.088814
v -129.826294 47.903927 12.201729
v -129.280243 47.619396 12.310303
v -128.777008 47.157349 12.410362
v -128.335907 46.535534 12.498066
v -127.973915 45.777851 12.570045
v -127.704926 44.913418 12.623528
v -127.539291 43.975452 12.656464
v -127.483353 43.000000 12.667587
v -129.859238 47.903927 12.310303
v -129.344879 47.619396 12.523277
v -128.870834 47.157349 12.719555
v -128.455338 46.535534 12.891594
v -128.114334 45.777851 13.032784
v -127.860962 44.913418 13.137695
v -127.704926 43.975452 13.202301
v -127.652245 43.000000 13.224113
v -129.912750 47.903927 12.410362
v -129.449829 47.619396 12.719555
v -129.023209 47.157349 13.004505
v -128.649261 46.535534 13.254269
v -128.342377 45.777851 13.459244
v -128.114334 44.913418 13.611553
v -127.973915 43.975452 13.705345
v -127.926498 43.000000 13.737015
v -129.984756 47.903927 12.498070
v -129.591080 47.619396 12.891594
v -129.228256 47.157349 13.254269
v -128.910248 46.535534 13.572155
v -128.649261 45.777851 13.833038
v -128.455338 44.913418 14.026894
v -128.335907 43.975452 14.146267
v -128.295593 43.000000 14.186577
v -130.072495 47.903927 12.570045
v -129.763184 47.619396 13.032784
v -129.478119 47.157349 13.459244
v -129.228256 46.535534 13.833038
v -129.023209 45.777851 14.139805
v -128.870834 44.913418 14.367756
v -128.777008 43.975452 14.508125
v -128.745331 43.000000 14.555523
v -130.172592 47.903927 12.623531
v -129.959534 47.619396 13.137695
v -129.763184 47.157349 13.611553
v -129.591080 46.535534 14.026894
v -129.449829 45.777851 14.367752
v -129.344879 44.913418 14.621037
v -129.280243 43.975452 14.777008
v -129.258423 43.000000 14.829674
v -130.281204 47.903927 12.656464
v -130.172592 47.619396 13.202301
v -130.072495 47.157349 13.705345
v -129.984756 46.535534 14.146267
v -129.912750 45.777851 14.508125
v -129.859238 44.913418 14.777008
v -129.826294 43.975452 14.942585
v -129.815170 43.000000 14.998493
v -130.394165 47.903927 12.667587
v -130.394165 47.619396 13.224113
v -130.394165 47.157349 13.737015
v -130.394165 46.535534 14.186577
v -130.394165 45.777851 14.555519
v -130.394165 44.913418 14.829674
v -130.394165 43.975452 14.998493
v -130.394165 43.000000 15.055496
v -130.507126 47.903927 12.656464
v -130.615738 47.619396 13.202301
v -130.715836 47.157349 13.705345
v -130.803574 46.535534 14.146267
v -130.875580 45.777851 14.508121
v -130.929092 44.913418 14.777008
v -130.962036 43.975452 14.942585
v -130.973160 43.000000 14.998493
v -130.615738 47.903927 12.623531
v -130.828796 47.619396 13.137695
v -131.025146 47.157349 13.611553
v -131.197250 46.535534 14.026894
v -131.338501 45.777851 14.367752
v -131.443451 44.913418 14.621037
v -131.508087 43.975452 14.777008
v -131.529907 43.000000 14.829674
v -130.394165 48.000000 12.088814
v -130.715836 47.903927 12.570045
v -131.025146 47.619396 13.032784
v -131.310211 47.157349 13.459244
v -131.560074 46.535534 13.833038
v -131.765121 45.777851 14.139805
v -131.917496 44.913418 14.367752
v -132.011322 43.975452 14.508121
v -132.042999 43.000000 14.555519
v -130.803574 47.903927 12.498070
v -131.197250 47.619396 12.891594
v -131.560074 47.157349 13.254269
v -131.878082 46.535534 13.572155
v -132.139069 45.777851 13.833038
v -132.332993 44.913418 14.026894
v -132.452423 43.975452 14.146267
v -132.492737 43.000000 14.186577
v -130.875580 47.903927 12.410362
v -131.338501 47.619396 12.719555
v -131.765121 47.157349 13.004505
v -132.139069 46.535534 13.254269
v -132.445953 45.777851 13.459244
v -132.673981 44.913418 13.611553
v -132.814407 43.975452 13.705345
v -132.861832 43.000000 13.737015
v -130.929092 47.903927 12.310303
v -131.443451 47.619396 12.523273
v -131.917496 47.157349 12.719555
v -132.332993 46.535534 12.891594
v -132.673981 45.777851 13.032780
v -132.927368 44.913418 13.137695
v -133.083405 43.975452 13.202301
v -133.136078 43.000000 13.224113
v -130.962036 47.903927 12.201729
v -131.508087 47.619396 12.310299
v -132.011322 47.157349 12.410362
v -132.452423 46.535534 12.498066
v -132.814407 45.777851 12.570045
v -133.083405 44.913418 12.623528
v -133.249039 43.975452 12.656464
v -133.304977 43.000000 12.667583
v -130.973160 47.903927 12.088814
v -131.529907 47.619396 12.088814
v -132.042999 47.157349 12.088814
v -132.492737 46.535534 12.088814
v -132.861832 45.777851 12.088814
v -133.136078 44.913418 12.088814
v -133.304977 43.975452 12.088814
v -133.362000 43.000000 12.088814
v -130.962036 47.903927 11.975903
v -131.508087 47.619396 11.867329
v -132.011322 47.157349 11.767265
v -132.452423 46.535534 11.679562
v -132.814407 45.777851 11.607582
v -133.083405 44.913418 11.554100
v -133.249039 43.975452 11.521164
v -133.304977 43.000000 11.510044
v -130.929092 47.903927 11.867329
v -131.443451 47.619396 11.654354
v -131.917496 47.157349 11.458076
v -132.332993 46.535534 11.286037
v -132.673981 45.777851 11.144848
v -132.927368 44.913418 11.039932
v -133.083405 43.975452 10.975330
v -133.136078 43.000000 10.953514
v -130.875580 47.903927 11.767265
v -131.338501 47.619396 11.458076
v -131.765121 47.157349 11.173122
v -132.139069 46.535534 10.923363
v -132.445953 45.777851 10.718388
v -132.673981 44.913418 10.566074
v -132.814407 43.975452 10.472282
v -132.861832 43.000000 10.440613
v -130.803574 47.903927 11.679562
v -131.197250 47.619396 11.286037
v -131.560074 47.157349 10.923363
v -131.878082 46.535534 10.605473
v -132.139069 45.777851 10.344589
v -132.332993 44.913418 10.150738
v -132.452423 43.975452 10.031361
v -132.492737 43.000000 9.991055
v -130.715836 47.903927 11.607582
v -131.025146 47.619396 11.144848
v -131.310211 47.157349 10.718388
v -131.560074 46.535534 10.344589
v -131.765121 45.777851 10.037823
v -131.917496 44.913418 9.809875
v -132.011322 43.975452 9.669506
v -132.042999 43.000000 9.622108
v -130.615738 47.903927 11.554100
v -130.828796 47.619396 11.039936
v -131.025146 47.157349 10.566078
v -131.197250 46.535534 10.150738
v -131.338501 45.777851 9.809875
v -131.443451 44.913418 9.556595
v -131.508087 43.975452 9.400623
v -131.529907 43.000000 9.347958
v -130.507126 47.903927 11.521164
v -130.615738 47.619396 10.975330
v -130.715836 47.157349 10.472286
v -130.803574 46.535534 10.031361
v -130.875580 45.777851 9.669506
v -130.929092 44.913418 9.400623
v -130.962036 43.975452 9.235046
v -130.973160 43.000000 9.179138
v -130.394165 47.903927 11.510044
v -130.394165 47.619396 10.953514
v -130.394165 47.157349 10.440617
v -130.394165 46.535534 9.991055
v -130.394165 45.777851 9.622108
v -130.394165 44.913418 9.347958
v -130.394165 43.975452 9.179138
v -130.394165 43.000000 9.122135
vn 0.9564 -0.0000 -0.2921
vn -0.2765 -0.0000 -0.9610
vn 0.8643 -0.0000 -0.5029
vn -0.2820 -0.0000 -0.9594
vn -0.9989 -0.0000 0.0470
vn -0.3443 -0.0000 -0.9389
vn -0.9676 -0.0000 0.2526
vn -0.3167 -0.0000 -0.9485
vn -0.9664 -0.0000 0.2569
vn -0.2921 -0.0000 -0.9564
vn -0.9633 -0.0000 0.2684
vn 0.2159 -0.0000 0.9764
vn -0.9633 -0.0000 0.2685
vn 0.1866 -0.0000 0.9824
vn -0.9482 -0.0000 0.3176
vn 0.2799 -0.0000 0.9600
vn -0.0000 1.0000 -0.0000
vn -0.9620 -0.0000 0.2730
vn -0.8132 -0.0000 0.5819
vn -0.5594 -0.0000 0.8289
vn -0.2557 -0.0000 0.9668
vn 0.0938 -0.0000 0.9956
vn 0.4188 -0.0000 0.9081
vn 0.7009 -0.0000 0.7132
vn 0.9034 -0.0000 0.4288
vn 0.9950 -0.0000 0.0994
vn 0.9744 -0.0000 -0.2249
vn 0.8554 -0.0000 -0.5180
vn 0.6501 -0.0000 -0.7598
vn 0.3948 -0.0000 -0.9188
vn 0.0769 -0.0000 -0.9970
vn -0.2290 -0.0000 -0.9734
vn -0.5151 -0.0000 -0.8571
vn -0.7616 -0.0000 -0.6480
vn -0.9207 -0.0000 -0.3903
vn -0.9979 -0.0000 -0.0644
vn -0.8501 -0.0000 -0.5266
vn -0.9745 -0.0000 -0.2242
vn -0.9951 -0.0000 0.0990
vn -0.9115 -0.0000 0.4112
vn -0.7317 -0.0000 0.6816
vn -0.4735 -0.0000 0.8808
vn -0.1686 -0.0000 0.9857
vn 0.1527 -0.0000 0.9883
vn 0.4649 -0.0000 0.8853
vn 0.7211 -0.0000 0.6929
vn 0.9082 -0.0000 0.4186
vn 0.9954 -0.0000 0.0955
vn 0.9712 -0.0000 -0.2383
vn 0.8392 -0.0000 -0.5439
vn 0.6108 -0.0000 -0.7918
vn 0.3150 -0.0000 -0.9491
vn -0.0122 -0.0000 -0.9999
vn -0.3428 -0.0000 -0.9394
vn -0.6369 -0.0000 -0.7709
vn -0.8177 -0.0000 0.5756
vn -0.5821 -0.0000 0.8131
vn -0.2771 -0.0000 0.9608
vn 0.0559 -0.0000 0.9984
vn 0.3808 -0.0000 0.9247
vn 0.6668 -0.0000 0.7453
vn 0.8782 -0.0000 0.4784
vn 0.9858 -0.0000 0.1680
vn 0.9851 -0.0000 -0.1720
vn 0.8771 -0.0000 -0.4804
vn 0.6829 -0.0000 -0.7305
vn 0.4066 -0.0000 -0.9136
vn 0.1043 -0.0000 -0.9945
vn -0.2315 -0.0000 -0.9728
vn -0.5159 -0.0000 -0.8566
vn -0.7651 -0.0000 -0.6440
vn -0.9304 -0.0000 -0.3666
vn -0.9983 -0.0000 -0.0579
vn -0.9616 -0.0000 0.2745
vn -0.0000 0.3485 -0.9373
vn -0.0000 0.4864 -0.8737
vn 0.1706 0.4864 -0.8569
vn 0.1830 0.3485 -0.9193
vn -0.0000 0.2246 -0.9745
vn 0.1902 0.2246 -0.9557
vn -0.0000 0.1100 -0.9939
vn 0.1940 0.1100 -0.9748
vn -0.0000 0.0545 -0.9985
vn 0.1949 0.0545 -0.9793
vn -0.0000 0.9401 -0.3408
vn 0.0665 0.9401 -0.3342
vn -0.0000 0.8018 -0.5976
vn 0.1167 0.8018 -0.5862
vn -0.0000 0.6402 -0.7682
vn 0.1500 0.6401 -0.7535
vn 0.2942 0.6401 -0.7097
vn 0.3346 0.4864 -0.8071
vn 0.3589 0.3485 -0.8659
vn 0.3731 0.2245 -0.9002
vn 0.3806 0.1100 -0.9182
vn 0.3823 0.0545 -0.9224
vn 0.1305 0.9401 -0.3148
vn 0.2289 0.8017 -0.5521
vn 0.5525 0.1099 -0.8263
vn 0.5550 0.0545 -0.8301
vn 0.1894 0.9401 -0.2833
vn 0.3322 0.8017 -0.4969
vn 0.4271 0.6401 -0.6387
vn 0.4857 0.4864 -0.7264
vn 0.5210 0.3485 -0.7792
vn 0.5416 0.2245 -0.8101
vn 0.6181 0.4863 -0.6176
vn 0.6630 0.3484 -0.6626
vn 0.6893 0.2245 -0.6888
vn 0.7031 0.1099 -0.7026
vn 0.7063 0.0545 -0.7058
vn 0.2411 0.9401 -0.2409
vn 0.4228 0.8017 -0.4225
vn 0.5435 0.6400 -0.5431
vn 0.2835 0.9401 -0.1893
vn 0.4972 0.8016 -0.3320
vn 0.6390 0.6400 -0.4267
vn 0.7267 0.4863 -0.4852
vn 0.7795 0.3484 -0.5205
vn 0.8104 0.2245 -0.5411
vn 0.8266 0.1099 -0.5519
vn 0.8304 0.0545 -0.5545
vn 0.8074 0.4862 -0.3342
vn 0.8661 0.3484 -0.3585
vn 0.9004 0.2244 -0.3727
vn 0.9184 0.1099 -0.3801
vn 0.9226 0.0545 -0.3819
vn 0.3150 0.9401 -0.1304
vn 0.5524 0.8016 -0.2287
vn 0.7100 0.6399 -0.2939
vn 0.3344 0.9401 -0.0665
vn 0.5864 0.8016 -0.1166
vn 0.7537 0.6399 -0.1498
vn 0.8571 0.4862 -0.1704
vn 0.9194 0.3483 -0.1828
vn 0.9558 0.2244 -0.1900
vn 0.9749 0.1099 -0.1938
vn 0.9794 0.0545 -0.1947
vn 0.9374 0.3483 -0.0000
vn 0.9745 0.2244 -0.0000
vn 0.9939 0.1099 -0.0000
vn 0.9985 0.0545 -0.0000
vn 0.3410 0.9401 -0.0000
vn 0.5979 0.8016 -0.0000
vn 0.7685 0.6399 -0.0000
vn 0.8739 0.4862 -0.0000
vn 0.5864 0.8016 0.1166
vn 0.7537 0.6399 0.1498
vn 0.8571 0.4862 0.1704
vn 0.9194 0.3483 0.1828
vn 0.9558 0.2244 0.1900
vn 0.9749 0.1099 0.1938
vn 0.9794 0.0545 0.1947
vn 0.3344 0.9401 0.0665
vn 0.9004 0.2244 0.3727
vn 0.9184 0.1099 0.3802
vn 0.9226 0.0545 0.3819
vn 0.3150 0.9401 0.1304
vn 0.5524 0.8016 0.2287
vn 0.7100 0.6399 0.2939
vn 0.8074 0.4862 0.3342
vn 0.8661 0.3484 0.3585
vn 0.4972 0.8016 0.3320
vn 0.6390 0.6400 0.4267
vn 0.7267 0.4863 0.4852
vn 0.7795 0.3484 0.5205
vn 0.8104 0.2245 0.5411
vn 0.8266 0.1099 0.5519
vn 0.8304 0.0545 0.5545
vn 0.2835 0.9401 0.1893
vn 0.6893 0.2245 0.6888
vn 0.7031 0.1099 0.7026
vn 0.7063 0.0545 0.7058
vn 0.2411 0.9401 0.2409
vn 0.4228 0.8017 0.4225
vn 0.5435 0.6400 0.5431
vn 0.6181 0.4863 0.6177
vn 0.6630 0.3484 0.6626
vn 0.4271 0.6401 0.6387
vn 0.4857 0.4864 0.7264
vn 0.5210 0.3485 0.7792
vn 0.5416 0.2245 0.8101
vn 0.5525 0.1099 0.8263
vn 0.5550 0.0545 0.8301
vn 0.1895 0.9401 0.2833
vn 0.3322 0.8017 0.4969
vn 0.3806 0.1100 0.9182
vn 0.3823 0.0545 0.9224
vn 0.1305 0.9401 0.3148
vn 0.2289 0.8017 0.5521
vn 0.2942 0.6401 0.7097
vn 0.3346 0.4864 0.8071
vn 0.3589 0.3485 0.8659
vn 0.3731 0.2245 0.9002
vn 0.1500 0.6401 0.7535
vn 0.1706 0.4864 0.8569
vn 0.1830 0.3485 0.9193
vn 0.1902 0.2246 0.9557
vn 0.1940 0.1100 0.9748
vn 0.1949 0.0545 0.9793
vn 0.0665 0.9401 0.3342
vn 0.1167 0.8018 0.5862
vn -0.0000 0.1100 0.9939
vn -0.0000 0.0545 0.9985
vn -0.0000 0.9401 0.3408
vn -0.0000 0.8018 0.5976
vn -0.0000 0.6402 0.7682
vn -0.0000 0.4864 0.8737
vn -0.0000 0.3485 0.9373
vn -0.0000 0.2246 0.9745
vn -0.1706 0.4864 0.8569
vn -0.1830 0.3485 0.9193
vn -0.1902 0.2246 0.9557
vn -0.1940 0.1100 0.9748
vn -0.1949 0.0545 0.9793
vn -0.0665 0.9401 0.3342
vn -0.1167 0.8018 0.5862
vn -0.1500 0.6401 0.7535
vn -0.1305 0.9401 0.3148
vn -0.2289 0.8017 0.5521
vn -0.2942 0.6401 0.7097
vn -0.3346 0.4864 0.8071
vn -0.3589 0.3485 0.8659
vn -0.3731 0.2245 0.9002
vn -0.3806 0.1100 0.9182
vn -0.3823 0.0545 0.9224
vn -0.5210 0.3485 0.7792
vn -0.5416 0.2245 0.8101
vn -0.5525 0.1099 0.8263
vn -0.5550 0.0545 0.8301
vn -0.1894 0.9401 0.2833
vn -0.3322 0.8017 0.4969
vn -0.4271 0.6401 0.6387
vn -0.4857 0.4864 0.7264
vn -0.2411 0.9401 0.2409
vn -0.4228 0.8017 0.4225
vn -0.5435 0.6400 0.5431
vn -0.6181 0.4863 0.6177
vn -0.6630 0.3484 0.6626
vn -0.6893 0.2245 0.6888
vn -0.7031 0.1099 0.7026
vn -0.7063 0.0545 0.7058
vn -0.7795 0.3484 0.5205
vn -0.8104 0.2245 0.5411
vn -0.8266 0.1099 0.5519
vn -0.8304 0.0545 0.5545
vn -0.2835 0.9401 0.1893
vn -0.4972 0.8016 0.3320
vn -0.6390 0.6400 0.4267
vn -0.7267 0.4863 0.4852
vn -0.5524 0.8016 0.2287
vn -0.7100 0.6399 0.2939
vn -0.8074 0.4862 0.3342
vn -0.8661 0.3484 0.3585
vn -0.9004 0.2244 0.3727
vn -0.9184 0.1099 0.3802
vn -0.9226 0.0545 0.3819
vn -0.3150 0.9401 0.1304
vn -0.9558 0.2244 0.1900
vn -0.9749 0.1099 0.1938
vn -0.9794 0.0545 0.1947
vn -0.3344 0.9401 0.0665
vn -0.5864 0.8016 0.1166
vn -0.7537 0.6399 0.1498
vn -0.8571 0.4862 0.1704
vn -0.9194 0.3483 0.1828
vn -0.5979 0.8016 -0.0000
vn -0.7685 0.6399 -0.0000
vn -0.8739 0.4862 -0.0000
vn -0.9374 0.3483 -0.0000
vn -0.9745 0.2244 -0.0000
vn -0.9939 0.1099 -0.0000
vn -0.9985 0.0545 -0.0000
vn -0.3410 0.9401 -0.0000
vn -0.9558 0.2244 -0.1900
vn -0.9749 0.1099 -0.1938
vn -0.9794 0.0545 -0.1947
vn -0.3344 0.9401 -0.0665
vn -0.5864 0.8016 -0.1166
vn -0.7537 0.6399 -0.1498
vn -0.8571 0.4862 -0.1704
vn -0.9194 0.3483 -0.1828
vn -0.7100 0.6399 -0.2939
vn -0.8074 0.4862 -0.3342
vn -0.8661 0.3484 -0.3585
vn -0.9004 0.2244 -0.3727
vn -0.9184 0.1099 -0.3801
vn -0.9226 0.0545 -0.3819
vn -0.3150 0.9401 -0.1304
vn -0.5524 0.8016 -0.2287
vn -0.8266 0.1099 -0.5520
vn -0.8304 0.0545 -0.5545
vn -0.2835 0.9401 -0.1893
vn -0.4972 0.8016 -0.3320
vn -0.6390 0.6400 -0.4267
vn -0.7267 0.4863 -0.4852
vn -0.7795 0.3484 -0.5205
vn -0.8104 0.2245 -0.5411
vn -0.6181 0.4863 -0.6177
vn -0.6630 0.3484 -0.6626
vn -0.6893 0.2245 -0.6888
vn -0.7031 0.1099 -0.7026
vn -0.7063 0.0545 -0.7058
vn -0.2411 0.9401 -0.2409
vn -0.4228 0.8017 -0.4225
vn -0.5435 0.6400 -0.5431
vn -0.1894 0.9401 -0.2833
vn -0.3322 0.8017 -0.4969
vn -0.4270 0.6401 -0.6387
vn -0.4857 0.4864 -0.7264
vn -0.5210 0.3485 -0.7792
vn -0.5416 0.2245 -0.8101
vn -0.5525 0.1099 -0.8263
vn -0.5550 0.0545 -0.8301
vn -0.3346 0.4864 -0.8071
vn -0.3589 0.3485 -0.8659
vn -0.3731 0.2245 -0.9002
vn -0.3806 0.1100 -0.9182
vn -0.3823 0.0545 -0.9224
vn -0.1305 0.9401 -0.3148
vn -0.2289 0.8017 -0.5521
vn -0.2942 0.6401 -0.7097
vn -0.0665 0.9401 -0.3342
vn -0.1167 0.8018 -0.5862
vn -0.1500 0.6401 -0.7535
vn -0.1706 0.4864 -0.8569
vn -0.1830 0.3485 -0.9193
vn -0.1902 0.2246 -0.9557
vn -0.1940 0.1100 -0.9748
vn -0.1949 0.0545 -0.9793
vn -0.0000 0.7353 -0.6777
vn -0.0000 0.8518 -0.5239
vn 0.1018 0.8518 -0.5139
vn 0.1317 0.7354 -0.6648
vn -0.0000 0.5572 -0.8304
vn 0.1614 0.5572 -0.8145
vn -0.0000 0.3060 -0.9520
vn 0.1850 0.3060 -0.9339
vn -0.0000 0.1611 -0.9869
vn 0.1918 0.1611 -0.9681
vn -0.0000 0.9923 -0.1236
vn 0.0240 0.9923 -0.1212
vn -0.0000 0.9688 -0.2478
vn 0.0481 0.9688 -0.2430
vn -0.0000 0.9249 -0.3803
vn 0.0739 0.9249 -0.3730
vn 0.1449 0.9250 -0.3514
vn 0.1997 0.8519 -0.4841
vn 0.2584 0.7355 -0.6263
vn 0.3167 0.5574 -0.7675
vn 0.3631 0.3062 -0.8800
vn 0.3764 0.1612 -0.9123
vn 0.0471 0.9923 -0.1142
vn 0.0944 0.9688 -0.2290
vn 0.5274 0.3063 -0.7924
vn 0.5468 0.1613 -0.8216
vn 0.0684 0.9923 -0.1028
vn 0.1371 0.9689 -0.2061
vn 0.2105 0.9250 -0.3162
vn 0.2900 0.8521 -0.4358
vn 0.3752 0.7357 -0.5638
vn 0.4599 0.5576 -0.6910
vn 0.3692 0.8522 -0.3707
vn 0.4778 0.7360 -0.4797
vn 0.5857 0.5579 -0.5880
vn 0.6718 0.3065 -0.6744
vn 0.6965 0.1614 -0.6992
vn 0.0871 0.9924 -0.0874
vn 0.1745 0.9689 -0.1753
vn 0.2679 0.9251 -0.2690
vn 0.1024 0.9924 -0.0687
vn 0.2053 0.9690 -0.1377
vn 0.3151 0.9252 -0.2114
vn 0.4342 0.8524 -0.2913
vn 0.5620 0.7362 -0.3770
vn 0.6890 0.5582 -0.4622
vn 0.7904 0.3067 -0.5302
vn 0.8196 0.1616 -0.5497
vn 0.4826 0.8526 -0.2007
vn 0.6247 0.7364 -0.2598
vn 0.7660 0.5584 -0.3185
vn 0.8788 0.3069 -0.3654
vn 0.9112 0.1617 -0.3789
vn 0.1138 0.9924 -0.0473
vn 0.2281 0.9690 -0.0949
vn 0.3501 0.9253 -0.1456
vn 0.1208 0.9924 -0.0241
vn 0.2422 0.9690 -0.0484
vn 0.3717 0.9254 -0.0742
vn 0.5124 0.8527 -0.1023
vn 0.6633 0.7366 -0.1325
vn 0.8134 0.5586 -0.1624
vn 0.9333 0.3070 -0.1864
vn 0.9677 0.1617 -0.1932
vn 0.6763 0.7366 -0.0000
vn 0.8294 0.5586 -0.0000
vn 0.9517 0.3070 -0.0000
vn 0.9868 0.1618 -0.0000
vn 0.1232 0.9924 -0.0000
vn 0.2469 0.9690 -0.0000
vn 0.3790 0.9254 -0.0000
vn 0.5224 0.8527 -0.0000
vn 0.2422 0.9690 0.0484
vn 0.3717 0.9254 0.0742
vn 0.5124 0.8527 0.1023
vn 0.6633 0.7366 0.1325
vn 0.8134 0.5586 0.1624
vn 0.9333 0.3070 0.1864
vn 0.9677 0.1617 0.1932
vn 0.1208 0.9924 0.0241
vn 0.7660 0.5584 0.3185
vn 0.8788 0.3069 0.3654
vn 0.9112 0.1617 0.3789
vn 0.1138 0.9924 0.0473
vn 0.2281 0.9690 0.0949
vn 0.3501 0.9253 0.1456
vn 0.4826 0.8526 0.2007
vn 0.6247 0.7364 0.2598
vn 0.2053 0.9690 0.1377
vn 0.3151 0.9252 0.2114
vn 0.4342 0.8524 0.2913
vn 0.5620 0.7362 0.3770
vn 0.6890 0.5582 0.4622
vn 0.7904 0.3067 0.5302
vn 0.8196 0.1616 0.5497
vn 0.1024 0.9924 0.0687
vn 0.5857 0.5579 0.5880
vn 0.6718 0.3065 0.6744
vn 0.6965 0.1614 0.6992
vn 0.0871 0.9924 0.0874
vn 0.1745 0.9689 0.1753
vn 0.2679 0.9251 0.2690
vn 0.3692 0.8522 0.3707
vn 0.4778 0.7360 0.4797
vn 0.2105 0.9250 0.3162
vn 0.2900 0.8521 0.4358
vn 0.3752 0.7357 0.5638
vn 0.4599 0.5576 0.6910
vn 0.5274 0.3063 0.7924
vn 0.5468 0.1613 0.8216
vn 0.0684 0.9923 0.1028
vn 0.1371 0.9689 0.2061
vn 0.3631 0.3062 0.8800
vn 0.3764 0.1612 0.9123
vn 0.0471 0.9923 0.1142
vn 0.0944 0.9688 0.2290
vn 0.1449 0.9250 0.3514
vn 0.1997 0.8519 0.4841
vn 0.2584 0.7355 0.6263
vn 0.3167 0.5574 0.7675
vn 0.0739 0.9249 0.3730
vn 0.1018 0.8518 0.5139
vn 0.1317 0.7354 0.6647
vn 0.1614 0.5572 0.8145
vn 0.1850 0.3060 0.9339
vn 0.1918 0.1612 0.9681
vn 0.0240 0.9923 0.1212
vn 0.0481 0.9688 0.2430
vn -0.0000 0.3060 0.9520
vn -0.0000 0.1611 0.9869
vn -0.0000 0.9923 0.1236
vn -0.0000 0.9688 0.2478
vn -0.0000 0.9249 0.3803
vn -0.0000 0.8518 0.5239
vn -0.0000 0.7353 0.6777
vn -0.0000 0.5572 0.8304
vn -0.1018 0.8518 0.5139
vn -0.1317 0.7354 0.6647
vn -0.1614 0.5572 0.8145
vn -0.1850 0.3060 0.9339
vn -0.1918 0.1611 0.9681
vn -0.0240 0.9923 0.1212
vn -0.0481 0.9688 0.2430
vn -0.0739 0.9249 0.3730
vn -0.0471 0.9923 0.1142
vn -0.0944 0.9688 0.2290
vn -0.1449 0.9250 0.3514
vn -0.1997 0.8519 0.4841
vn -0.2584 0.7355 0.6263
vn -0.3167 0.5574 0.7675
vn -0.3631 0.3062 0.8800
vn -0.3764 0.1612 0.9123
vn -0.3752 0.7357 0.5638
vn -0.4599 0.5576 0.6910
vn -0.5274 0.3063 0.7924
vn -0.5468 0.1613 0.8216
vn -0.0684 0.9923 0.1028
vn -0.1371 0.9689 0.2061
vn -0.2105 0.9250 0.3162
vn -0.2900 0.8521 0.4358
vn -0.0871 0.9924 0.0874
vn -0.1745 0.9689 0.1753
vn -0.2679 0.9251 0.2690
vn -0.3692 0.8522 0.3707
vn -0.4778 0.7360 0.4797
vn -0.5857 0.5579 0.5880
vn -0.6718 0.3065 0.6744
vn -0.6965 0.1614 0.6992
vn -0.5620 0.7362 0.3770
vn -0.6890 0.5582 0.4622
vn -0.7904 0.3067 0.5302
vn -0.8196 0.1616 0.5497
vn -0.1024 0.9924 0.0687
vn -0.2053 0.9690 0.1377
vn -0.3151 0.9252 0.2114
vn -0.4342 0.8524 0.2913
vn -0.2281 0.9690 0.0949
vn -0.3501 0.9253 0.1456
vn -0.4826 0.8526 0.2007
vn -0.6247 0.7364 0.2598
vn -0.7660 0.5584 0.3185
vn -0.8788 0.3069 0.3654
vn -0.9112 0.1617 0.3789
vn -0.1138 0.9924 0.0473
vn -0.8134 0.5586 0.1624
vn -0.9333 0.3070 0.1864
vn -0.9677 0.1617 0.1932
vn -0.1208 0.9924 0.0241
vn -0.2422 0.9690 0.0484
vn -0.3717 0.9254 0.0742
vn -0.5124 0.8526 0.1023
vn -0.6633 0.7366 0.1325
vn -0.2469 0.9690 -0.0000
vn -0.3790 0.9254 -0.0000
vn -0.5224 0.8527 -0.0000
vn -0.6763 0.7366 -0.0000
vn -0.8294 0.5586 -0.0000
vn -0.9517 0.3070 -0.0000
vn -0.9868 0.1618 -0.0000
vn -0.1232 0.9924 -0.0000
vn -0.8134 0.5586 -0.1624
vn -0.9333 0.3070 -0.1864
vn -0.9677 0.1617 -0.1932
vn -0.1208 0.9924 -0.0241
vn -0.2422 0.9690 -0.0484
vn -0.3717 0.9254 -0.0742
vn -0.5124 0.8527 -0.1023
vn -0.6633 0.7366 -0.1325
vn -0.3501 0.9253 -0.1456
vn -0.4826 0.8526 -0.2007
vn -0.6247 0.7364 -0.2598
vn -0.7660 0.5584 -0.3185
vn -0.8788 0.3069 -0.3654
vn -0.9112 0.1617 -0.3789
vn -0.1138 0.9924 -0.0473
vn -0.2281 0.9690 -0.0949
vn -0.7904 0.3067 -0.5302
vn -0.8196 0.1616 -0.5497
vn -0.1024 0.9924 -0.0687
vn -0.2053 0.9690 -0.1377
vn -0.3151 0.9252 -0.2114
vn -0.4342 0.8524 -0.2913
vn -0.5620 0.7362 -0.3770
vn -0.6890 0.5582 -0.4622
vn -0.3692 0.8522 -0.3707
vn -0.4778 0.7360 -0.4797
vn -0.5857 0.5579 -0.5880
vn -0.6718 0.3065 -0.6744
vn -0.6965 0.1614 -0.6992
vn -0.0871 0.9924 -0.0874
vn -0.1745 0.9689 -0.1753
vn -0.2679 0.9251 -0.2690
vn -0.0684 0.9923 -0.1028
vn -0.1371 0.9689 -0.2061
vn -0.2105 0.9250 -0.3162
vn -0.2900 0.8521 -0.4358
vn -0.3752 0.7357 -0.5638
vn -0.4599 0.5576 -0.6910
vn -0.5274 0.3063 -0.7924
vn -0.5468 0.1613 -0.8216
vn -0.1997 0.8519 -0.4841
vn -0.2584 0.7355 -0.6263
vn -0.3167 0.5574 -0.7675
vn -0.3631 0.3062 -0.8800
vn -0.3764 0.1612 -0.9123
vn -0.0471 0.9923 -0.1142
vn -0.0944 0.9688 -0.2290
vn -0.1449 0.9250 -0.3514
vn -0.0240 0.9923 -0.1212
vn -0.0481 0.9688 -0.2430
vn -0.0739 0.9249 -0.3730
vn -0.1018 0.8518 -0.5139
vn -0.1317 0.7354 -0.6647
vn -0.1614 0.5572 -0.8145
vn -0.1850 0.3060 -0.9339
vn -0.1918 0.1611 -0.9681
vn -0.0000 0.3695 -0.9292
vn -0.0000 0.5114 -0.8593
vn 0.1676 0.5114 -0.8428
vn 0.1812 0.3695 -0.9114
vn -0.0000 0.2393 -0.9709
vn 0.1894 0.2393 -0.9523
vn -0.0000 0.1175 -0.9931
vn 0.1937 0.1175 -0.9740
vn -0.0000 0.0583 -0.9983
vn 0.1947 0.0583 -0.9791
vn -0.0000 0.9468 -0.3218
vn 0.0627 0.9468 -0.3156
vn -0.0000 0.8199 -0.5725
vn 0.1116 0.8199 -0.5615
vn -0.0000 0.6649 -0.7469
vn 0.1457 0.6649 -0.7326
vn 0.2857 0.6649 -0.6901
vn 0.3287 0.5114 -0.7940
vn 0.3555 0.3695 -0.8585
vn 0.3714 0.2393 -0.8971
vn 0.3799 0.1175 -0.9175
vn 0.3819 0.0583 -0.9224
vn 0.1231 0.9468 -0.2973
vn 0.2190 0.8199 -0.5290
vn 0.5516 0.1175 -0.8258
vn 0.5545 0.0583 -0.8302
vn 0.1787 0.9468 -0.2676
vn 0.3180 0.8199 -0.4761
vn 0.4148 0.6650 -0.6211
vn 0.4773 0.5114 -0.7146
vn 0.5161 0.3695 -0.7727
vn 0.5393 0.2393 -0.8074
vn 0.6075 0.5115 -0.6077
vn 0.6569 0.3695 -0.6572
vn 0.6864 0.2393 -0.6867
vn 0.7021 0.1175 -0.7023
vn 0.7058 0.0584 -0.7060
vn 0.2275 0.9468 -0.2275
vn 0.4047 0.8199 -0.4049
vn 0.5280 0.6650 -0.5282
vn 0.2675 0.9468 -0.1788
vn 0.4759 0.8200 -0.3181
vn 0.6209 0.6650 -0.4150
vn 0.7144 0.5115 -0.4775
vn 0.7725 0.3696 -0.5164
vn 0.8072 0.2394 -0.5396
vn 0.8256 0.1175 -0.5519
vn 0.8300 0.0584 -0.5548
vn 0.7938 0.5115 -0.3289
vn 0.8584 0.3696 -0.3557
vn 0.8970 0.2394 -0.3717
vn 0.9174 0.1176 -0.3802
vn 0.9223 0.0584 -0.3822
vn 0.2972 0.9468 -0.1232
vn 0.5288 0.8200 -0.2191
vn 0.6899 0.6650 -0.2859
vn 0.3155 0.9468 -0.0628
vn 0.5614 0.8200 -0.1117
vn 0.7324 0.6650 -0.1457
vn 0.8427 0.5115 -0.1677
vn 0.9113 0.3696 -0.1813
vn 0.9523 0.2394 -0.1895
vn 0.9740 0.1176 -0.1938
vn 0.9791 0.0584 -0.1948
vn 0.9292 0.3696 -0.0000
vn 0.9709 0.2394 -0.0000
vn 0.9931 0.1176 -0.0000
vn 0.9983 0.0584 -0.0000
vn 0.3217 0.9468 -0.0000
vn 0.5724 0.8200 -0.0000
vn 0.7468 0.6651 -0.0000
vn 0.8593 0.5115 -0.0000
vn 0.5614 0.8200 0.1117
vn 0.7324 0.6650 0.1457
vn 0.8427 0.5115 0.1677
vn 0.9113 0.3696 0.1813
vn 0.9523 0.2394 0.1895
vn 0.9740 0.1176 0.1938
vn 0.9791 0.0584 0.1948
vn 0.3155 0.9468 0.0628
vn 0.8970 0.2394 0.3717
vn 0.9174 0.1176 0.3802
vn 0.9223 0.0584 0.3822
vn 0.2972 0.9468 0.1232
vn 0.5288 0.8200 0.2191
vn 0.6899 0.6650 0.2859
vn 0.7938 0.5115 0.3289
vn 0.8584 0.3696 0.3557
vn 0.4759 0.8200 0.3181
vn 0.6209 0.6650 0.4150
vn 0.7144 0.5115 0.4775
vn 0.7725 0.3696 0.5164
vn 0.8072 0.2393 0.5396
vn 0.8256 0.1175 0.5519
vn 0.8300 0.0584 0.5548
vn 0.2675 0.9468 0.1788
vn 0.6864 0.2393 0.6867
vn 0.7021 0.1175 0.7023
vn 0.7058 0.0584 0.7060
vn 0.2275 0.9468 0.2275
vn 0.4047 0.8199 0.4049
vn 0.5280 0.6650 0.5282
vn 0.6075 0.5115 0.6077
vn 0.6569 0.3695 0.6572
vn 0.4148 0.6650 0.6211
vn 0.4773 0.5114 0.7146
vn 0.5161 0.3695 0.7727
vn 0.5393 0.2393 0.8074
vn 0.5516 0.1175 0.8258
vn 0.5545 0.0583 0.8301
vn 0.1787 0.9468 0.2676
vn 0.3180 0.8199 0.4761
vn 0.3799 0.1175 0.9175
vn 0.3819 0.0583 0.9224
vn 0.1231 0.9468 0.2973
vn 0.2190 0.8199 0.5290
vn 0.2857 0.6649 0.6901
vn 0.3287 0.5114 0.7940
vn 0.3555 0.3695 0.8585
vn 0.3714 0.2393 0.8971
vn 0.1457 0.6649 0.7326
vn 0.1676 0.5114 0.8428
vn 0.1812 0.3695 0.9114
vn 0.1894 0.2393 0.9523
vn 0.1937 0.1175 0.9740
vn 0.1947 0.0583 0.9791
vn 0.0627 0.9468 0.3156
vn 0.1117 0.8199 0.5615
vn -0.0000 0.1175 0.9931
vn -0.0000 0.0583 0.9983
vn -0.0000 0.9468 0.3218
vn -0.0000 0.8199 0.5725
vn -0.0000 0.6649 0.7469
vn -0.0000 0.5114 0.8593
vn -0.0000 0.3695 0.9292
vn -0.0000 0.2393 0.9709
vn -0.1676 0.5114 0.8428
vn -0.1812 0.3695 0.9114
vn -0.1894 0.2393 0.9523
vn -0.1937 0.1175 0.9740
vn -0.1947 0.0583 0.9791
vn -0.0627 0.9468 0.3156
vn -0.1117 0.8199 0.5615
vn -0.1457 0.6649 0.7326
vn -0.1231 0.9468 0.2973
vn -0.2190 0.8199 0.5290
vn -0.2857 0.6649 0.6901
vn -0.3287 0.5114 0.7940
vn -0.3555 0.3695 0.8585
vn -0.3714 0.2393 0.8971
vn -0.3799 0.1175 0.9175
vn -0.3819 0.0583 0.9224
vn -0.5161 0.3695 0.7727
vn -0.5393 0.2393 0.8074
vn -0.5516 0.1175 0.8258
vn -0.5545 0.0583 0.8301
vn -0.1787 0.9468 0.2676
vn -0.3180 0.8199 0.4761
vn -0.4148 0.6650 0.6211
vn -0.4773 0.5114 0.7146
vn -0.2275 0.9468 0.2275
vn -0.4047 0.8199 0.4049
vn -0.5280 0.6650 0.5282
vn -0.6075 0.5115 0.6077
vn -0.6569 0.3695 0.6572
vn -0.6864 0.2393 0.6867
vn -0.7021 0.1175 0.7023
vn -0.7058 0.0584 0.7060
vn -0.7725 0.3696 0.5164
vn -0.8072 0.2394 0.5396
vn -0.8256 0.1175 0.5519
vn -0.8300 0.0584 0.5548
vn -0.2675 0.9468 0.1788
vn -0.4759 0.8200 0.3181
vn -0.6209 0.6650 0.4150
vn -0.7144 0.5115 0.4775
vn -0.5288 0.8200 0.2191
vn -0.6899 0.6650 0.2859
vn -0.7938 0.5115 0.3289
vn -0.8584 0.3696 0.3557
vn -0.8970 0.2394 0.3717
vn -0.9174 0.1176 0.3802
vn -0.9223 0.0584 0.3822
vn -0.2972 0.9468 0.1232
vn -0.9523 0.2394 0.1895
vn -0.9740 0.1176 0.1938
vn -0.9791 0.0584 0.1948
vn -0.3155 0.9468 0.0628
vn -0.5614 0.8200 0.1117
vn -0.7324 0.6650 0.1457
vn -0.8427 0.5115 0.1677
vn -0.9113 0.3696 0.1813
vn -0.5724 0.8200 -0.0000
vn -0.7468 0.6651 -0.0000
vn -0.8593 0.5115 -0.0000
vn -0.9292 0.3696 -0.0000
vn -0.9709 0.2394 -0.0000
vn -0.9931 0.1176 -0.0000
vn -0.9983 0.0584 -0.0000
vn -0.3217 0.9468 -0.0000
vn -0.9523 0.2394 -0.1895
vn -0.9740 0.1176 -0.1938
vn -0.9791 0.0584 -0.1948
vn -0.3155 0.9468 -0.0628
vn -0.5614 0.8200 -0.1117
vn -0.7324 0.6650 -0.1457
vn -0.8427 0.5115 -0.1677
vn -0.9113 0.3696 -0.1813
vn -0.6899 0.6650 -0.2859
vn -0.7938 0.5115 -0.3289
vn -0.8584 0.3696 -0.3557
vn -0.8970 0.2394 -0.3717
vn -0.9174 0.1176 -0.3802
vn -0.9223 0.0584 -0.3822
vn -0.2972 0.9468 -0.1232
vn -0.5288 0.8200 -0.2191
vn -0.8256 0.1175 -0.5519
vn -0.8300 0.0584 -0.5548
vn -0.2675 0.9468 -0.1788
vn -0.4759 0.8200 -0.3181
vn -0.6209 0.6650 -0.4150
vn -0.7144 0.5115 -0.4775
vn -0.7725 0.3696 -0.5164
vn -0.8072 0.2394 -0.5396
vn -0.6075 0.5115 -0.6077
vn -0.6569 0.3695 -0.6572
vn -0.6864 0.2393 -0.6867
vn -0.7021 0.1175 -0.7023
vn -0.7058 0.0584 -0.7060
vn -0.2275 0.9468 -0.2275
vn -0.4047 0.8199 -0.4049
vn -0.5280 0.6650 -0.5282
vn -0.1787 0.9468 -0.2676
vn -0.3180 0.8199 -0.4761
vn -0.4148 0.6650 -0.6211
vn -0.4773 0.5114 -0.7146
vn -0.5161 0.3695 -0.7727
vn -0.5393 0.2393 -0.8074
vn -0.5516 0.1175 -0.8258
vn -0.5545 0.0583 -0.8302
vn -0.3287 0.5114 -0.7940
vn -0.3555 0.3695 -0.8585
vn -0.3714 0.2393 -0.8971
vn -0.3799 0.1175 -0.9175
vn -0.3819 0.0583 -0.9224
vn -0.1231 0.9468 -0.2973
vn -0.2190 0.8199 -0.5290
vn -0.2857 0.6649 -0.6901
vn -0.0627 0.9468 -0.3156
vn -0.1117 0.8199 -0.5615
vn -0.1457 0.6649 -0.7326
vn -0.1676 0.5114 -0.8428
vn -0.1812 0.3695 -0.9114
vn -0.1894 0.2393 -0.9523
vn -0.1937 0.1175 -0.9740
vn -0.1947 0.0583 -0.9791
vt 0.000000 0.000000
vt 3.120031 0.587805
vt 3.107842 0.783460
vt 2.969225 0.783460
vt 2.957034 0.587805
vt 3.129088 0.391980
vt 2.947976 0.391980
vt 3.134665 0.196025
vt 2.942398 0.196025
vt 3.136549 0.000000
vt 2.940515 0.000000
vt 3.057658 1.369401
vt 3.038537 1.564501
vt 3.019413 1.369401
vt 3.076044 1.174231
vt 3.001025 1.174231
vt 3.092989 0.978931
vt 2.984078 0.978931
vt 2.911806 0.783460
vt 2.896953 0.978931
vt 2.788042 0.978931
vt 2.773189 0.783460
vt 2.923996 0.587805
vt 2.760999 0.587805
vt 2.933054 0.391980
vt 2.751942 0.391980
vt 2.938632 0.196025
vt 2.746364 0.196025
vt 2.744481 0.000000
vt 2.861620 1.369401
vt 2.842498 1.564501
vt 2.823375 1.369401
vt 2.880007 1.174231
vt 2.804988 1.174231
vt 2.742597 0.196025
vt 2.550329 0.196025
vt 2.548446 0.000000
vt 2.665586 1.369401
vt 2.646463 1.564501
vt 2.627341 1.369401
vt 2.683973 1.174231
vt 2.608954 1.174231
vt 2.700919 0.978931
vt 2.592008 0.978931
vt 2.715772 0.783460
vt 2.577155 0.783460
vt 2.727962 0.587805
vt 2.564965 0.587805
vt 2.737019 0.391980
vt 2.555907 0.391980
vt 2.531927 0.587805
vt 2.519737 0.783460
vt 2.381120 0.783460
vt 2.368931 0.587805
vt 2.540985 0.391980
vt 2.359873 0.391980
vt 2.546563 0.196025
vt 2.354295 0.196025
vt 2.352412 0.000000
vt 2.469551 1.369401
vt 2.450429 1.564501
vt 2.431307 1.369401
vt 2.487939 1.174231
vt 2.412919 1.174231
vt 2.504884 0.978931
vt 2.395973 0.978931
vt 2.273517 1.369401
vt 2.254395 1.564501
vt 2.235272 1.369401
vt 2.291904 1.174231
vt 2.216885 1.174231
vt 2.308850 0.978931
vt 2.199939 0.978931
vt 2.323703 0.783460
vt 2.185086 0.783460
vt 2.335893 0.587805
vt 2.172896 0.587805
vt 2.344951 0.391980
vt 2.163839 0.391980
vt 2.350528 0.196025
vt 2.158261 0.196025
vt 2.156378 0.000000
vt 2.139859 0.587805
vt 2.127669 0.783460
vt 1.989052 0.783460
vt 1.976862 0.587805
vt 2.148916 0.391980
vt 1.967804 0.391980
vt 2.154494 0.196025
vt 1.962227 0.196025
vt 1.960343 0.000000
vt 2.077482 1.369401
vt 2.058360 1.564501
vt 2.039238 1.369401
vt 2.095870 1.174231
vt 2.020851 1.174231
vt 2.112816 0.978931
vt 2.003905 0.978931
vt 1.899835 1.174231
vt 1.881448 1.369401
vt 1.843204 1.369401
vt 1.824816 1.174231
vt 1.916781 0.978931
vt 1.807871 0.978931
vt 1.931635 0.783460
vt 1.793017 0.783460
vt 1.943824 0.587805
vt 1.780828 0.587805
vt 1.952882 0.391980
vt 1.771770 0.391980
vt 1.958460 0.196025
vt 1.766192 0.196025
vt 1.764309 0.000000
vt 1.862326 1.564501
vt 1.756848 0.391980
vt 1.747790 0.587805
vt 1.584793 0.587805
vt 1.575736 0.391980
vt 1.762425 0.196025
vt 1.570158 0.196025
vt 1.568274 0.000000
vt 1.685414 1.369401
vt 1.666291 1.564501
vt 1.647169 1.369401
vt 1.703801 1.174231
vt 1.628782 1.174231
vt 1.720747 0.978931
vt 1.611836 0.978931
vt 1.735600 0.783460
vt 1.596983 0.783460
vt 1.524713 0.978931
vt 1.507767 1.174231
vt 1.432748 1.174231
vt 1.415802 0.978931
vt 1.539566 0.783460
vt 1.400949 0.783460
vt 1.551756 0.587805
vt 1.388759 0.587805
vt 1.560814 0.391980
vt 1.379701 0.391980
vt 1.566391 0.196025
vt 1.374124 0.196025
vt 1.372240 0.000000
vt 1.489380 1.369401
vt 1.470257 1.564501
vt 1.451135 1.369401
vt 1.370357 0.196025
vt 1.364779 0.391980
vt 1.183667 0.391980
vt 1.178089 0.196025
vt 1.176206 0.000000
vt 1.293345 1.369401
vt 1.274222 1.564501
vt 1.255101 1.369401
vt 1.311733 1.174231
vt 1.236713 1.174231
vt 1.328678 0.978931
vt 1.219768 0.978931
vt 1.343532 0.783460
vt 1.204914 0.783460
vt 1.355721 0.587805
vt 1.192725 0.587805
vt 1.132644 0.978931
vt 1.115698 1.174231
vt 1.040679 1.174231
vt 1.023733 0.978931
vt 1.147497 0.783460
vt 1.008880 0.783460
vt 1.159687 0.587805
vt 0.996690 0.587805
vt 1.168745 0.391980
vt 0.987633 0.391980
vt 1.174322 0.196025
vt 0.982055 0.196025
vt 0.980172 0.000000
vt 1.097311 1.369401
vt 1.078188 1.564501
vt 1.059066 1.369401
vt 0.978288 0.196025
vt 0.972711 0.391980
vt 0.791598 0.391980
vt 0.786021 0.196025
vt 0.784137 0.000000
vt 0.901276 1.369401
vt 0.882154 1.564501
vt 0.863032 1.369401
vt 0.919664 1.174231
vt 0.844645 1.174231
vt 0.936610 0.978931
vt 0.827699 0.978931
vt 0.951463 0.783460
vt 0.812846 0.783460
vt 0.963653 0.587805
vt 0.800656 0.587805
vt 0.755429 0.783460
vt 0.740576 0.978931
vt 0.631665 0.978931
vt 0.616812 0.783460
vt 0.767618 0.587805
vt 0.604622 0.587805
vt 0.776676 0.391980
vt 0.595564 0.391980
vt 0.782254 0.196025
vt 0.589986 0.196025
vt 0.588103 0.000000
vt 0.705242 1.369401
vt 0.686120 1.564500
vt 0.666998 1.369401
vt 0.723630 1.174231
vt 0.648611 1.174231
vt 0.586220 0.196025
vt 0.393952 0.196025
vt 0.392069 0.000000
vt 0.509208 1.369401
vt 0.490085 1.564500
vt 0.470963 1.369401
vt 0.527595 1.174231
vt 0.452576 1.174231
vt 0.544541 0.978931
vt 0.435630 0.978931
vt 0.559394 0.783460
vt 0.420777 0.783460
vt 0.571584 0.587805
vt 0.408587 0.587805
vt 0.580642 0.391980
vt 0.399530 0.391980
vt 0.363360 0.783460
vt 0.348507 0.978931
vt 0.239596 0.978931
vt 0.224743 0.783460
vt 0.375550 0.587805
vt 0.212553 0.587805
vt 0.384608 0.391980
vt 0.203496 0.391980
vt 0.390185 0.196025
vt 0.197918 0.196025
vt 0.196034 0.000000
vt 0.313174 1.369401
vt 0.294051 1.564500
vt 0.274929 1.369401
vt 0.331561 1.174231
vt 0.256542 1.174231
vt 0.194151 0.196025
vt 0.001883 0.196025
vt 0.117139 1.369401
vt 0.098017 1.564500
vt 0.078895 1.369401
vt 0.135527 1.174231
vt 0.060508 1.174231
vt 0.152473 0.978931
vt 0.043562 0.978931
vt 0.167326 0.783460
vt 0.028709 0.783460
vt 0.179515 0.587805
vt 0.016519 0.587805
vt 0.188573 0.391980
vt 0.007461 0.391980
vt 6.256578 0.587805
vt 6.244389 0.783460
vt 6.105771 0.783460
vt 6.093582 0.587805
vt 6.265636 0.391980
vt 6.084524 0.391980
vt 6.271214 0.196025
vt 6.078946 0.196025
vt 6.273097 0.000000
vt 6.077063 0.000000
vt 6.194202 1.369401
vt 6.175079 1.564500
vt 6.155958 1.369401
vt 6.212589 1.174231
vt 6.137570 1.174231
vt 6.229535 0.978930
vt 6.120625 0.978930
vt 6.016555 1.174231
vt 5.998168 1.369401
vt 5.959923 1.369401
vt 5.941536 1.174231
vt 6.033501 0.978931
vt 5.924590 0.978931
vt 6.048354 0.783460
vt 5.909737 0.783460
vt 6.060544 0.587805
vt 5.897547 0.587805
vt 6.069602 0.391980
vt 5.888490 0.391980
vt 6.075179 0.196025
vt 5.882912 0.196025
vt 5.881028 0.000000
vt 5.979045 1.564500
vt 5.873568 0.391980
vt 5.864510 0.587805
vt 5.701513 0.587805
vt 5.692455 0.391980
vt 5.879145 0.196025
vt 5.686877 0.196025
vt 5.684994 0.000000
vt 5.802134 1.369401
vt 5.783011 1.564500
vt 5.763889 1.369401
vt 5.820521 1.174231
vt 5.745502 1.174231
vt 5.837467 0.978930
vt 5.728556 0.978930
vt 5.852320 0.783460
vt 5.713703 0.783460
vt 5.624486 1.174231
vt 5.606099 1.369401
vt 5.567854 1.369401
vt 5.549468 1.174231
vt 5.641432 0.978930
vt 5.532522 0.978930
vt 5.656285 0.783460
vt 5.517668 0.783460
vt 5.668475 0.587805
vt 5.505478 0.587805
vt 5.677533 0.391980
vt 5.496421 0.391980
vt 5.683111 0.196025
vt 5.490843 0.196025
vt 5.488960 0.000000
vt 5.586977 1.564500
vt 5.481499 0.391980
vt 5.472441 0.587805
vt 5.309444 0.587805
vt 5.300387 0.391980
vt 5.487076 0.196025
vt 5.294809 0.196025
vt 5.292925 0.000000
vt 5.410065 1.369401
vt 5.390943 1.564500
vt 5.371820 1.369401
vt 5.428452 1.174231
vt 5.353433 1.174231
vt 5.445398 0.978930
vt 5.336487 0.978930
vt 5.460251 0.783460
vt 5.321634 0.783460
vt 5.249364 0.978930
vt 5.232418 1.174231
vt 5.157399 1.174231
vt 5.140453 0.978930
vt 5.264217 0.783460
vt 5.125600 0.783460
vt 5.276407 0.587805
vt 5.113410 0.587805
vt 5.285464 0.391980
vt 5.104352 0.391980
vt 5.291042 0.196025
vt 5.098774 0.196025
vt 5.096891 0.000000
vt 5.214030 1.369401
vt 5.194908 1.564500
vt 5.175786 1.369401
vt 5.095008 0.196025
vt 5.089430 0.391980
vt 4.908318 0.391980
vt 4.902740 0.196025
vt 4.900857 0.000000
vt 5.017996 1.369401
vt 4.998874 1.564500
vt 4.979752 1.369401
vt 5.036384 1.174231
vt 4.961365 1.174231
vt 5.053329 0.978930
vt 4.944419 0.978930
vt 5.068182 0.783460
vt 4.929565 0.783460
vt 5.080372 0.587805
vt 4.917376 0.587805
vt 4.857295 0.978931
vt 4.840349 1.174231
vt 4.765330 1.174231
vt 4.748384 0.978931
vt 4.872149 0.783460
vt 4.733531 0.783460
vt 4.884338 0.587805
vt 4.721342 0.587805
vt 4.893396 0.391980
vt 4.712284 0.391980
vt 4.898973 0.196025
vt 4.706706 0.196025
vt 4.704823 0.000000
vt 4.821962 1.369401
vt 4.802840 1.564500
vt 4.783718 1.369401
vt 4.702939 0.196025
vt 4.697361 0.391980
vt 4.516250 0.391980
vt 4.510672 0.196025
vt 4.508789 0.000000
vt 4.625928 1.369401
vt 4.606806 1.564500
vt 4.587683 1.369401
vt 4.644315 1.174231
vt 4.569296 1.174231
vt 4.661261 0.978931
vt 4.552350 0.978931
vt 4.676114 0.783460
vt 4.537497 0.783460
vt 4.688304 0.587805
vt 4.525307 0.587805
vt 4.480080 0.783460
vt 4.465227 0.978931
vt 4.356316 0.978931
vt 4.341463 0.783460
vt 4.492270 0.587805
vt 4.329273 0.587805
vt 4.501328 0.391980
vt 4.320215 0.391980
vt 4.506905 0.196025
vt 4.314638 0.196025
vt 4.312754 0.000000
vt 4.429893 1.369401
vt 4.410771 1.564500
vt 4.391649 1.369401
vt 4.448281 1.174231
vt 4.373262 1.174231
vt 4.310871 0.196025
vt 4.118603 0.196025
vt 4.116720 0.000000
vt 4.233859 1.369401
vt 4.214737 1.564500
vt 4.195615 1.369401
vt 4.252246 1.174231
vt 4.177227 1.174231
vt 4.269193 0.978930
vt 4.160282 0.978930
vt 4.284046 0.783460
vt 4.145429 0.783460
vt 4.296235 0.587805
vt 4.133239 0.587805
vt 4.305293 0.391980
vt 4.124181 0.391980
vt 4.100201 0.587805
vt 4.088011 0.783460
vt 3.949394 0.783460
vt 3.937205 0.587805
vt 4.109259 0.391980
vt 3.928147 0.391980
vt 4.114837 0.196025
vt 3.922569 0.196025
vt 3.920686 0.000000
vt 4.037825 1.369401
vt 4.018703 1.564500
vt 3.999581 1.369401
vt 4.056212 1.174231
vt 3.981193 1.174231
vt 4.073158 0.978931
vt 3.964247 0.978931
vt 3.841791 1.369401
vt 3.822669 1.564500
vt 3.803546 1.369401
vt 3.860178 1.174231
vt 3.785159 1.174231
vt 3.877124 0.978931
vt 3.768213 0.978931
vt 3.891977 0.783460
vt 3.753360 0.783460
vt 3.904167 0.587805
vt 3.741170 0.587805
vt 3.913225 0.391980
vt 3.732113 0.391980
vt 3.918802 0.196025
vt 3.726535 0.196025
vt 3.724652 0.000000
vt 3.708133 0.587805
vt 3.695943 0.783460
vt 3.557326 0.783460
vt 3.545136 0.587805
vt 3.717191 0.391980
vt 3.536078 0.391980
vt 3.722768 0.196025
vt 3.530501 0.196025
vt 3.528617 0.000000
vt 3.645757 1.369401
vt 3.626635 1.564501
vt 3.607512 1.369401
vt 3.664144 1.174231
vt 3.589125 1.174231
vt 3.681090 0.978931
vt 3.572179 0.978931
vt 3.468110 1.174231
vt 3.449722 1.369401
vt 3.411478 1.369401
vt 3.393090 1.174231
vt 3.485055 0.978930
vt 3.376145 0.978930
vt 3.499909 0.783460
vt 3.361292 0.783460
vt 3.512098 0.587805
vt 3.349102 0.587805
vt 3.521156 0.391980
vt 3.340044 0.391980
vt 3.526734 0.196025
vt 3.334466 0.196025
vt 3.332583 0.000000
vt 3.430600 1.564500
vt 3.325122 0.391980
vt 3.316064 0.587805
vt 3.153068 0.587805
vt 3.144010 0.391980
vt 3.330700 0.196025
vt 3.138432 0.196025
vt 3.253688 1.369401
vt 3.234566 1.564501
vt 3.215444 1.369401
vt 3.272075 1.174231
vt 3.197056 1.174231
vt 3.289021 0.978931
vt 3.180111 0.978931
vt 3.303874 0.783460
vt 3.165257 0.783460
s 0
usemtl wall
f 24/1/6 9/1/6 25/1/6 40/1/6
f 9/1/7 10/1/7 26/1/7 25/1/7
f 10/1/8 11/1/8 27/1/8 26/1/8
f 11/1/9 12/1/9 28/1/9 27/1/9
f 12/1/10 13/1/10 29/1/10 28/1/10
f 13/1/11 14/1/11 30/1/11 29/1/11
f 14/1/12 15/1/12 31/1/12 30/1/12
f 15/1/13 16/1/13 32/1/13 31/1/13
f 16/1/14 17/1/14 33/1/14 32/1/14
f 17/1/15 18/1/15 34/1/15 33/1/15
f 18/1/16 19/1/16 35/1/16 34/1/16
f 19/1/17 20/1/17 36/1/17 35/1/17
f 20/1/18 21/1/18 37/1/18 36/1/18
f 21/1/19 22/1/19 38/1/19 37/1/19
f 22/1/20 23/1/20 39/1/20 38/1/20
f 23/1/21 24/1/21 40/1/21 39/1/21
f 59/1/23 41/1/23 60/1/23 78/1/23
f 41/1/24 42/1/24 61/1/24 60/1/24
f 42/1/25 43/1/25 62/1/25 61/1/25
f 43/1/26 44/1/26 63/1/26 62/1/26
f 44/1/27 45/1/27 64/1/27 63/1/27
f 45/1/28 46/1/28 65/1/28 64/1/28
f 46/1/29 47/1/29 66/1/29 65/1/29
f 47/1/30 48/1/30 67/1/30 66/1/30
f 48/1/31 49/1/31 68/1/31 67/1/31
f 49/1/32 50/1/32 69/1/32 68/1/32
f 50/1/33 51/1/33 70/1/33 69/1/33
f 51/1/34 52/1/34 71/1/34 70/1/34
f 52/1/35 53/1/35 72/1/35 71/1/35
f 53/1/36 54/1/36 73/1/36 72/1/36
f 54/1/37 55/1/37 74/1/37 73/1/37
f 55/1/38 56/1/38 75/1/38 74/1/38
f 56/1/39 57/1/39 76/1/39 75/1/39
f 57/1/40 58/1/40 77/1/40 76/1/40
f 58/1/41 59/1/41 78/1/41 77/1/41
f 97/1/42 79/1/42 98/1/42 116/1/42
f 79/1/43 80/1/43 99/1/43 98/1/43
f 80/1/44 81/1/44 100/1/44 99/1/44
f 81/1/45 82/1/45 101/1/45 100/1/45
f 82/1/46 83/1/46 102/1/46 101/1/46
f 83/1/47 84/1/47 103/1/47 102/1/47
f 84/1/48 85/1/48 104/1/48 103/1/48
f 85/1/49 86/1/49 105/1/49 104/1/49
f 86/1/50 87/1/50 106/1/50 105/1/50
f 87/1/51 88/1/51 107/1/51 106/1/51
f 88/1/52 89/1/52 108/1/52 107/1/52
f 89/1/53 90/1/53 109/1/53 108/1/53
f 90/1/54 91/1/54 110/1/54 109/1/54
f 91/1/55 92/1/55 111/1/55 110/1/55
f 92/1/56 93/1/56 112/1/56 111/1/56
f 93/1/57 94/1/57 113/1/57 112/1/57
f 94/1/58 95/1/58 114/1/58 113/1/58
f 95/1/59 96/1/59 115/1/59 114/1/59
f 96/1/60 97/1/60 116/1/60 115/1/60
f 135/1/61 117/1/61 136/1/61 154/1/61
f 117/1/62 118/1/62 137/1/62 136/1/62
f 118/1/63 119/1/63 138/1/63 137/1/63
f 119/1/64 120/1/64 139/1/64 138/1/64
f 120/1/65 121/1/65 140/1/65 139/1/65
f 121/1/66 122/1/66 141/1/66 140/1/66
f 122/1/67 123/1/67 142/1/67 141/1/67
f 123/1/68 124/1/68 143/1/68 142/1/68
f 124/1/69 125/1/69 144/1/69 143/1/69
f 125/1/70 126/1/70 145/1/70 144/1/70
f 126/1/71 127/1/71 146/1/71 145/1/71
f 127/1/72 128/1/72 147/1/72 146/1/72
f 128/1/73 129/1/73 148/1/73 147/1/73
f 129/1/74 130/1/74 149/1/74 148/1/74
f 130/1/75 131/1/75 150/1/75 149/1/75
f 131/1/76 132/1/76 151/1/76 150/1/76
f 132/1/77 133/1/77 152/1/77 151/1/77
f 133/1/78 134/1/78 153/1/78 152/1/78
f 134/1/79 135/1/79 154/1/79 153/1/79
usemtl roof
f 25/1/22 26/1/22 27/1/22 28/1/22 29/1/22 30/1/22 31/1/22 32/1/22 33/1/22 34/1/22 35/1/22 36/1/22 37/1/22 38/1/22 39/1/22 40/1/22
s 1
f 408/2/80 407/3/81 158/4/82 159/5/83
f 409/6/84 408/2/80 159/5/83 160/7/85
f 410/8/86 409/6/84 160/7/85 161/9/87
f 411/10/88 410/8/86 161/9/87 162/11/89
f 404/12/90 299/13/22 155/14/91
f 405/15/92 404/12/90 155/14/91 156/16/93
f 406/17/94 405/15/92 156/16/93 157/18/95
f 407/3/81 406/17/94 157/18/95 158/4/82
f 158/19/82 157/20/95 165/21/96 166/22/97
f 159/23/83 158/19/82 166/22/97 167/24/98
f 160/25/85 159/23/83 167/24/98 168/26/99
f 161/27/87 160/25/85 168/26/99 169/28/100
f 162/11/89 161/27/87 169/28/100 170/29/101
f 155/30/91 299/31/22 163/32/102
f 156/33/93 155/30/91 163/32/102 164/34/103
f 157/20/95 156/33/93 164/34/103 165/21/96
f 170/29/101 169/35/100 177/36/104 178/37/105
f 163/38/102 299/39/22 171/40/106
f 164/41/103 163/38/102 171/40/106 172/42/107
f 165/43/96 164/41/103 172/42/107 173/44/108
f 166/45/97 165/43/96 173/44/108 174/46/109
f 167/47/98 166/45/97 174/46/109 175/48/110
f 168/49/99 167/47/98 175/48/110 176/50/111
f 169/35/100 168/49/99 176/50/111 177/36/104
f 175/51/110 174/52/109 182/53/112 183/54/113
f 176/55/111 175/51/110 183/54/113 184/56/114
f 177/57/104 176/55/111 184/56/114 185/58/115
f 178/37/105 177/57/104 185/58/115 186/59/116
f 171/60/106 299/61/22 179/62/117
f 172/63/107 171/60/106 179/62/117 180/64/118
f 173/65/108 172/63/107 180/64/118 181/66/119
f 174/52/109 173/65/108 181/66/119 182/53/112
f 179/67/117 299/68/22 187/69/120
f 180/70/118 179/67/117 187/69/120 188/71/121
f 181/72/119 180/70/118 188/71/121 189/73/122
f 182/74/112 181/72/119 189/73/122 190/75/123
f 183/76/113 182/74/112 190/75/123 191/77/124
f 184/78/114 183/76/113 191/77/124 192/79/125
f 185/80/115 184/78/114 192/79/125 193/81/126
f 186/59/116 185/80/115 193/81/126 194/82/127
f 191/83/124 190/84/123 198/85/128 199/86/129
f 192/87/125 191/83/124 199/86/129 200/88/130
f 193/89/126 192/87/125 200/88/130 201/90/131
f 194/82/127 193/89/126 201/90/131 202/91/132
f 187/92/120 299/93/22 195/94/133
f 188/95/121 187/92/120 195/94/133 196/96/134
f 189/97/122 188/95/121 196/96/134 197/98/135
f 190/84/123 189/97/122 197/98/135 198/85/128
f 196/99/134 195/100/133 203/101/136 204/102/137
f 197/103/135 196/99/134 204/102/137 205/104/138
f 198/105/128 197/103/135 205/104/138 206/106/139
f 199/107/129 198/105/128 206/106/139 207/108/140
f 200/109/130 199/107/129 207/108/140 208/110/141
f 201/111/131 200/109/130 208/110/141 209/112/142
f 202/91/132 201/111/131 209/112/142 210/113/143
f 195/100/133 299/114/22 203/101/136
f 208/115/141 207/116/140 215/117/144 216/118/145
f 209/119/142 208/115/141 216/118/145 217/120/146
f 210/113/143 209/119/142 217/120/146 218/121/147
f 203/122/136 299/123/22 211/124/148
f 204/125/137 203/122/136 211/124/148 212/126/149
f 205/127/138 204/125/137 212/126/149 213/128/150
f 206/129/139 205/127/138 213/128/150 214/130/151
f 207/116/140 206/129/139 214/130/151 215/117/144
f 213/131/150 212/132/149 220/133/152 221/134/153
f 214/135/151 213/131/150 221/134/153 222/136/154
f 215/137/144 214/135/151 222/136/154 223/138/155
f 216/139/145 215/137/144 223/138/155 224/140/156
f 217/141/146 216/139/145 224/140/156 225/142/157
f 218/121/147 217/141/146 225/142/157 226/143/158
f 211/144/148 299/145/22 219/146/159
f 212/132/149 211/144/148 219/146/159 220/133/152
f 225/147/157 224/148/156 232/149/160 233/150/161
f 226/143/158 225/147/157 233/150/161 234/151/162
f 219/152/159 299/153/22 227/154/163
f 220/155/152 219/152/159 227/154/163 228/156/164
f 221/157/153 220/155/152 228/156/164 229/158/165
f 222/159/154 221/157/153 229/158/165 230/160/166
f 223/161/155 222/159/154 230/160/166 231/162/167
f 224/148/156 223/161/155 231/162/167 232/149/160
f 229/163/165 228/164/164 236/165/168 237/166/169
f 230/167/166 229/163/165 237/166/169 238/168/170
f 231/169/167 230/167/166 238/168/170 239/170/171
f 232/171/160 231/169/167 239/170/171 240/172/172
f 233/173/161 232/171/160 240/172/172 241/174/173
f 234/151/162 233/173/161 241/174/173 242/175/174
f 227/176/163 299/177/22 235/178/175
f 228/164/164 227/176/163 235/178/175 236/165/168
f 241/179/173 240/180/172 248/181/176 249/182/177
f 242/175/174 241/179/173 249/182/177 250/183/178
f 235/184/175 299/185/22 243/186/179
f 236/187/168 235/184/175 243/186/179 244/188/180
f 237/189/169 236/187/168 244/188/180 245/190/181
f 238/191/170 237/189/169 245/190/181 246/192/182
f 239/193/171 238/191/170 246/192/182 247/194/183
f 240/180/172 239/193/171 247/194/183 248/181/176
f 246/195/182 245/196/181 253/197/184 254/198/185
f 247/199/183 246/195/182 254/198/185 255/200/186
f 248/201/176 247/199/183 255/200/186 256/202/187
f 249/203/177 248/201/176 256/202/187 257/204/188
f 250/183/178 249/203/177 257/204/188 258/205/189
f 243/206/179 299/207/22 251/208/190
f 244/209/180 243/206/179 251/208/190 252/210/191
f 245/196/181 244/209/180 252/210/191 253/197/184
f 258/205/189 257/211/188 265/212/192 266/213/193
f 251/214/190 299/215/22 259/216/194
f 252/217/191 251/214/190 259/216/194 260/218/195
f 253/219/184 252/217/191 260/218/195 261/220/196
f 254/221/185 253/219/184 261/220/196 262/222/197
f 255/223/186 254/221/185 262/222/197 263/224/198
f 256/225/187 255/223/186 263/224/198 264/226/199
f 257/211/188 256/225/187 264/226/199 265/212/192
f 262/227/197 261/228/196 269/229/200 270/230/201
f 263/231/198 262/227/197 270/230/201 271/232/202
f 264/233/199 263/231/198 271/232/202 272/234/203
f 265/235/192 264/233/199 272/234/203 273/236/204
f 266/213/193 265/235/192 273/236/204 274/237/205
f 259/238/194 299/239/22 267/240/206
f 260/241/195 259/238/194 267/240/206 268/242/207
f 261/228/196 260/241/195 268/242/207 269/229/200
f 274/237/205 273/243/204 281/244/208 282/1/209
f 267/245/206 299/246/22 275/247/210
f 268/248/207 267/245/206 275/247/210 276/249/211
f 269/250/200 268/248/207 276/249/211 277/251/212
f 270/252/201 269/250/200 277/251/212 278/253/213
f 271/254/202 270/252/201 278/253/213 279/255/214
f 272/256/203 271/254/202 279/255/214 280/257/215
f 273/243/204 272/256/203 280/257/215 281/244/208
f 279/258/214 278/259/213 286/260/216 287/261/217
f 280/262/215 279/258/214 287/261/217 288/263/218
f 281/264/208 280/262/215 288/263/218 289/265/219
f 282/266/209 281/264/208 289/265/219 290/267/220
f 275/268/210 299/269/22 283/270/221
f 276/271/211 275/268/210 283/270/221 284/272/222
f 277/273/212 276/271/211 284/272/222 285/274/223
f 278/259/213 277/273/212 285/274/223 286/260/216
f 284/275/222 283/276/221 291/277/224 292/278/225
f 285/279/223 284/275/222 292/278/225 293/280/226
f 286/281/216 285/279/223 293/280/226 294/282/227
f 287/283/217 286/281/216 294/282/227 295/284/228
f 288/285/218 287/283/217 295/284/228 296/286/229
f 289/287/219 288/285/218 296/286/229 297/288/230
f 290/267/220 289/287/219 297/288/230 298/289/231
f 283/276/221 299/290/22 291/277/224
f 296/291/229 295/292/228 304/293/232 305/294/233
f 297/295/230 296/291/229 305/294/233 306/296/234
f 298/289/231 297/295/230 306/296/234 307/297/235
f 291/298/224 299/299/22 300/300/236
f 292/301/225 291/298/224 300/300/236 301/302/237
f 293/303/226 292/301/225 301/302/237 302/304/238
f 294/305/227 293/303/226 302/304/238 303/306/239
f 295/292/228 294/305/227 303/306/239 304/293/232
f 301/307/237 300/308/236 308/309/240 309/310/241
f 302/311/238 301/307/237 309/310/241 310/312/242
f 303/313/239 302/311/238 310/312/242 311/314/243
f 304/315/232 303/313/239 311/314/243 312/316/244
f 305/317/233 304/315/232 312/316/244 313/318/245
f 306/319/234 305/317/233 313/318/245 314/320/246
f 307/297/235 306/319/234 314/320/246 315/321/247
f 300/308/236 299/322/22 308/309/240
f 313/323/245 312/324/244 320/325/248 321/326/249
f 314/327/246 313/323/245 321/326/249 322/328/250
f 315/321/247 314/327/246 322/328/250 323/329/251
f 308/330/240 299/331/22 316/332/252
f 309/333/241 308/330/240 316/332/252 317/334/253
f 310/335/242 309/333/241 317/334/253 318/336/254
f 311/337/243 310/335/242 318/336/254 319/338/255
f 312/324/244 311/337/243 319/338/255 320/325/248
f 318/339/254 317/340/253 325/341/256 326/342/257
f 319/343/255 318/339/254 326/342/257 327/344/258
f 320/345/248 319/343/255 327/344/258 328/346/259
f 321/347/249 320/345/248 328/346/259 329/348/260
f 322/349/250 321/347/249 329/348/260 330/350/261
f 323/329/251 322/349/250 330/350/261 331/351/262
f 316/352/252 299/353/22 324/354/263
f 317/340/253 316/352/252 324/354/263 325/341/256
f 330/355/261 329/356/260 337/357/264 338/358/265
f 331/351/262 330/355/261 338/358/265 339/359/266
f 324/360/263 299/361/22 332/362/267
f 325/363/256 324/360/263 332/362/267 333/364/268
f 326/365/257 325/363/256 333/364/268 334/366/269
f 327/367/258 326/365/257 334/366/269 335/368/270
f 328/369/259 327/367/258 335/368/270 336/370/271
f 329/356/260 328/369/259 336/370/271 337/357/264
f 334/371/269 333/372/268 341/373/272 342/374/273
f 335/375/270 334/371/269 342/374/273 343/376/274
f 336/377/271 335/375/270 343/376/274 344/378/275
f 337/379/264 336/377/271 344/378/275 345/380/276
f 338/381/265 337/379/264 345/380/276 346/382/277
f 339/359/266 338/381/265 346/382/277 347/383/278
f 332/384/267 299/385/22 340/386/279
f 333/372/268 332/384/267 340/386/279 341/373/272
f 346/387/277 345/388/276 353/389/280 354/390/281
f 347/383/278 346/387/277 354/390/281 355/391/282
f 340/392/279 299/393/22 348/394/283
f 341/395/272 340/392/279 348/394/283 349/396/284
f 342/397/273 341/395/272 349/396/284 350/398/285
f 343/399/274 342/397/273 350/398/285 351/400/286
f 344/401/275 343/399/274 351/400/286 352/402/287
f 345/388/276 344/401/275 352/402/287 353/389/280
f 351/403/286 350/404/285 358/405/288 359/406/289
f 352/407/287 351/403/286 359/406/289 360/408/290
f 353/409/280 352/407/287 360/408/290 361/410/291
f 354/411/281 353/409/280 361/410/291 362/412/292
f 355/391/282 354/411/281 362/412/292 363/413/293
f 348/414/283 299/415/22 356/416/294
f 349/417/284 348/414/283 356/416/294 357/418/295
f 350/404/285 349/417/284 357/418/295 358/405/288
f 363/413/293 362/419/292 370/420/296 371/421/297
f 356/422/294 299/423/22 364/424/298
f 357/425/295 356/422/294 364/424/298 365/426/299
f 358/427/288 357/425/295 365/426/299 366/428/300
f 359/429/289 358/427/288 366/428/300 367/430/301
f 360/431/290 359/429/289 367/430/301 368/432/302
f 361/433/291 360/431/290 368/432/302 369/434/303
f 362/419/292 361/433/291 369/434/303 370/420/296
f 368/435/302 367/436/301 375/437/304 376/438/305
f 369/439/303 368/435/302 376/438/305 377/440/306
f 370/441/296 369/439/303 377/440/306 378/442/307
f 371/421/297 370/441/296 378/442/307 379/443/308
f 364/444/298 299/445/22 372/446/309
f 365/447/299 364/444/298 372/446/309 373/448/310
f 366/449/300 365/447/299 373/448/310 374/450/311
f 367/436/301 366/449/300 374/450/311 375/437/304
f 372/451/309 299/452/22 380/453/312
f 373/454/310 372/451/309 380/453/312 381/455/313
f 374/456/311 373/454/310 381/455/313 382/457/314
f 375/458/304 374/456/311 382/457/314 383/459/315
f 376/460/305 375/458/304 383/459/315 384/461/316
f 377/462/306 376/460/305 384/461/316 385/463/317
f 378/464/307 377/462/306 385/463/317 386/465/318
f 379/443/308 378/464/307 386/465/318 387/466/319
f 384/467/316 383/468/315 391/469/320 392/470/321
f 385/471/317 384/467/316 392/470/321 393/472/322
f 386/473/318 385/471/317 393/472/322 394/474/323
f 387/466/319 386/473/318 394/474/323 395/475/324
f 380/476/312 299/477/22 388/478/325
f 381/479/313 380/476/312 388/478/325 389/480/326
f 382/481/314 381/479/313 389/480/326 390/482/327
f 383/468/315 382/481/314 390/482/327 391/469/320
f 389/483/326 388/484/325 396/485/328 397/486/329
f 390/487/327 389/483/326 397/486/329 398/488/330
f 391/489/320 390/487/327 398/488/330 399/490/331
f 392/491/321 391/489/320 399/490/331 400/492/332
f 393/493/322 392/491/321 400/492/332 401/494/333
f 394/495/323 393/493/322 401/494/333 402/496/334
f 395/475/324 394/495/323 402/496/334 403/497/335
f 388/484/325 299/498/22 396/485/328
f 401/499/333 400/500/332 408/501/80 409/502/84
f 402/503/334 401/499/333 409/502/84 410/504/86
f 403/497/335 402/503/334 410/504/86 411/10/88
f 396/505/328 299/506/22 404/507/90
f 397/508/329 396/505/328 404/507/90 405/509/92
f 398/510/330 397/508/329 405/509/92 406/511/94
f 399/512/331 398/510/330 406/511/94 407/513/81
f 400/500/332 399/512/331 407/513/81 408/501/80
f 665/2/336 664/3/337 415/4/338 416/5/339
f 666/6/340 665/2/336 416/5/339 417/7/341
f 667/8/342 666/6/340 417/7/341 418/9/343
f 668/10/344 667/8/342 418/9/343 419/11/345
f 661/12/346 556/13/22 412/14/347
f 662/15/348 661/12/346 412/14/347 413/16/349
f 663/17/350 662/15/348 413/16/349 414/18/351
f 664/3/337 663/17/350 414/18/351 415/4/338
f 415/19/338 414/20/351 422/21/352 423/22/353
f 416/23/339 415/19/338 423/22/353 424/24/354
f 417/25/341 416/23/339 424/24/354 425/26/355
f 418/27/343 417/25/341 425/26/355 426/28/356
f 419/11/345 418/27/343 426/28/356 427/29/357
f 412/30/347 556/31/22 420/32/358
f 413/33/349 412/30/347 420/32/358 421/34/359
f 414/20/351 413/33/349 421/34/359 422/21/352
f 427/29/357 426/35/356 434/36/360 435/37/361
f 420/38/358 556/39/22 428/40/362
f 421/41/359 420/38/358 428/40/362 429/42/363
f 422/43/352 421/41/359 429/42/363 430/44/364
f 423/45/353 422/43/352 430/44/364 431/46/365
f 424/47/354 423/45/353 431/46/365 432/48/366
f 425/49/355 424/47/354 432/48/366 433/50/367
f 426/35/356 425/49/355 433/50/367 434/36/360
f 432/51/366 431/52/365 439/53/368 440/54/369
f 433/55/367 432/51/366 440/54/369 441/56/370
f 434/57/360 433/55/367 441/56/370 442/58/371
f 435/37/361 434/57/360 442/58/371 443/59/372
f 428/60/362 556/61/22 436/62/373
f 429/63/363 428/60/362 436/62/373 437/64/374
f 430/65/364 429/63/363 437/64/374 438/66/375
f 431/52/365 430/65/364 438/66/375 439/53/368
f 436/67/373 556/68/22 444/69/376
f 437/70/374 436/67/373 444/69/376 445/71/377
f 438/72/375 437/70/374 445/71/377 446/73/378
f 439/74/368 438/72/375 446/73/378 447/75/379
f 440/76/369 439/74/368 447/75/379 448/77/380
f 441/78/370 440/76/369 448/77/380 449/79/381
f 442/80/371 441/78/370 449/79/381 450/81/382
f 443/59/372 442/80/371 450/81/382 451/82/383
f 448/83/380 447/84/379 455/85/384 456/86/385
f 449/87/381 448/83/380 456/86/385 457/88/386
f 450/89/382 449/87/381 457/88/386 458/90/387
f 451/82/383 450/89/382 458/90/387 459/91/388
f 444/92/376 556/93/22 452/94/389
f 445/95/377 444/92/376 452/94/389 453/96/390
f 446/97/378 445/95/377 453/96/390 454/98/391
f 447/84/379 446/97/378 454/98/391 455/85/384
f 453/99/390 452/100/389 460/101/392 461/102/393
f 454/103/391 453/99/390 461/102/393 462/104/394
f 455/105/384 454/103/391 462/104/394 463/106/395
f 456/107/385 455/105/384 463/106/395 464/108/396
f 457/109/386 456/107/385 464/108/396 465/110/397
f 458/111/387 457/109/386 465/110/397 466/112/398
f 459/91/388 458/111/387 466/112/398 467/113/399
f 452/100/389 556/114/22 460/101/392
f 465/115/397 464/116/396 472/117/400 473/118/401
f 466/119/398 465/115/397 473/118/401 474/120/402
f 467/113/399 466/119/398 474/120/402 475/121/403
f 460/122/392 556/123/22 468/124/404
f 461/125/393 460/122/392 468/124/404 469/126/405
f 462/127/394 461/125/393 469/126/405 470/128/406
f 463/129/395 462/127/394 470/128/406 471/130/407
f 464/116/396 463/129/395 471/130/407 472/117/400
f 470/131/406 469/132/405 477/133/408 478/134/409
f 471/135/407 470/131/406 478/134/409 479/136/410
f 472/137/400 471/135/407 479/136/410 480/138/411
f 473/139/401 472/137/400 480/138/411 481/140/412
f 474/141/402 473/139/401 481/140/412 482/142/413
f 475/121/403 474/141/402 482/142/413 483/143/414
f 468/144/404 556/145/22 476/146/415
f 469/132/405 468/144/404 476/146/415 477/133/408
f 482/147/413 481/148/412 489/149/416 490/150/417
f 483/143/414 482/147/413 490/150/417 491/151/418
f 476/152/415 556/153/22 484/154/419
f 477/155/408 476/152/415 484/154/419 485/156/420
f 478/157/409 477/155/408 485/156/420 486/158/421
f 479/159/410 478/157/409 486/158/421 487/160/422
f 480/161/411 479/159/410 487/160/422 488/162/423
f 481/148/412 480/161/411 488/162/423 489/149/416
f 486/163/421 485/164/420 493/165/424 494/166/425
f 487/167/422 486/163/421 494/166/425 495/168/426
f 488/169/423 487/167/422 495/168/426 496/170/427
f 489/171/416 488/169/423 496/170/427 497/172/428
f 490/173/417 489/171/416 497/172/428 498/174/429
f 491/151/418 490/173/417 498/174/429 499/175/430
f 484/176/419 556/177/22 492/178/431
f 485/164/420 484/176/419 492/178/431 493/165/424
f 498/179/429 497/180/428 505/181/432 506/182/433
f 499/175/430 498/179/429 506/182/433 507/183/434
f 492/184/431 556/185/22 500/186/435
f 493/187/424 492/184/431 500/186/435 501/188/436
f 494/189/425 493/187/424 501/188/436 502/190/437
f 495/191/426 494/189/425 502/190/437 503/192/438
f 496/193/427 495/191/426 503/192/438 504/194/439
f 497/180/428 496/193/427 504/194/439 505/181/432
f 503/195/438 502/196/437 510/197/440 511/198/441
f 504/199/439 503/195/438 511/198/441 512/200/442
f 505/201/432 504/199/439 512/200/442 513/202/443
f 506/203/433 505/201/432 513/202/443 514/204/444
f 507/183/434 506/203/433 514/204/444 515/205/445
f 500/206/435 556/207/22 508/208/446
f 501/209/436 500/206/435 508/208/446 509/210/447
f 502/196/437 501/209/436 509/210/447 510/197/440
f 515/205/445 514/211/444 522/212/448 523/213/449
f 508/214/446 556/215/22 516/216/450
f 509/217/447 508/214/446 516/216/450 517/218/451
f 510/219/440 509/217/447 517/218/451 518/220/452
f 511/221/441 510/219/440 518/220/452 519/222/453
f 512/223/442 511/221/441 519/222/453 520/224/454
f 513/225/443 512/223/442 520/224/454 521/226/455
f 514/211/444 513/225/443 521/226/455 522/212/448
f 519/227/453 518/228/452 526/229/456 527/230/457
f 520/231/454 519/227/453 527/230/457 528/232/458
f 521/233/455 520/231/454 528/232/458 529/234/459
f 522/235/448 521/233/455 529/234/459 530/236/460
f 523/213/449 522/235/448 530/236/460 531/237/461
f 516/238/450 556/239/22 524/240/462
f 517/241/451 516/238/450 524/240/462 525/242/463
f 518/228/452 517/241/451 525/242/463 526/229/456
f 531/237/461 530/243/460 538/244/464 539/1/465
f 524/245/462 556/246/22 532/247/466
f 525/248/463 524/245/462 532/247/466 533/249/467
f 526/250/456 525/248/463 533/249/467 534/251/468
f 527/252/457 526/250/456 534/251/468 535/253/469
f 528/254/458 527/252/457 535/253/469 536/255/470
f 529/256/459 528/254/458 536/255/470 537/257/471
f 530/243/460 529/256/459 537/257/471 538/244/464
f 536/258/470 535/259/469 543/260/472 544/261/473
f 537/262/471 536/258/470 544/261/473 545/263/474
f 538/264/464 537/262/471 545/263/474 546/265/475
f 539/266/465 538/264/464 546/265/475 547/267/476
f 532/268/466 556/269/22 540/270/477
f 533/271/467 532/268/466 540/270/477 541/272/478
f 534/273/468 533/271/467 541/272/478 542/274/479
f 535/259/469 534/273/468 542/274/479 543/260/472
f 541/275/478 540/276/477 548/277/480 549/278/481
f 542/279/479 541/275/478 549/278/481 550/280/482
f 543/281/472 542/279/479 550/280/482 551/282/483
f 544/283/473 543/281/472 551/282/483 552/284/484
f 545/285/474 544/283/473 552/284/484 553/286/485
f 546/287/475 545/285/474 553/286/485 554/288/486
f 547/267/476 546/287/475 554/288/486 555/289/487
f 540/276/477 556/290/22 548/277/480
f 553/291/485 552/292/484 561/293/488 562/294/489
f 554/295/486 553/291/485 562/294/489 563/296/490
f 555/289/487 554/295/486 563/296/490 564/297/491
f 548/298/480 556/299/22 557/300/492
f 549/301/481 548/298/480 557/300/492 558/302/493
f 550/303/482 549/301/481 558/302/493 559/304/494
f 551/305/483 550/303/482 559/304/494 560/306/495
f 552/292/484 551/305/483 560/306/495 561/293/488
f 558/307/493 557/308/492 565/309/496 566/310/497
f 559/311/494 558/307/493 566/310/497 567/312/498
f 560/313/495 559/311/494 567/312/498 568/314/499
f 561/315/488 560/313/495 568/314/499 569/316/500
f 562/317/489 561/315/488 569/316/500 570/318/501
f 563/319/490 562/317/489 570/318/501 571/320/502
f 564/297/491 563/319/490 571/320/502 572/321/503
f 557/308/492 556/322/22 565/309/496
f 570/323/501 569/324/500 577/325/504 578/326/505
f 571/327/502 570/323/501 578/326/505 579/328/506
f 572/321/503 571/327/502 579/328/506 580/329/507
f 565/330/496 556/331/22 573/332/508
f 566/333/497 565/330/496 573/332/508 574/334/509
f 567/335/498 566/333/497 574/334/509 575/336/510
f 568/337/499 567/335/498 575/336/510 576/338/511
f 569/324/500 568/337/499 576/338/511 577/325/504
f 575/339/510 574/340/509 582/341/512 583/342/513
f 576/343/511 575/339/510 583/342/513 584/344/514
f 577/345/504 576/343/511 584/344/514 585/346/515
f 578/347/505 577/345/504 585/346/515 586/348/516
f 579/349/506 578/347/505 586/348/516 587/350/517
f 580/329/507 579/349/506 587/350/517 588/351/518
f 573/352/508 556/353/22 581/354/519
f 574/340/509 573/352/508 581/354/519 582/341/512
f 587/355/517 586/356/516 594/357/520 595/358/521
f 588/351/518 587/355/517 595/358/521 596/359/522
f 581/360/519 556/361/22 589/362/523
f 582/363/512 581/360/519 589/362/523 590/364/524
f 583/365/513 582/363/512 590/364/524 591/366/525
f 584/367/514 583/365/513 591/366/525 592/368/526
f 585/369/515 584/367/514 592/368/526 593/370/527
f 586/356/516 585/369/515 593/370/527 594/357/520
f 591/371/525 590/372/524 598/373/528 599/374/529
f 592/375/526 591/371/525 599/374/529 600/376/530
f 593/377/527 592/375/526 600/376/530 601/378/531
f 594/379/520 593/377/527 601/378/531 602/380/532
f 595/381/521 594/379/520 602/380/532 603/382/533
f 596/359/522 595/381/521 603/382/533 604/383/534
f 589/384/523 556/385/22 597/386/535
f 590/372/524 589/384/523 597/386/535 598/373/528
f 603/387/533 602/388/532 610/389/536 611/390/537
f 604/383/534 603/387/533 611/390/537 612/391/538
f 597/392/535 556/393/22 605/394/539
f 598/395/528 597/392/535 605/394/539 606/396/540
f 599/397/529 598/395/528 606/396/540 607/398/541
f 600/399/530 599/397/529 607/398/541 608/400/542
f 601/401/531 600/399/530 608/400/542 609/402/543
f 602/388/532 601/401/531 609/402/543 610/389/536
f 608/403/542 607/404/541 615/405/544 616/406/545
f 609/407/543 608/403/542 616/406/545 617/408/546
f 610/409/536 609/407/543 617/408/546 618/410/547
f 611/411/537 610/409/536 618/410/547 619/412/548
f 612/391/538 611/411/537 619/412/548 620/413/549
f 605/414/539 556/415/22 613/416/550
f 606/417/540 605/414/539 613/416/550 614/418/551
f 607/404/541 606/417/540 614/418/551 615/405/544
f 620/413/549 619/419/548 627/420/552 628/421/553
f 613/422/550 556/423/22 621/424/554
f 614/425/551 613/422/550 621/424/554 622/426/555
f 615/427/544 614/425/551 622/426/555 623/428/556
f 616/429/545 615/427/544 623/428/556 624/430/557
f 617/431/546 616/429/545 624/430/557 625/432/558
f 618/433/547 617/431/546 625/432/558 626/434/559
f 619/419/548 618/433/547 626/434/559 627/420/552
f 625/435/558 624/436/557 632/437/560 633/438/561
f 626/439/559 625/435/558 633/438/561 634/440/562
f 627/441/552 626/439/559 634/440/562 635/442/563
f 628/421/553 627/441/552 635/442/563 636/443/564
f 621/444/554 556/445/22 629/446/565
f 622/447/555 621/444/554 629/446/565 630/448/566
f 623/449/556 622/447/555 630/448/566 631/450/567
f 624/436/557 623/449/556 631/450/567 632/437/560
f 629/451/565 556/452/22 637/453/568
f 630/454/566 629/451/565 637/453/568 638/455/569
f 631/456/567 630/454/566 638/455/569 639/457/570
f 632/458/560 631/456/567 639/457/570 640/459/571
f 633/460/561 632/458/560 640/459/571 641/461/572
f 634/462/562 633/460/561 641/461/572 642/463/573
f 635/464/563 634/462/562 642/463/573 643/465/574
f 636/443/564 635/464/563 643/465/574 644/466/575
f 641/467/572 640/468/571 648/469/576 649/470/577
f 642/471/573 641/467/572 649/470/577 650/472/578
f 643/473/574 642/471/573 650/472/578 651/474/579
f 644/466/575 643/473/574 651/474/579 652/475/580
f 637/476/568 556/477/22 645/478/581
f 638/479/569 637/476/568 645/478/581 646/480/582
f 639/481/570 638/479/569 646/480/582 647/482/583
f 640/468/571 639/481/570 647/482/583 648/469/576
f 646/483/582 645/484/581 653/485/584 654/486/585
f 647/487/583 646/483/582 654/486/585 655/488/586
f 648/489/576 647/487/583 655/488/586 656/490/587
f 649/491/577 648/489/576 656/490/587 657/492/588
f 650/493/578 649/491/577 657/492/588 658/494/589
f 651/495/579 650/493/578 658/494/589 659/496/590
f 652/475/580 651/495/579 659/496/590 660/497/591
f 645/484/581 556/498/22 653/485/584
f 658/499/589 657/500/588 665/501/336 666/502/340
f 659/503/590 658/499/589 666/502/340 667/504/342
f 660/497/591 659/503/590 667/504/342 668/10/344
f 653/505/584 556/506/22 661/507/346
f 654/508/585 653/505/584 661/507/346 662/509/348
f 655/510/586 654/508/585 662/509/348 663/511/350
f 656/512/587 655/510/586 663/511/350 664/513/337
f 657/500/588 656/512/587 664/513/337 665/501/336
f 922/2/592 921/3/593 672/4/594 673/5/595
f 923/6/596 922/2/592 673/5/595 674/7/597
f 924/8/598 923/6/596 674/7/597 675/9/599
f 925/10/600 924/8/598 675/9/599 676/11/601
f 918/12/602 813/13/22 669/14/603
f 919/15/604 918/12/602 669/14/603 670/16/605
f 920/17/606 919/15/604 670/16/605 671/18/607
f 921/3/593 920/17/606 671/18/607 672/4/594
f 672/19/594 671/20/607 679/21/608 680/22/609
f 673/23/595 672/19/594 680/22/609 681/24/610
f 674/25/597 673/23/595 681/24/610 682/26/611
f 675/27/599 674/25/597 682/26/611 683/28/612
f 676/11/601 675/27/599 683/28/612 684/29/613
f 669/30/603 813/31/22 677/32/614
f 670/33/605 669/30/603 677/32/614 678/34/615
f 671/20/607 670/33/605 678/34/615 679/21/608
f 684/29/613 683/35/612 691/36/616 692/37/617
f 677/38/614 813/39/22 685/40/618
f 678/41/615 677/38/614 685/40/618 686/42/619
f 679/43/608 678/41/615 686/42/619 687/44/620
f 680/45/609 679/43/608 687/44/620 688/46/621
f 681/47/610 680/45/609 688/46/621 689/48/622
f 682/49/611 681/47/610 689/48/622 690/50/623
f 683/35/612 682/49/611 690/50/623 691/36/616
f 689/51/622 688/52/621 696/53/624 697/54/625
f 690/55/623 689/51/622 697/54/625 698/56/626
f 691/57/616 690/55/623 698/56/626 699/58/627
f 692/37/617 691/57/616 699/58/627 700/59/628
f 685/60/618 813/61/22 693/62/629
f 686/63/619 685/60/618 693/62/629 694/64/630
f 687/65/620 686/63/619 694/64/630 695/66/631
f 688/52/621 687/65/620 695/66/631 696/53/624
f 693/67/629 813/68/22 701/69/632
f 694/70/630 693/67/629 701/69/632 702/71/633
f 695/72/631 694/70/630 702/71/633 703/73/634
f 696/74/624 695/72/631 703/73/634 704/75/635
f 697/76/625 696/74/624 704/75/635 705/77/636
f 698/78/626 697/76/625 705/77/636 706/79/637
f 699/80/627 698/78/626 706/79/637 707/81/638
f 700/59/628 699/80/627 707/81/638 708/82/639
f 705/83/636 704/84/635 712/85/640 713/86/641
f 706/87/637 705/83/636 713/86/641 714/88/642
f 707/89/638 706/87/637 714/88/642 715/90/643
f 708/82/639 707/89/638 715/90/643 716/91/644
f 701/92/632 813/93/22 709/94/645
f 702/95/633 701/92/632 709/94/645 710/96/646
f 703/97/634 702/95/633 710/96/646 711/98/647
f 704/84/635 703/97/634 711/98/647 712/85/640
f 710/99/646 709/100/645 717/101/648 718/102/649
f 711/103/647 710/99/646 718/102/649 719/104/650
f 712/105/640 711/103/647 719/104/650 720/106/651
f 713/107/641 712/105/640 720/106/651 721/108/652
f 714/109/642 713/107/641 721/108/652 722/110/653
f 715/111/643 714/109/642 722/110/653 723/112/654
f 716/91/644 715/111/643 723/112/654 724/113/655
f 709/100/645 813/114/22 717/101/648
f 722/115/653 721/116/652 729/117/656 730/118/657
f 723/119/654 722/115/653 730/118/657 731/120/658
f 724/113/655 723/119/654 731/120/658 732/121/659
f 717/122/648 813/123/22 725/124/660
f 718/125/649 717/122/648 725/124/660 726/126/661
f 719/127/650 718/125/649 726/126/661 727/128/662
f 720/129/651 719/127/650 727/128/662 728/130/663
f 721/116/652 720/129/651 728/130/663 729/117/656
f 727/131/662 726/132/661 734/133/664 735/134/665
f 728/135/663 727/131/662 735/134/665 736/136/666
f 729/137/656 728/135/663 736/136/666 737/138/667
f 730/139/657 729/137/656 737/138/667 738/140/668
f 731/141/658 730/139/657 738/140/668 739/142/669
f 732/121/659 731/141/658 739/142/669 740/143/670
f 725/144/660 813/145/22 733/146/671
f 726/132/661 725/144/660 733/146/671 734/133/664
f 739/147/669 738/148/668 746/149/672 747/150/673
f 740/143/670 739/147/669 747/150/673 748/151/674
f 733/152/671 813/153/22 741/154/675
f 734/155/664 733/152/671 741/154/675 742/156/676
f 735/157/665 734/155/664 742/156/676 743/158/677
f 736/159/666 735/157/665 743/158/677 744/160/678
f 737/161/667 736/159/666 744/160/678 745/162/679
f 738/148/668 737/161/667 745/162/679 746/149/672
f 743/163/677 742/164/676 750/165/680 751/166/681
f 744/167/678 743/163/677 751/166/681 752/168/682
f 745/169/679 744/167/678 752/168/682 753/170/683
f 746/171/672 745/169/679 753/170/683 754/172/684
f 747/173/673 746/171/672 754/172/684 755/174/685
f 748/151/674 747/173/673 755/174/685 756/175/686
f 741/176/675 813/177/22 749/178/687
f 742/164/676 741/176/675 749/178/687 750/165/680
f 755/179/685 754/180/684 762/181/688 763/182/689
f 756/175/686 755/179/685 763/182/689 764/183/690
f 749/184/687 813/185/22 757/186/691
f 750/187/680 749/184/687 757/186/691 758/188/692
f 751/189/681 750/187/680 758/188/692 759/190/693
f 752/191/682 751/189/681 759/190/693 760/192/694
f 753/193/683 752/191/682 760/192/694 761/194/695
f 754/180/684 753/193/683 761/194/695 762/181/688
f 760/195/694 759/196/693 767/197/696 768/198/697
f 761/199/695 760/195/694 768/198/697 769/200/698
f 762/201/688 761/199/695 769/200/698 770/202/699
f 763/203/689 762/201/688 770/202/699 771/204/700
f 764/183/690 763/203/689 771/204/700 772/205/701
f 757/206/691 813/207/22 765/208/702
f 758/209/692 757/206/691 765/208/702 766/210/703
f 759/196/693 758/209/692 766/210/703 767/197/696
f 772/205/701 771/211/700 779/212/704 780/213/705
f 765/214/702 813/215/22 773/216/706
f 766/217/703 765/214/702 773/216/706 774/218/707
f 767/219/696 766/217/703 774/218/707 775/220/708
f 768/221/697 767/219/696 775/220/708 776/222/709
f 769/223/698 768/221/697 776/222/709 777/224/710
f 770/225/699 769/223/698 777/224/710 778/226/711
f 771/211/700 770/225/699 778/226/711 779/212/704
f 776/227/709 775/228/708 783/229/712 784/230/713
f 777/231/710 776/227/709 784/230/713 785/232/714
f 778/233/711 777/231/710 785/232/714 786/234/715
f 779/235/704 778/233/711 786/234/715 787/236/716
f 780/213/705 779/235/704 787/236/716 788/237/717
f 773/238/706 813/239/22 781/240/718
f 774/241/707 773/238/706 781/240/718 782/242/719
f 775/228/708 774/241/707 782/242/719 783/229/712
f 788/237/717 787/243/716 795/244/720 796/1/721
f 781/245/718 813/246/22 789/247/722
f 782/248/719 781/245/718 789/247/722 790/249/723
f 783/250/712 782/248/719 790/249/723 791/251/724
f 784/252/713 783/250/712 791/251/724 792/253/725
f 785/254/714 784/252/713 792/253/725 793/255/726
f 786/256/715 785/254/714 793/255/726 794/257/727
f 787/243/716 786/256/715 794/257/727 795/244/720
f 793/258/726 792/259/725 800/260/728 801/261/729
f 794/262/727 793/258/726 801/261/729 802/263/730
f 795/264/720 794/262/727 802/263/730 803/265/731
f 796/266/721 795/264/720 803/265/731 804/267/732
f 789/268/722 813/269/22 797/270/733
f 790/271/723 789/268/722 797/270/733 798/272/734
f 791/273/724 790/271/723 798/272/734 799/274/735
f 792/259/725 791/273/724 799/274/735 800/260/728
f 798/275/734 797/276/733 805/277/736 806/278/737
f 799/279/735 798/275/734 806/278/737 807/280/738
f 800/281/728 799/279/735 807/280/738 808/282/739
f 801/283/729 800/281/728 808/282/739 809/284/740
f 802/285/730 801/283/729 809/284/740 810/286/741
f 803/287/731 802/285/730 810/286/741 811/288/742
f 804/267/732 803/287/731 811/288/742 812/289/743
f 797/276/733 813/290/22 805/277/736
f 810/291/741 809/292/740 818/293/744 819/294/745
f 811/295/742 810/291/741 819/294/745 820/296/746
f 812/289/743 811/295/742 820/296/746 821/297/747
f 805/298/736 813/299/22 814/300/748
f 806/301/737 805/298/736 814/300/748 815/302/749
f 807/303/738 806/301/737 815/302/749 816/304/750
f 808/305/739 807/303/738 816/304/750 817/306/751
f 809/292/740 808/305/739 817/306/751 818/293/744
f 815/307/749 814/308/748 822/309/752 823/310/753
f 816/311/750 815/307/749 823/310/753 824/312/754
f 817/313/751 816/311/750 824/312/754 825/314/755
f 818/315/744 817/313/751 825/314/755 826/316/756
f 819/317/745 818/315/744 826/316/756 827/318/757
f 820/319/746 819/317/745 827/318/757 828/320/758
f 821/297/747 820/319/746 828/320/758 829/321/759
f 814/308/748 813/322/22 822/309/752
f 827/323/757 826/324/756 834/325/760 835/326/761
f 828/327/758 827/323/757 835/326/761 836/328/762
f 829/321/759 828/327/758 836/328/762 837/329/763
f 822/330/752 813/331/22 830/332/764
f 823/333/753 822/330/752 830/332/764 831/334/765
f 824/335/754 823/333/753 831/334/765 832/336/766
f 825/337/755 824/335/754 832/336/766 833/338/767
f 826/324/756 825/337/755 833/338/767 834/325/760
f 832/339/766 831/340/765 839/341/768 840/342/769
f 833/343/767 832/339/766 840/342/769 841/344/770
f 834/345/760 833/343/767 841/344/770 842/346/771
f 835/347/761 834/345/760 842/346/771 843/348/772
f 836/349/762 835/347/761 843/348/772 844/350/773
f 837/329/763 836/349/762 844/350/773 845/351/774
f 830/352/764 813/353/22 838/354/775
f 831/340/765 830/352/764 838/354/775 839/341/768
f 844/355/773 843/356/772 851/357/776 852/358/777
f 845/351/774 844/355/773 852/358/777 853/359/778
f 838/360/775 813/361/22 846/362/779
f 839/363/768 838/360/775 846/362/779 847/364/780
f 840/365/769 839/363/768 847/364/780 848/366/781
f 841/367/770 840/365/769 848/366/781 849/368/782
f 842/369/771 841/367/770 849/368/782 850/370/783
f 843/356/772 842/369/771 850/370/783 851/357/776
f 848/371/781 847/372/780 855/373/784 856/374/785
f 849/375/782 848/371/781 856/374/785 857/376/786
f 850/377/783 849/375/782 857/376/786 858/378/787
f 851/379/776 850/377/783 858/378/787 859/380/788
f 852/381/777 851/379/776 859/380/788 860/382/789
f 853/359/778 852/381/777 860/382/789 861/383/790
f 846/384/779 813/385/22 854/386/791
f 847/372/780 846/384/779 854/386/791 855/373/784
f 860/387/789 859/388/788 867/389/792 868/390/793
f 861/383/790 860/387/789 868/390/793 869/391/794
f 854/392/791 813/393/22 862/394/795
f 855/395/784 854/392/791 862/394/795 863/396/796
f 856/397/785 855/395/784 863/396/796 864/398/797
f 857/399/786 856/397/785 864/398/797 865/400/798
f 858/401/787 857/399/786 865/400/798 866/402/799
f 859/388/788 858/401/787 866/402/799 867/389/792
f 865/403/798 864/404/797 872/405/800 873/406/801
f 866/407/799 865/403/798 873/406/801 874/408/802
f 867/409/792 866/407/799 874/408/802 875/410/803
f 868/411/793 867/409/792 875/410/803 876/412/804
f 869/391/794 868/411/793 876/412/804 877/413/805
f 862/414/795 813/415/22 870/416/806
f 863/417/796 862/414/795 870/416/806 871/418/807
f 864/404/797 863/417/796 871/418/807 872/405/800
f 877/413/805 876/419/804 884/420/808 885/421/809
f 870/422/806 813/423/22 878/424/810
f 871/425/807 870/422/806 878/424/810 879/426/811
f 872/427/800 871/425/807 879/426/811 880/428/812
f 873/429/801 872/427/800 880/428/812 881/430/813
f 874/431/802 873/429/801 881/430/813 882/432/814
f 875/433/803 874/431/802 882/432/814 883/434/815
f 876/419/804 875/433/803 883/434/815 884/420/808
f 882/435/814 881/436/813 889/437/816 890/438/817
f 883/439/815 882/435/814 890/438/817 891/440/818
f 884/441/808 883/439/815 891/440/818 892/442/819
f 885/421/809 884/441/808 892/442/819 893/443/820
f 878/444/810 813/445/22 886/446/821
f 879/447/811 878/444/810 886/446/821 887/448/822
f 880/449/812 879/447/811 887/448/822 888/450/823
f 881/436/813 880/449/812 888/450/823 889/437/816
f 886/451/821 813/452/22 894/453/824
f 887/454/822 886/451/821 894/453/824 895/455/825
f 888/456/823 887/454/822 895/455/825 896/457/826
f 889/458/816 888/456/823 896/457/826 897/459/827
f 890/460/817 889/458/816 897/459/827 898/461/828
f 891/462/818 890/460/817 898/461/828 899/463/829
f 892/464/819 891/462/818 899/463/829 900/465/830
f 893/443/820 892/464/819 900/465/830 901/466/831
f 898/467/828 897/468/827 905/469/832 906/470/833
f 899/471/829 898/467/828 906/470/833 907/472/834
f 900/473/830 899/471/829 907/472/834 908/474/835
f 901/466/831 900/473/830 908/474/835 909/475/836
f 894/476/824 813/477/22 902/478/837
f 895/479/825 894/476/824 902/478/837 903/480/838
f 896/481/826 895/479/825 903/480/838 904/482/839
f 897/468/827 896/481/826 904/482/839 905/469/832
f 903/483/838 902/484/837 910/485/840 911/486/841
f 904/487/839 903/483/838 911/486/841 912/488/842
f 905/489/832 904/487/839 912/488/842 913/490/843
f 906/491/833 905/489/832 913/490/843 914/492/844
f 907/493/834 906/491/833 914/492/844 915/494/845
f 908/495/835 907/493/834 915/494/845 916/496/846
f 909/475/836 908/495/835 916/496/846 917/497/847
f 902/484/837 813/498/22 910/485/840
f 915/499/845 914/500/844 922/501/592 923/502/596
f 916/503/846 915/499/845 923/502/596 924/504/598
f 917/497/847 916/503/846 924/504/598 925/10/600
f 910/505/840 813/506/22 918/507/602
f 911/508/841 910/505/840 918/507/602 919/509/604
f 912/510/842 911/508/841 919/509/604 920/511/606
f 913/512/843 912/510/842 920/511/606 921/513/593
f 914/500/844 913/512/843 921/513/593 922/501/592
o element.001
v -111.736267 0.000000 -33.753777
v -124.088684 0.000000 -41.621307
v -130.301025 0.000000 -32.569672
v -115.562561 0.000000 -21.930786
v -116.175354 0.000000 -20.861984
v -102.785767 0.000000 -11.024353
v -103.381958 0.000000 -10.189316
v -90.432617 0.000000 -0.685593
v -91.056641 0.000000 0.205109
v -77.689209 0.000000 10.109436
v -78.268616 0.000000 10.922211
v -67.443054 0.000000 18.890137
v -60.043884 0.000000 8.713791
v -67.168030 0.000000 3.472321
v -66.315552 0.000000 2.347794
v -82.481262 0.000000 -9.181107
v -81.851746 0.000000 -10.361237
v -91.980347 0.000000 -17.572403
v -91.434387 0.000000 -18.529877
v -108.241150 0.000000 -31.171951
v -109.717651 0.000000 -29.234657
v -112.844849 0.000000 -31.571663
v -111.736267 14.036027 -33.753777
v -124.088684 14.036027 -41.621307
v -130.301025 14.036027 -32.569672
v -115.562561 14.036027 -21.930786
v -116.175354 14.036027 -20.861984
v -102.785767 14.036027 -11.024353
v -103.381958 14.036027 -10.189316
v -90.432617 14.036027 -0.685593
v -91.056641 14.036027 0.205109
v -77.689209 14.036027 10.109436
v -78.268616 14.036027 10.922211
v -67.443054 14.036027 18.890137
v -60.043884 14.036027 8.713791
v -67.168030 14.036027 3.472321
v -66.315552 14.036027 2.347794
v -82.481262 14.036027 -9.181107
v -81.851746 14.036027 -10.361237
v -91.980347 14.036027 -17.572403
v -91.434387 14.036027 -18.529877
v -108.241150 14.036027 -31.171951
v -109.717651 14.036027 -29.234657
v -112.844849 14.036027 -31.571663
vn 0.8915 -0.0000 0.4529
vn 0.5372 -0.0000 -0.8434
vn -0.8245 -0.0000 -0.5659
vn -0.5853 -0.0000 0.8108
vn -0.8675 -0.0000 -0.4974
vn -0.5921 -0.0000 0.8059
vn -0.8139 -0.0000 -0.5811
vn -0.5917 -0.0000 0.8062
vn -0.8190 -0.0000 -0.5738
vn -0.5953 -0.0000 0.8035
vn -0.8143 -0.0000 -0.5805
vn -0.5928 -0.0000 0.8054
vn 0.8088 -0.0000 0.5881
vn 0.5926 -0.0000 -0.8055
vn 0.7969 -0.0000 0.6041
vn 0.5806 -0.0000 -0.8142
vn 0.8823 -0.0000 0.4707
vn 0.5800 -0.0000 -0.8146
vn 0.8687 -0.0000 0.4953
vn 0.6011 -0.0000 -0.7992
vn -0.7953 -0.0000 -0.6062
vn 0.5986 -0.0000 -0.8010
vn -0.0000 1.0000 -0.0000
s 0
usemtl wall
f 947//848 926//848 948//848 969//848
f 926//849 927//849 949//849 948//849
f 927//850 928//850 950//850 949//850
f 928//851 929//851 951//851 950//851
f 929//852 930//852 952//852 951//852
f 930//853 931//853 953//853 952//853
f 931//854 932//854 954//854 953//854
f 932//855 933//855 955//855 954//855
f 933//856 934//856 956//856 955//856
f 934//857 935//857 957//857 956//857
f 935//858 936//858 958//858 957//858
f 936//859 937//859 959//859 958//859
f 937//860 938//860 960//860 959//860
f 938//861 939//861 961//861 960//861
f 939//862 940//862 962//862 961//862
f 940//863 941//863 963//863 962//863
f 941//864 942//864 964//864 963//864
f 942//865 943//865 965//865 964//865
f 943//866 944//866 966//866 965//866
f 944//867 945//867 967//867 966//867
f 945//868 946//868 968//868 967//868
f 946//869 947//869 969//869 968//869
usemtl roof
f 948//870 949//870 950//870 951//870 952//870 953//870 954//870 955//870 956//870 957//870 958//870 959//870 960//870 961//870 962//870 963//870 964//870 965//870 966//870 967//870 968//870 969//870
o element.002
v 52.114685 0.000000 104.776344
v 51.730591 0.000000 106.557564
v 60.969360 0.000000 118.722267
v 67.388916 0.000000 113.922676
v 46.224060 0.000000 86.476982
v 35.319214 0.000000 96.576561
v 34.811829 0.000000 96.053505
v 0.871094 0.000000 127.810616
v 2.109131 0.000000 130.548767
v 0.108459 0.000000 131.617950
v 7.447510 0.000000 147.534760
v 9.453857 0.000000 146.721588
v 27.997131 0.000000 188.016327
v 26.364258 0.000000 188.740326
v 33.301941 0.000000 203.877960
v 35.129944 0.000000 203.120483
v 36.485229 0.000000 206.370667
v 39.444580 0.000000 204.956116
v 44.201721 0.000000 215.251923
v 50.677673 0.000000 212.289093
v 45.820190 0.000000 202.037872
v 48.924377 0.000000 200.723450
v 46.866455 0.000000 196.215576
v 48.030884 0.000000 194.400757
v 43.585876 0.000000 184.004700
v 41.194641 0.000000 183.782684
v 36.660583 0.000000 173.843079
v 37.891724 0.000000 171.438232
v 33.575012 0.000000 161.431763
v 30.916321 0.000000 161.254333
v 26.761536 0.000000 152.149506
v 28.159912 0.000000 149.722382
v 23.391724 0.000000 139.537872
v 20.972717 0.000000 139.460602
v 18.993103 0.000000 135.609436
v 17.961243 0.000000 132.871246
v 18.339478 0.000000 129.776489
v 30.180542 0.000000 118.730507
v 32.120728 0.000000 120.622414
v 35.876404 0.000000 117.070351
v 33.986450 0.000000 115.144997
v 49.299072 0.000000 101.448647
v 52.114685 20.145180 104.776344
v 51.730591 20.145180 106.557564
v 60.969360 20.145180 118.722267
v 67.388916 20.145180 113.922676
v 46.224060 20.145180 86.476982
v 35.319214 20.145180 96.576561
v 34.811829 20.145180 96.053505
v 0.871094 20.145180 127.810616
v 2.109131 20.145180 130.548767
v 0.108459 20.145180 131.617950
v 7.447510 20.145180 147.534760
v 9.453857 20.145180 146.721588
v 27.997131 20.145180 188.016327
v 26.364258 20.145180 188.740326
v 33.301941 20.145180 203.877960
v 35.129944 20.145180 203.120483
v 36.485229 20.145180 206.370667
v 39.444580 20.145180 204.956116
v 44.201721 20.145180 215.251923
v 50.677673 20.145180 212.289093
v 45.820190 20.145180 202.037872
v 48.924377 20.145180 200.723450
v 46.866455 20.145180 196.215576
v 48.030884 20.145180 194.400757
v 43.585876 20.145180 184.004700
v 41.194641 20.145180 183.782684
v 36.660583 20.145180 173.843079
v 37.891724 20.145180 171.438232
v 33.575012 20.145180 161.431763
v 30.916321 20.145180 161.254333
v 26.761536 20.145180 152.149506
v 28.159912 20.145180 149.722382
v 23.391724 20.145180 139.537872
v 20.972717 20.145180 139.460602
v 18.993103 20.145180 135.609436
v 17.961243 20.145180 132.871246
v 18.339478 20.145180 129.776489
v 30.180542 20.145180 118.730507
v 32.120728 20.145180 120.622414
v 35.876404 20.145180 117.070351
v 33.986450 20.145180 115.144997
v 49.299072 20.145180 101.448647
vn -0.7634 -0.0000 0.6459
vn -0.9775 -0.0000 -0.2108
vn -0.7964 -0.0000 0.6048
vn 0.5988 -0.0000 0.8009
vn 0.7919 -0.0000 -0.6107
vn -0.6795 -0.0000 -0.7337
vn 0.7178 -0.0000 -0.6963
vn -0.6832 -0.0000 -0.7302
vn -0.9112 -0.0000 0.4120
vn -0.4713 -0.0000 -0.8820
vn -0.9081 -0.0000 0.4187
vn 0.3756 -0.0000 0.9268
vn -0.9122 -0.0000 0.4096
vn -0.4053 -0.0000 -0.9142
vn -0.9091 -0.0000 0.4166
vn 0.3828 -0.0000 0.9238
vn -0.9230 -0.0000 0.3849
vn 0.4313 -0.0000 0.9022
vn -0.9078 -0.0000 0.4194
vn 0.4160 -0.0000 0.9093
vn 0.9037 -0.0000 -0.4282
vn 0.3899 -0.0000 0.9208
vn 0.9097 -0.0000 -0.4153
vn 0.8417 -0.0000 0.5400
vn 0.9195 -0.0000 -0.3931
vn 0.0924 -0.0000 -0.9957
vn 0.9098 -0.0000 -0.4150
vn 0.8901 -0.0000 0.4557
vn 0.9182 -0.0000 -0.3961
vn 0.0666 -0.0000 -0.9978
vn 0.9098 -0.0000 -0.4151
vn 0.8665 -0.0000 0.4992
vn 0.9057 -0.0000 -0.4240
vn 0.0319 -0.0000 -0.9995
vn 0.8894 -0.0000 -0.4572
vn 0.9358 -0.0000 -0.3526
vn 0.9926 -0.0000 0.1213
vn 0.6821 -0.0000 0.7312
vn -0.6981 -0.0000 0.7160
vn 0.6871 -0.0000 0.7265
vn 0.7136 -0.0000 -0.7005
vn 0.6667 -0.0000 0.7453
vn -0.0000 1.0000 -0.0000
s 0
usemtl wall
f 1011//871 970//871 1012//871 1053//871
f 970//872 971//872 1013//872 1012//872
f 971//873 972//873 1014//873 1013//873
f 972//874 973//874 1015//874 1014//874
f 973//875 974//875 1016//875 1015//875
f 974//876 975//876 1017//876 1016//876
f 975//877 976//877 1018//877 1017//877
f 976//878 977//878 1019//878 1018//878
f 977//879 978//879 1020//879 1019//879
f 978//880 979//880 1021//880 1020//880
f 979//881 980//881 1022//881 1021//881
f 980//882 981//882 1023//882 1022//882
f 981//883 982//883 1024//883 1023//883
f 982//884 983//884 1025//884 1024//884
f 983//885 984//885 1026//885 1025//885
f 984//886 985//886 1027//886 1026//886
f 985//887 986//887 1028//887 1027//887
f 986//888 987//888 1029//888 1028//888
f 987//889 988//889 1030//889 1029//889
f 988//890 989//890 1031//890 1030//890
f 989//891 990//891 1032//891 1031//891
f 990//892 991//892 1033//892 1032//892
f 991//893 992//893 1034//893 1033//893
f 992//894 993//894 1035//894 1034//894
f 993//895 994//895 1036//895 1035//895
f 994//896 995//896 1037//896 1036//896
f 995//897 996//897 1038//897 1037//897
f 996//898 997//898 1039//898 1038//898
f 997//899 998//899 1040//899 1039//899
f 998//900 999//900 1041//900 1040//900
f 999//901 1000//901 1042//901 1041//901
f 1000//902 1001//902 1043//902 1042//902
f 1001//903 1002//903 1044//903 1043//903
f 1002//904 1003//904 1045//904 1044//904
f 1003//905 1004//905 1046//905 1045//905
f 1004//906 1005//906 1047//906 1046//906
f 1005//907 1006//907 1048//907 1047//907
f 1006//908 1007//908 1049//908 1048//908
f 1007//909 1008//909 1050//909 1049//909
f 1008//910 1009//910 1051//910 1050//910
f 1009//911 1010//911 1052//911 1051//911
f 1010//912 1011//912 1053//912 1052//912
usemtl roof
f 1012//913 1013//913 1014//913 1015//913 1016//913 1017//913 1018//913 1019//913 1020//913 1021//913 1022//913 1023//913 1024//913 1025//913 1026//913 1027//913 1028//913 1029//913 1030//913 1031//913 1032//913 1033//913 1034//913 1035//913 1036//913 1037//913 1038//913 1039//913 1040//913 1041//913 1042//913 1043//913 1044//913 1045//913 1046//913 1047//913 1048//913 1049//913 1050//913 1051//913 1052//913 1053//913
o Дом_Физической_Культуры
v -93.248779 0.000000 -153.092453
v -97.919373 0.000000 -154.070999
v -97.106567 0.000000 -158.089813
v -104.463501 0.000000 -159.379456
v -101.179565 0.000000 -178.104141
v -141.313599 0.000000 -184.796661
v -142.571838 0.000000 -178.907593
v -161.057129 0.000000 -147.723053
v -120.935791 0.000000 -124.443703
v -119.554138 0.000000 -126.714928
v -116.276611 0.000000 -124.756432
v -100.849915 0.000000 -149.906982
v -93.248779 13.506522 -153.092453
v -97.919373 13.506522 -154.070999
v -97.106567 13.506522 -158.089813
v -104.463501 13.506522 -159.379456
v -101.179565 13.506522 -178.104141
v -141.313599 13.506522 -184.796661
v -142.571838 13.506522 -178.907593
v -161.057129 13.506522 -147.723053
v -120.935791 13.506522 -124.443703
v -119.554138 13.506522 -126.714928
v -116.276611 13.506522 -124.756432
v -100.849915 13.506522 -149.906982
vn 0.3865 -0.0000 0.9223
vn 0.2051 -0.0000 -0.9787
vn 0.9802 -0.0000 0.1982
vn 0.1727 -0.0000 -0.9850
vn 0.9850 -0.0000 0.1727
vn 0.1645 -0.0000 -0.9864
vn -0.9779 -0.0000 -0.2089
vn -0.8602 -0.0000 -0.5099
vn -0.5019 -0.0000 0.8649
vn 0.8543 -0.0000 0.5197
vn -0.5129 -0.0000 0.8584
vn 0.8524 -0.0000 0.5229
vn -0.0000 1.0000 -0.0000
s 0
usemtl wall
f 1065//914 1054//914 1066//914 1077//914
f 1054//915 1055//915 1067//915 1066//915
f 1055//916 1056//916 1068//916 1067//916
f 1056//917 1057//917 1069//917 1068//917
f 1057//918 1058//918 1070//918 1069//918
f 1058//919 1059//919 1071//919 1070//919
f 1059//920 1060//920 1072//920 1071//920
f 1060//921 1061//921 1073//921 1072//921
f 1061//922 1062//922 1074//922 1073//922
f 1062//923 1063//923 1075//923 1074//923
f 1063//924 1064//924 1076//924 1075//924
f 1064//925 1065//925 1077//925 1076//925
usemtl roof
f 1066//926 1067//926 1068//926 1069//926 1070//926 1071//926 1072//926 1073//926 1074//926 1075//926 1076//926 1077//926
o element.003
v -224.303833 0.000000 -98.607231
v -219.746826 0.000000 -108.715927
v -217.188477 0.000000 -107.670029
v -217.957275 0.000000 -105.844238
v -214.624146 0.000000 -104.386604
v -208.284851 0.000000 -120.117294
v -211.172058 0.000000 -121.519348
v -209.183289 0.000000 -126.050453
v -216.328796 0.000000 -128.976746
v -217.053040 0.000000 -127.362473
v -229.025391 0.000000 -132.503113
v -246.930054 0.000000 -90.910736
v -223.436646 0.000000 -81.364014
v -220.718079 0.000000 -87.576164
v -200.596558 0.000000 -78.741379
v -212.295166 0.000000 -51.365585
v -184.395020 0.000000 -52.172691
v -184.450134 0.000000 -49.144791
v -177.901428 0.000000 -49.468964
v -178.007935 0.000000 -52.418907
v -164.432312 0.000000 -57.831863
v -153.654785 0.000000 -64.223885
v -142.627075 0.000000 -73.510292
v -130.619690 0.000000 -87.817467
v -118.028687 0.000000 -109.104538
v -116.206055 0.000000 -108.247780
v -114.239380 0.000000 -111.521011
v -116.206909 0.000000 -112.288681
v -110.496338 0.000000 -121.373627
v -119.554138 0.000000 -126.714935
v -142.925659 0.000000 -88.226669
v -152.805054 0.000000 -78.116737
v -162.746277 0.000000 -70.511513
v -174.387817 0.000000 -64.698196
v -177.376587 0.000000 -71.655045
v -180.024841 0.000000 -76.073883
v -183.475464 0.000000 -79.791245
v -187.867920 0.000000 -83.040878
v -191.730713 0.000000 -85.233086
v -190.650024 0.000000 -87.994034
v -197.901550 0.000000 -91.042725
v -199.232971 0.000000 -87.958900
v -224.303833 14.728085 -98.607231
v -219.746826 14.728085 -108.715927
v -217.188477 14.728085 -107.670029
v -217.957275 14.728085 -105.844238
v -214.624146 14.728085 -104.386604
v -208.284851 14.728085 -120.117294
v -211.172058 14.728085 -121.519348
v -209.183289 14.728085 -126.050453
v -216.328796 14.728085 -128.976746
v -217.053040 14.728085 -127.362473
v -229.025391 14.728085 -132.503113
v -246.930054 14.728085 -90.910736
v -223.436646 14.728085 -81.364014
v -220.718079 14.728085 -87.576164
v -200.596558 14.728085 -78.741379
v -212.295166 14.728085 -51.365585
v -184.395020 14.728085 -52.172691
v -184.450134 14.728085 -49.144791
v -177.901428 14.728085 -49.468964
v -178.007935 14.728085 -52.418907
v -164.432312 14.728085 -57.831863
v -153.654785 14.728085 -64.223885
v -142.627075 14.728085 -73.510292
v -130.619690 14.728085 -87.817467
v -118.028687 14.728085 -109.104538
v -116.206055 14.728085 -108.247780
v -114.239380 14.728085 -111.521011
v -116.206909 14.728085 -112.288681
v -110.496338 14.728085 -121.373627
v -119.554138 14.728085 -126.714935
v -142.925659 14.728085 -88.226669
v -152.805054 14.728085 -78.116737
v -162.746277 14.728085 -70.511513
v -174.387817 14.728085 -64.698196
v -177.376587 14.728085 -71.655045
v -180.024841 14.728085 -76.073883
v -183.475464 14.728085 -79.791245
v -187.867920 14.728085 -83.040878
v -191.730713 14.728085 -85.233086
v -190.650024 14.728085 -87.994034
v -197.901550 14.728085 -91.042725
v -199.232971 14.728085 -87.958900
vn 0.3909 -0.0000 -0.9204
vn 0.9116 -0.0000 0.4110
vn -0.3784 -0.0000 0.9256
vn -0.9216 -0.0000 -0.3881
vn -0.4007 -0.0000 0.9162
vn 0.9275 -0.0000 0.3738
vn 0.4368 -0.0000 -0.8995
vn 0.9157 -0.0000 0.4019
vn 0.3790 -0.0000 -0.9254
vn -0.9124 -0.0000 -0.4093
vn 0.3945 -0.0000 -0.9189
vn -0.9185 -0.0000 -0.3954
vn -0.3765 -0.0000 0.9264
vn 0.9161 -0.0000 0.4009
vn -0.4020 -0.0000 0.9156
vn -0.9196 -0.0000 -0.3930
vn 0.0289 -0.0000 0.9996
vn -0.9998 -0.0000 -0.0182
vn 0.0494 -0.0000 0.9988
vn 0.9993 -0.0000 -0.0361
vn 0.3704 -0.0000 0.9289
vn 0.5101 -0.0000 0.8601
vn 0.6441 -0.0000 0.7649
vn 0.7660 -0.0000 0.6429
vn 0.8607 -0.0000 0.5091
vn -0.4254 -0.0000 0.9050
vn 0.8572 -0.0000 0.5150
vn 0.3635 -0.0000 -0.9316
vn 0.8466 -0.0000 0.5322
vn 0.5080 -0.0000 -0.8614
vn -0.8548 -0.0000 -0.5190
vn -0.7152 -0.0000 -0.6989
vn -0.6076 -0.0000 -0.7942
vn -0.4468 -0.0000 -0.8947
vn 0.9188 -0.0000 -0.3947
vn 0.8578 -0.0000 -0.5141
vn 0.7329 -0.0000 -0.6803
vn 0.5948 -0.0000 -0.8039
vn 0.4936 -0.0000 -0.8697
vn 0.9312 -0.0000 0.3645
vn 0.3876 -0.0000 -0.9218
vn -0.9181 -0.0000 -0.3964
vn -0.0000 1.0000 -0.0000
s 0
usemtl wall
f 1119//927 1078//927 1120//927 1161//927
f 1078//928 1079//928 1121//928 1120//928
f 1079//929 1080//929 1122//929 1121//929
f 1080//930 1081//930 1123//930 1122//930
f 1081//931 1082//931 1124//931 1123//931
f 1082//932 1083//932 1125//932 1124//932
f 1083//933 1084//933 1126//933 1125//933
f 1084//934 1085//934 1127//934 1126//934
f 1085//935 1086//935 1128//935 1127//935
f 1086//936 1087//936 1129//936 1128//936
f 1087//937 1088//937 1130//937 1129//937
f 1088//938 1089//938 1131//938 1130//938
f 1089//939 1090//939 1132//939 1131//939
f 1090//940 1091//940 1133//940 1132//940
f 1091//941 1092//941 1134//941 1133//941
f 1092//942 1093//942 1135//942 1134//942
f 1093//943 1094//943 1136//943 1135//943
f 1094//944 1095//944 1137//944 1136//944
f 1095//945 1096//945 1138//945 1137//945
f 1096//946 1097//946 1139//946 1138//946
f 1097//947 1098//947 1140//947 1139//947
f 1098//948 1099//948 1141//948 1140//948
f 1099//949 1100//949 1142//949 1141//949
f 1100//950 1101//950 1143//950 1142//950
f 1101//951 1102//951 1144//951 1143//951
f 1102//952 1103//952 1145//952 1144//952
f 1103//953 1104//953 1146//953 1145//953
f 1104//954 1105//954 1147//954 1146//954
f 1105//955 1106//955 1148//955 1147//955
f 1106//956 1107//956 1149//956 1148//956
f 1107//957 1108//957 1150//957 1149//957
f 1108//958 1109//958 1151//958 1150//958
f 1109//959 1110//959 1152//959 1151//959
f 1110//960 1111//960 1153//960 1152//960
f 1111//961 1112//961 1154//961 1153//961
f 1112//962 1113//962 1155//962 1154//962
f 1113//963 1114//963 1156//963 1155//963
f 1114//964 1115//964 1157//964 1156//964
f 1115//965 1116//965 1158//965 1157//965
f 1116//966 1117//966 1159//966 1158//966
f 1117//967 1118//967 1160//967 1159//967
f 1118//968 1119//968 1161//968 1160//968
usemtl roof
f 1120//969 1121//969 1122//969 1123//969 1124//969 1125//969 1126//969 1127//969 1128//969 1129//969 1130//969 1131//969 1132//969 1133//969 1134//969 1135//969 1136//969 1137//969 1138//969 1139//969 1140//969 1141//969 1142//969 1143//969 1144//969 1145//969 1146//969 1147//969 1148//969 1149//969 1150//969 1151//969 1152//969 1153//969 1154//969 1155//969 1156//969 1157//969 1158//969 1159//969 1160//969 1161//969
o element.004
v -118.309570 0.000000 106.265343
v -105.302185 0.000000 99.839302
v -111.497375 0.000000 86.938759
v -109.123291 0.000000 85.702583
v -106.920776 0.000000 89.965614
v -91.662109 0.000000 81.869225
v -93.909241 0.000000 77.773170
v -91.395813 0.000000 76.503563
v -84.682190 0.000000 89.671104
v -70.961609 0.000000 82.877403
v -91.140747 0.000000 46.480629
v -97.565552 0.000000 52.938637
v -93.723755 0.000000 60.062202
v -110.291992 0.000000 68.670967
v -129.918884 0.000000 83.391762
v -118.309570 16.285522 106.265343
v -105.302185 16.285522 99.839302
v -111.497375 16.285522 86.938759
v -109.123291 16.285522 85.702583
v -106.920776 16.285522 89.965614
v -91.662109 16.285522 81.869225
v -93.909241 16.285522 77.773170
v -91.395813 16.285522 76.503563
v -84.682190 16.285522 89.671104
v -70.961609 16.285522 82.877403
v -91.140747 16.285522 46.480629
v -97.565552 16.285522 52.938637
v -93.723755 16.285522 60.062202
v -110.291992 16.285522 68.670967
v -129.918884 16.285522 83.391762
vn -0.8917 -0.0000 0.4526
vn 0.4429 -0.0000 0.8966
vn 0.9014 -0.0000 -0.4329
vn 0.4618 -0.0000 0.8870
vn -0.8884 -0.0000 0.4590
vn 0.4687 -0.0000 0.8834
vn 0.8767 -0.0000 -0.4810
vn 0.4509 -0.0000 0.8926
vn -0.8909 -0.0000 0.4542
vn 0.4437 -0.0000 0.8962
vn 0.8746 -0.0000 -0.4849
vn -0.7089 -0.0000 -0.7053
vn -0.8802 -0.0000 0.4747
vn -0.4611 -0.0000 -0.8874
vn -0.6000 -0.0000 -0.8000
vn -0.0000 1.0000 -0.0000
s 0
usemtl wall
f 1176//970 1162//970 1177//970 1191//970
f 1162//971 1163//971 1178//971 1177//971
f 1163//972 1164//972 1179//972 1178//972
f 1164//973 1165//973 1180//973 1179//973
f 1165//974 1166//974 1181//974 1180//974
f 1166//975 1167//975 1182//975 1181//975
f 1167//976 1168//976 1183//976 1182//976
f 1168//977 1169//977 1184//977 1183//977
f 1169//978 1170//978 1185//978 1184//978
f 1170//979 1171//979 1186//979 1185//979
f 1171//980 1172//980 1187//980 1186//980
f 1172//981 1173//981 1188//981 1187//981
f 1173//982 1174//982 1189//982 1188//982
f 1174//983 1175//983 1190//983 1189//983
f 1175//984 1176//984 1191//984 1190//984
usemtl roof
f 1177//985 1178//985 1179//985 1180//985 1181//985 1182//985 1183//985 1184//985 1185//985 1186//985 1187//985 1188//985 1189//985 1190//985 1191//985
o Музей_политической_истории_России
v -102.179565 7.973249 130.484863
v -102.887939 7.973249 128.347687
v -105.061829 7.973249 127.602333
v -107.123840 7.973249 128.615814
v -107.351990 7.973249 130.374695
v -106.426331 7.973249 132.099945
v -105.361694 7.973249 132.355743
v -104.380737 7.973249 132.466827
v -102.469177 7.973249 131.542450
v -102.179565 11.162548 130.484863
v -102.887939 11.162548 128.347687
v -105.061829 11.162548 127.602333
v -107.123840 11.162548 128.615814
v -107.351990 11.162548 130.374695
v -106.426331 11.162548 132.099945
v -105.361694 11.162548 132.355743
v -104.380737 11.162548 132.466827
v -102.469177 11.162548 131.542450
v -104.706314 16.066475 129.966873
v -104.611664 15.781946 129.519363
v -104.524437 15.319897 129.106934
v -104.447983 14.698082 128.745438
v -104.385239 13.940399 128.448776
v -104.338608 13.075965 128.228333
v -104.309898 12.138000 128.092575
v -104.300201 11.162548 128.046738
v -104.611664 16.066475 129.993866
v -104.426010 15.781946 129.572327
v -104.254898 15.319897 129.183838
v -104.104919 14.698082 128.843307
v -103.981842 13.940399 128.563858
v -103.890381 13.075965 128.356201
v -103.834061 12.138000 128.228333
v -103.815048 11.162548 128.185150
v -104.524437 16.066475 130.037720
v -104.254898 15.781946 129.658340
v -104.006493 15.319897 129.308701
v -103.788757 14.698082 129.002243
v -103.610077 13.940399 128.750748
v -103.477295 13.075965 128.563858
v -103.395538 12.138000 128.448776
v -103.367920 11.162548 128.409912
v -104.447983 16.066475 130.096725
v -104.104919 15.781946 129.774094
v -103.788757 15.319897 129.476761
v -103.511642 14.698082 129.216125
v -103.284218 13.940399 129.002243
v -103.115219 13.075965 128.843307
v -103.011154 12.138000 128.745438
v -102.976021 11.162548 128.712402
v -104.385239 16.066475 130.168640
v -103.981842 15.781946 129.915146
v -103.610077 15.319897 129.681519
v -103.284218 14.698082 129.476761
v -103.016792 13.940399 129.308701
v -102.818077 13.075965 129.183838
v -102.695709 12.138000 129.106934
v -102.654388 11.162548 129.080978
v -104.338608 16.066475 130.250671
v -103.890381 15.781946 130.076065
v -103.477295 15.319897 129.915146
v -103.115219 14.698082 129.774094
v -102.818077 13.940399 129.658340
v -102.597275 13.075965 129.572327
v -102.461311 12.138000 129.519363
v -102.415398 11.162548 129.501480
v -104.309898 16.066475 130.339691
v -103.834061 15.781946 130.250671
v -103.395538 15.319897 130.168640
v -103.011154 14.698082 130.096725
v -102.695709 13.940399 130.037720
v -102.461311 13.075965 129.993866
v -102.316971 12.138000 129.966873
v -102.268234 11.162548 129.957748
v -104.300201 16.066475 130.432266
v -103.815048 15.781946 130.432266
v -103.367920 15.319897 130.432266
v -102.976021 14.698082 130.432266
v -102.654388 13.940399 130.432266
v -102.415398 13.075965 130.432266
v -102.268234 12.138000 130.432266
v -102.218536 11.162548 130.432266
v -104.309898 16.066475 130.524826
v -103.834061 15.781946 130.613846
v -103.395538 15.319897 130.695877
v -103.011154 14.698082 130.767792
v -102.695709 13.940399 130.826797
v -102.461311 13.075965 130.870651
v -102.316971 12.138000 130.897644
v -102.268234 11.162548 130.906769
v -104.338608 16.066475 130.613846
v -103.890381 15.781946 130.788452
v -103.477295 15.319897 130.949371
v -103.115219 14.698082 131.090424
v -102.818077 13.940399 131.206177
v -102.597275 13.075965 131.292191
v -102.461311 12.138000 131.345154
v -102.415398 11.162548 131.363037
v -104.385239 16.066475 130.695877
v -103.981842 15.781946 130.949371
v -103.610077 15.319897 131.182999
v -103.284218 14.698082 131.387756
v -103.016792 13.940399 131.555817
v -102.818077 13.075965 131.680679
v -102.695709 12.138000 131.757584
v -102.654388 11.162548 131.783539
v -104.447983 16.066475 130.767792
v -104.104919 15.781946 131.090424
v -103.788757 15.319897 131.387756
v -103.511642 14.698082 131.648376
v -103.284218 13.940399 131.862274
v -103.115219 13.075965 132.021210
v -103.011154 12.138000 132.119080
v -102.976021 11.162548 132.152115
v -104.524437 16.066475 130.826797
v -104.254898 15.781946 131.206177
v -104.006493 15.319897 131.555817
v -103.788757 14.698082 131.862274
v -103.610077 13.940399 132.113770
v -103.477295 13.075965 132.300659
v -103.395538 12.138000 132.415741
v -103.367928 11.162548 132.454605
v -104.611664 16.066475 130.870651
v -104.426010 15.781946 131.292191
v -104.254898 15.319897 131.680679
v -104.104919 14.698082 132.021210
v -103.981842 13.940399 132.300659
v -103.890381 13.075965 132.508316
v -103.834061 12.138000 132.636185
v -103.815048 11.162548 132.679367
v -104.706314 16.066475 130.897644
v -104.611664 15.781946 131.345154
v -104.524437 15.319897 131.757584
v -104.447983 14.698082 132.119080
v -104.385239 13.940399 132.415741
v -104.338608 13.075965 132.636185
v -104.309898 12.138000 132.771942
v -104.300201 11.162548 132.817780
v -104.804749 16.066475 130.906769
v -104.804749 15.781946 131.363037
v -104.804749 15.319897 131.783539
v -104.804749 14.698082 132.152115
v -104.804749 13.940399 132.454605
v -104.804749 13.075965 132.679367
v -104.804749 12.138000 132.817780
v -104.804749 11.162548 132.864502
v -104.903183 16.066475 130.897644
v -104.997833 15.781946 131.345154
v -105.085060 15.319897 131.757584
v -105.161514 14.698082 132.119080
v -105.224258 13.940399 132.415741
v -105.270889 13.075965 132.636185
v -105.299599 12.138000 132.771942
v -105.309296 11.162548 132.817780
v -104.997833 16.066475 130.870651
v -105.183487 15.781946 131.292191
v -105.354599 15.319897 131.680679
v -105.504578 14.698082 132.021210
v -105.627655 13.940399 132.300659
v -105.719116 13.075965 132.508316
v -105.775436 12.138000 132.636185
v -105.794449 11.162548 132.679367
v -104.804749 16.162548 130.432266
v -105.085060 16.066475 130.826797
v -105.354599 15.781946 131.206177
v -105.603004 15.319897 131.555817
v -105.820740 14.698082 131.862274
v -105.999420 13.940399 132.113770
v -106.132202 13.075965 132.300659
v -106.213959 12.138000 132.415741
v -106.241570 11.162548 132.454605
v -105.161514 16.066475 130.767792
v -105.504578 15.781946 131.090424
v -105.820740 15.319897 131.387756
v -106.097855 14.698082 131.648376
v -106.325279 13.940399 131.862274
v -106.494278 13.075965 132.021210
v -106.598343 12.138000 132.119080
v -106.633476 11.162548 132.152115
v -105.224258 16.066475 130.695877
v -105.627655 15.781946 130.949371
v -105.999420 15.319897 131.182999
v -106.325279 14.698082 131.387756
v -106.592705 13.940399 131.555817
v -106.791420 13.075965 131.680679
v -106.913788 12.138000 131.757584
v -106.955109 11.162548 131.783539
v -105.270889 16.066475 130.613846
v -105.719116 15.781946 130.788452
v -106.132202 15.319897 130.949371
v -106.494278 14.698082 131.090424
v -106.791420 13.940399 131.206177
v -107.012222 13.075965 131.292191
v -107.148186 12.138000 131.345154
v -107.194092 11.162548 131.363037
v -105.299599 16.066475 130.524826
v -105.775436 15.781946 130.613846
v -106.213959 15.319897 130.695877
v -106.598343 14.698082 130.767792
v -106.913788 13.940399 130.826797
v -107.148186 13.075965 130.870651
v -107.292526 12.138000 130.897644
v -107.341263 11.162548 130.906769
v -105.309296 16.066475 130.432266
v -105.794449 15.781946 130.432266
v -106.241570 15.319897 130.432266
v -106.633476 14.698082 130.432251
v -106.955109 13.940399 130.432251
v -107.194092 13.075965 130.432266
v -107.341263 12.138000 130.432251
v -107.390961 11.162548 130.432251
v -105.299599 16.066475 130.339691
v -105.775436 15.781946 130.250671
v -106.213959 15.319897 130.168640
v -106.598343 14.698082 130.096725
v -106.913788 13.940399 130.037720
v -107.148186 13.075965 129.993866
v -107.292526 12.138000 129.966873
v -107.341263 11.162548 129.957748
v -105.270889 16.066475 130.250671
v -105.719116 15.781946 130.076065
v -106.132202 15.319897 129.915146
v -106.494278 14.698082 129.774094
v -106.791412 13.940399 129.658340
v -107.012222 13.075965 129.572327
v -107.148186 12.138000 129.519363
v -107.194092 11.162548 129.501480
v -105.224258 16.066475 130.168640
v -105.627655 15.781946 129.915146
v -105.999420 15.319897 129.681519
v -106.325279 14.698082 129.476761
v -106.592705 13.940399 129.308701
v -106.791420 13.075965 129.183838
v -106.913788 12.138000 129.106934
v -106.955109 11.162548 129.080978
v -105.161514 16.066475 130.096725
v -105.504578 15.781946 129.774094
v -105.820740 15.319897 129.476761
v -106.097855 14.698082 129.216141
v -106.325279 13.940399 129.002243
v -106.494278 13.075965 128.843323
v -106.598335 12.138000 128.745453
v -106.633476 11.162548 128.712402
v -105.085060 16.066475 130.037720
v -105.354599 15.781946 129.658340
v -105.603004 15.319897 129.308701
v -105.820740 14.698082 129.002243
v -105.999420 13.940399 128.750748
v -106.132202 13.075965 128.563858
v -106.213959 12.138000 128.448776
v -106.241570 11.162548 128.409912
v -104.997833 16.066475 129.993866
v -105.183487 15.781946 129.572327
v -105.354599 15.319897 129.183838
v -105.504578 14.698082 128.843323
v -105.627655 13.940399 128.563858
v -105.719116 13.075965 128.356201
v -105.775436 12.138000 128.228333
v -105.794449 11.162548 128.185150
v -104.903183 16.066475 129.966873
v -104.997833 15.781946 129.519363
v -105.085060 15.319897 129.106934
v -105.161514 14.698082 128.745453
v -105.224258 13.940399 128.448776
v -105.270889 13.075965 128.228333
v -105.299599 12.138000 128.092575
v -105.309296 11.162548 128.046738
v -104.804749 16.066475 129.957748
v -104.804749 15.781946 129.501480
v -104.804749 15.319897 129.080978
v -104.804749 14.698082 128.712402
v -104.804749 13.940399 128.409912
v -104.804749 13.075965 128.185150
v -104.804749 12.138000 128.046753
v -104.804749 11.162548 128.000015
vn 0.9645 -0.0000 0.2641
vn 0.9492 -0.0000 -0.3146
vn 0.3243 -0.0000 -0.9459
vn -0.4411 -0.0000 -0.8975
vn -0.9917 -0.0000 -0.1286
vn -0.8812 -0.0000 0.4728
vn -0.2336 -0.0000 0.9723
vn -0.1125 -0.0000 0.9936
vn 0.4353 -0.0000 0.9003
vn -0.0000 0.3107 -0.9505
vn -0.0000 0.4399 -0.8981
vn 0.1653 0.4406 -0.8823
vn 0.1750 0.3113 -0.9340
vn -0.0000 0.1985 -0.9801
vn 0.1805 0.1989 -0.9633
vn -0.0000 0.0968 -0.9953
vn 0.1833 0.0970 -0.9783
vn -0.0000 0.0479 -0.9989
vn 0.1839 0.0480 -0.9818
vn -0.0000 0.9255 -0.3787
vn -0.0000 1.0000 -0.0000
vn 0.0694 0.9258 -0.3716
vn -0.0000 0.7641 -0.6451
vn 0.1185 0.7648 -0.6333
vn -0.0000 0.5917 -0.8061
vn 0.1483 0.5925 -0.7918
vn 0.2920 0.5949 -0.7489
vn 0.3258 0.4428 -0.8353
vn 0.3452 0.3131 -0.8848
vn 0.3561 0.2001 -0.9128
vn 0.3617 0.0976 -0.9272
vn 0.3630 0.0483 -0.9305
vn 0.1363 0.9265 -0.3507
vn 0.2331 0.7666 -0.5983
vn 0.5301 0.0985 -0.8422
vn 0.5320 0.0487 -0.8453
vn 0.1984 0.9276 -0.3165
vn 0.3399 0.7695 -0.5408
vn 0.4266 0.5984 -0.6782
vn 0.4766 0.4462 -0.7575
vn 0.5054 0.3158 -0.8030
vn 0.5217 0.2019 -0.8289
vn 0.6122 0.4502 -0.6500
vn 0.6498 0.3190 -0.6899
vn 0.6712 0.2042 -0.7126
vn 0.6822 0.0996 -0.7243
vn 0.6848 0.0493 -0.7270
vn 0.2533 0.9289 -0.2700
vn 0.4348 0.7728 -0.4622
vn 0.5470 0.6027 -0.5810
vn 0.2989 0.9302 -0.2129
vn 0.5139 0.7763 -0.3651
vn 0.6480 0.6071 -0.4599
vn 0.7265 0.4544 -0.5155
vn 0.7721 0.3224 -0.5477
vn 0.7981 0.2064 -0.5661
vn 0.8115 0.1008 -0.5756
vn 0.8146 0.0499 -0.5779
vn 0.8137 0.4580 -0.3579
vn 0.8656 0.3253 -0.3807
vn 0.8953 0.2085 -0.3937
vn 0.9107 0.1018 -0.4004
vn 0.9142 0.0504 -0.4020
vn 0.3331 0.9314 -0.1470
vn 0.5736 0.7792 -0.2526
vn 0.7247 0.6108 -0.3189
vn 0.3542 0.9321 -0.0751
vn 0.6108 0.7812 -0.1292
vn 0.7727 0.6134 -0.1633
vn 0.8685 0.4604 -0.1834
vn 0.9245 0.3273 -0.1952
vn 0.9566 0.2098 -0.2020
vn 0.9733 0.1025 -0.2055
vn 0.9772 0.0508 -0.2063
vn 0.9447 0.3280 -0.0000
vn 0.9776 0.2103 -0.0000
vn 0.9947 0.1027 -0.0000
vn 0.9987 0.0509 -0.0000
vn 0.3614 0.9324 -0.0000
vn 0.6234 0.7819 -0.0000
vn 0.7891 0.6143 -0.0000
vn 0.8872 0.4613 -0.0000
vn 0.6108 0.7812 0.1292
vn 0.7727 0.6134 0.1633
vn 0.8685 0.4604 0.1834
vn 0.9245 0.3273 0.1952
vn 0.9566 0.2098 0.2020
vn 0.9733 0.1025 0.2055
vn 0.9772 0.0508 0.2063
vn 0.3542 0.9321 0.0751
vn 0.8953 0.2085 0.3937
vn 0.9107 0.1018 0.4004
vn 0.9142 0.0504 0.4020
vn 0.3330 0.9314 0.1470
vn 0.5736 0.7792 0.2526
vn 0.7247 0.6108 0.3189
vn 0.8137 0.4580 0.3579
vn 0.8656 0.3253 0.3807
vn 0.5139 0.7763 0.3651
vn 0.6480 0.6071 0.4599
vn 0.7265 0.4544 0.5155
vn 0.7721 0.3224 0.5477
vn 0.7981 0.2064 0.5661
vn 0.8115 0.1008 0.5756
vn 0.8146 0.0499 0.5779
vn 0.2989 0.9302 0.2129
vn 0.6712 0.2042 0.7126
vn 0.6822 0.0996 0.7243
vn 0.6848 0.0493 0.7270
vn 0.2533 0.9289 0.2700
vn 0.4348 0.7728 0.4622
vn 0.5470 0.6027 0.5810
vn 0.6122 0.4502 0.6500
vn 0.6498 0.3190 0.6899
vn 0.4266 0.5984 0.6782
vn 0.4766 0.4462 0.7575
vn 0.5054 0.3158 0.8030
vn 0.5217 0.2019 0.8289
vn 0.5301 0.0985 0.8422
vn 0.5320 0.0487 0.8453
vn 0.1984 0.9276 0.3165
vn 0.3399 0.7695 0.5408
vn 0.3617 0.0976 0.9272
vn 0.3630 0.0483 0.9305
vn 0.1363 0.9265 0.3507
vn 0.2331 0.7666 0.5983
vn 0.2920 0.5949 0.7489
vn 0.3258 0.4428 0.8353
vn 0.3452 0.3131 0.8848
vn 0.3561 0.2001 0.9128
vn 0.1483 0.5925 0.7918
vn 0.1653 0.4406 0.8823
vn 0.1750 0.3113 0.9340
vn 0.1805 0.1989 0.9633
vn 0.1833 0.0970 0.9783
vn 0.1839 0.0480 0.9818
vn 0.0694 0.9258 0.3716
vn 0.1185 0.7648 0.6333
vn -0.0000 0.0968 0.9953
vn -0.0000 0.0479 0.9989
vn -0.0000 0.9255 0.3787
vn -0.0000 0.7641 0.6451
vn -0.0000 0.5917 0.8061
vn -0.0000 0.4399 0.8981
vn -0.0000 0.3107 0.9505
vn -0.0000 0.1985 0.9801
vn -0.1653 0.4406 0.8823
vn -0.1750 0.3113 0.9340
vn -0.1805 0.1989 0.9633
vn -0.1833 0.0970 0.9783
vn -0.1839 0.0480 0.9818
vn -0.0694 0.9258 0.3716
vn -0.1185 0.7648 0.6333
vn -0.1483 0.5925 0.7918
vn -0.1363 0.9265 0.3507
vn -0.2331 0.7666 0.5983
vn -0.2920 0.5949 0.7489
vn -0.3258 0.4428 0.8353
vn -0.3452 0.3131 0.8848
vn -0.3561 0.2001 0.9128
vn -0.3617 0.0976 0.9272
vn -0.3630 0.0483 0.9305
vn -0.5054 0.3158 0.8030
vn -0.5217 0.2019 0.8289
vn -0.5301 0.0985 0.8422
vn -0.5320 0.0487 0.8453
vn -0.1984 0.9276 0.3165
vn -0.3399 0.7695 0.5408
vn -0.4266 0.5984 0.6782
vn -0.4766 0.4462 0.7575
vn -0.2533 0.9289 0.2700
vn -0.4348 0.7728 0.4622
vn -0.5470 0.6027 0.5810
vn -0.6122 0.4502 0.6500
vn -0.6498 0.3190 0.6899
vn -0.6712 0.2042 0.7126
vn -0.6822 0.0996 0.7243
vn -0.6848 0.0493 0.7270
vn -0.7721 0.3224 0.5477
vn -0.7981 0.2065 0.5661
vn -0.8115 0.1008 0.5756
vn -0.8146 0.0499 0.5779
vn -0.2989 0.9302 0.2129
vn -0.5139 0.7763 0.3651
vn -0.6480 0.6071 0.4599
vn -0.7265 0.4544 0.5155
vn -0.5736 0.7792 0.2526
vn -0.7247 0.6108 0.3189
vn -0.8137 0.4580 0.3579
vn -0.8656 0.3253 0.3807
vn -0.8953 0.2085 0.3937
vn -0.9107 0.1018 0.4004
vn -0.9142 0.0504 0.4020
vn -0.3331 0.9314 0.1470
vn -0.9566 0.2098 0.2020
vn -0.9733 0.1025 0.2055
vn -0.9772 0.0508 0.2063
vn -0.3542 0.9321 0.0751
vn -0.6108 0.7812 0.1292
vn -0.7727 0.6134 0.1633
vn -0.8685 0.4604 0.1834
vn -0.9245 0.3273 0.1952
vn -0.6234 0.7819 -0.0000
vn -0.7891 0.6143 -0.0000
vn -0.8872 0.4613 -0.0000
vn -0.9447 0.3280 -0.0000
vn -0.9776 0.2103 -0.0000
vn -0.9947 0.1027 -0.0000
vn -0.9987 0.0509 -0.0000
vn -0.3614 0.9324 -0.0000
vn -0.9566 0.2098 -0.2020
vn -0.9733 0.1025 -0.2055
vn -0.9772 0.0508 -0.2063
vn -0.3542 0.9321 -0.0751
vn -0.6108 0.7812 -0.1292
vn -0.7727 0.6134 -0.1633
vn -0.8685 0.4604 -0.1834
vn -0.9245 0.3273 -0.1952
vn -0.7247 0.6108 -0.3189
vn -0.8137 0.4580 -0.3579
vn -0.8656 0.3253 -0.3807
vn -0.8953 0.2085 -0.3937
vn -0.9107 0.1018 -0.4004
vn -0.9142 0.0504 -0.4020
vn -0.3331 0.9314 -0.1470
vn -0.5736 0.7792 -0.2526
vn -0.8115 0.1008 -0.5756
vn -0.8146 0.0499 -0.5779
vn -0.2989 0.9302 -0.2129
vn -0.5139 0.7763 -0.3651
vn -0.6480 0.6071 -0.4599
vn -0.7265 0.4544 -0.5155
vn -0.7721 0.3224 -0.5477
vn -0.7981 0.2064 -0.5661
vn -0.6122 0.4502 -0.6500
vn -0.6498 0.3190 -0.6899
vn -0.6712 0.2042 -0.7126
vn -0.6822 0.0996 -0.7243
vn -0.6848 0.0493 -0.7270
vn -0.2533 0.9289 -0.2700
vn -0.4348 0.7728 -0.4622
vn -0.5470 0.6027 -0.5810
vn -0.1984 0.9276 -0.3165
vn -0.3399 0.7695 -0.5408
vn -0.4266 0.5984 -0.6782
vn -0.4766 0.4462 -0.7575
vn -0.5054 0.3158 -0.8030
vn -0.5217 0.2019 -0.8289
vn -0.5301 0.0985 -0.8422
vn -0.5320 0.0487 -0.8453
vn -0.3258 0.4428 -0.8353
vn -0.3452 0.3131 -0.8848
vn -0.3561 0.2001 -0.9128
vn -0.3617 0.0976 -0.9272
vn -0.3630 0.0483 -0.9305
vn -0.1363 0.9265 -0.3507
vn -0.2331 0.7666 -0.5983
vn -0.2920 0.5949 -0.7489
vn -0.0694 0.9258 -0.3716
vn -0.1185 0.7648 -0.6333
vn -0.1483 0.5925 -0.7918
vn -0.1653 0.4406 -0.8823
vn -0.1750 0.3113 -0.9340
vn -0.1805 0.1989 -0.9633
vn -0.1833 0.0970 -0.9783
vn -0.1839 0.0480 -0.9818
vt 0.000000 0.000000
vt 3.120031 0.587805
vt 3.107842 0.783460
vt 2.969225 0.783460
vt 2.957034 0.587805
vt 3.129088 0.391980
vt 2.947976 0.391980
vt 3.134665 0.196025
vt 2.942398 0.196025
vt 3.136549 0.000000
vt 2.940515 0.000000
vt 3.057658 1.369401
vt 3.038537 1.564501
vt 3.019413 1.369401
vt 3.076044 1.174231
vt 3.001025 1.174231
vt 3.092989 0.978931
vt 2.984078 0.978931
vt 2.911806 0.783460
vt 2.896953 0.978931
vt 2.788042 0.978931
vt 2.773189 0.783460
vt 2.923996 0.587805
vt 2.760999 0.587805
vt 2.933054 0.391980
vt 2.751942 0.391980
vt 2.938632 0.196025
vt 2.746364 0.196025
vt 2.744481 0.000000
vt 2.861620 1.369401
vt 2.842498 1.564501
vt 2.823375 1.369401
vt 2.880007 1.174231
vt 2.804988 1.174231
vt 2.742597 0.196025
vt 2.550329 0.196025
vt 2.548446 0.000000
vt 2.665586 1.369401
vt 2.646463 1.564501
vt 2.627341 1.369401
vt 2.683973 1.174231
vt 2.608954 1.174231
vt 2.700919 0.978931
vt 2.592008 0.978931
vt 2.715772 0.783460
vt 2.577155 0.783460
vt 2.727962 0.587805
vt 2.564965 0.587805
vt 2.737019 0.391980
vt 2.555907 0.391980
vt 2.531927 0.587805
vt 2.519737 0.783460
vt 2.381120 0.783460
vt 2.368931 0.587805
vt 2.540985 0.391980
vt 2.359873 0.391980
vt 2.546563 0.196025
vt 2.354295 0.196025
vt 2.352412 0.000000
vt 2.469551 1.369401
vt 2.450429 1.564501
vt 2.431307 1.369401
vt 2.487939 1.174231
vt 2.412919 1.174231
vt 2.504884 0.978931
vt 2.395973 0.978931
vt 2.273517 1.369401
vt 2.254395 1.564501
vt 2.235272 1.369401
vt 2.291904 1.174231
vt 2.216885 1.174231
vt 2.308850 0.978931
vt 2.199939 0.978931
vt 2.323703 0.783460
vt 2.185086 0.783460
vt 2.335893 0.587805
vt 2.172896 0.587805
vt 2.344951 0.391980
vt 2.163839 0.391980
vt 2.350528 0.196025
vt 2.158261 0.196025
vt 2.156378 0.000000
vt 2.139859 0.587805
vt 2.127669 0.783460
vt 1.989052 0.783460
vt 1.976862 0.587805
vt 2.148916 0.391980
vt 1.967804 0.391980
vt 2.154494 0.196025
vt 1.962227 0.196025
vt 1.960343 0.000000
vt 2.077482 1.369401
vt 2.058360 1.564501
vt 2.039238 1.369401
vt 2.095870 1.174231
vt 2.020851 1.174231
vt 2.112816 0.978931
vt 2.003905 0.978931
vt 1.899835 1.174231
vt 1.881448 1.369401
vt 1.843204 1.369401
vt 1.824816 1.174231
vt 1.916781 0.978931
vt 1.807871 0.978931
vt 1.931635 0.783460
vt 1.793017 0.783460
vt 1.943824 0.587805
vt 1.780828 0.587805
vt 1.952882 0.391980
vt 1.771770 0.391980
vt 1.958460 0.196025
vt 1.766192 0.196025
vt 1.764309 0.000000
vt 1.862326 1.564501
vt 1.756848 0.391980
vt 1.747790 0.587805
vt 1.584793 0.587805
vt 1.575736 0.391980
vt 1.762425 0.196025
vt 1.570158 0.196025
vt 1.568274 0.000000
vt 1.685414 1.369401
vt 1.666291 1.564501
vt 1.647169 1.369401
vt 1.703801 1.174231
vt 1.628782 1.174231
vt 1.720747 0.978931
vt 1.611836 0.978931
vt 1.735600 0.783460
vt 1.596983 0.783460
vt 1.524713 0.978931
vt 1.507767 1.174231
vt 1.432748 1.174231
vt 1.415802 0.978931
vt 1.539566 0.783460
vt 1.400949 0.783460
vt 1.551756 0.587805
vt 1.388759 0.587805
vt 1.560814 0.391980
vt 1.379701 0.391980
vt 1.566391 0.196025
vt 1.374124 0.196025
vt 1.372240 0.000000
vt 1.489380 1.369401
vt 1.470257 1.564501
vt 1.451135 1.369401
vt 1.370357 0.196025
vt 1.364779 0.391980
vt 1.183667 0.391980
vt 1.178089 0.196025
vt 1.176206 0.000000
vt 1.293345 1.369401
vt 1.274222 1.564501
vt 1.255101 1.369401
vt 1.311733 1.174231
vt 1.236713 1.174231
vt 1.328678 0.978931
vt 1.219768 0.978931
vt 1.343532 0.783460
vt 1.204914 0.783460
vt 1.355721 0.587805
vt 1.192725 0.587805
vt 1.132644 0.978931
vt 1.115698 1.174231
vt 1.040679 1.174231
vt 1.023733 0.978931
vt 1.147497 0.783460
vt 1.008880 0.783460
vt 1.159687 0.587805
vt 0.996690 0.587805
vt 1.168745 0.391980
vt 0.987633 0.391980
vt 1.174322 0.196025
vt 0.982055 0.196025
vt 0.980172 0.000000
vt 1.097311 1.369401
vt 1.078188 1.564501
vt 1.059066 1.369401
vt 0.978288 0.196025
vt 0.972711 0.391980
vt 0.791598 0.391980
vt 0.786021 0.196025
vt 0.784137 0.000000
vt 0.901276 1.369401
vt 0.882154 1.564501
vt 0.863032 1.369401
vt 0.919664 1.174231
vt 0.844645 1.174231
vt 0.936610 0.978931
vt 0.827699 0.978931
vt 0.951463 0.783460
vt 0.812846 0.783460
vt 0.963653 0.587805
vt 0.800656 0.587805
vt 0.755429 0.783460
vt 0.740576 0.978931
vt 0.631665 0.978931
vt 0.616812 0.783460
vt 0.767618 0.587805
vt 0.604622 0.587805
vt 0.776676 0.391980
vt 0.595564 0.391980
vt 0.782254 0.196025
vt 0.589986 0.196025
vt 0.588103 0.000000
vt 0.705242 1.369401
vt 0.686120 1.564500
vt 0.666998 1.369401
vt 0.723630 1.174231
vt 0.648611 1.174231
vt 0.586220 0.196025
vt 0.393952 0.196025
vt 0.392069 0.000000
vt 0.509208 1.369401
vt 0.490085 1.564500
vt 0.470963 1.369401
vt 0.527595 1.174231
vt 0.452576 1.174231
vt 0.544541 0.978931
vt 0.435630 0.978931
vt 0.559394 0.783460
vt 0.420777 0.783460
vt 0.571584 0.587805
vt 0.408587 0.587805
vt 0.580642 0.391980
vt 0.399530 0.391980
vt 0.363360 0.783460
vt 0.348507 0.978931
vt 0.239596 0.978931
vt 0.224743 0.783460
vt 0.375550 0.587805
vt 0.212553 0.587805
vt 0.384608 0.391980
vt 0.203496 0.391980
vt 0.390185 0.196025
vt 0.197918 0.196025
vt 0.196034 0.000000
vt 0.313174 1.369401
vt 0.294051 1.564500
vt 0.274929 1.369401
vt 0.331561 1.174231
vt 0.256542 1.174231
vt 0.194151 0.196025
vt 0.001883 0.196025
vt 0.117139 1.369401
vt 0.098017 1.564500
vt 0.078895 1.369401
vt 0.135527 1.174231
vt 0.060508 1.174231
vt 0.152473 0.978931
vt 0.043562 0.978931
vt 0.167326 0.783460
vt 0.028709 0.783460
vt 0.179515 0.587805
vt 0.016519 0.587805
vt 0.188573 0.391980
vt 0.007461 0.391980
vt 6.256578 0.587805
vt 6.244389 0.783460
vt 6.105771 0.783460
vt 6.093582 0.587805
vt 6.265636 0.391980
vt 6.084524 0.391980
vt 6.271214 0.196025
vt 6.078946 0.196025
vt 6.273097 0.000000
vt 6.077063 0.000000
vt 6.194202 1.369401
vt 6.175079 1.564500
vt 6.155958 1.369401
vt 6.212589 1.174231
vt 6.137570 1.174231
vt 6.229535 0.978930
vt 6.120625 0.978930
vt 6.016555 1.174231
vt 5.998168 1.369401
vt 5.959923 1.369401
vt 5.941536 1.174231
vt 6.033501 0.978931
vt 5.924590 0.978931
vt 6.048354 0.783460
vt 5.909737 0.783460
vt 6.060544 0.587805
vt 5.897547 0.587805
vt 6.069602 0.391980
vt 5.888490 0.391980
vt 6.075179 0.196025
vt 5.882912 0.196025
vt 5.881028 0.000000
vt 5.979045 1.564500
vt 5.873568 0.391980
vt 5.864510 0.587805
vt 5.701513 0.587805
vt 5.692455 0.391980
vt 5.879145 0.196025
vt 5.686877 0.196025
vt 5.684994 0.000000
vt 5.802134 1.369401
vt 5.783011 1.564500
vt 5.763889 1.369401
vt 5.820521 1.174231
vt 5.745502 1.174231
vt 5.837467 0.978930
vt 5.728556 0.978930
vt 5.852320 0.783460
vt 5.713703 0.783460
vt 5.624486 1.174231
vt 5.606099 1.369401
vt 5.567854 1.369401
vt 5.549468 1.174231
vt 5.641432 0.978930
vt 5.532522 0.978930
vt 5.656285 0.783460
vt 5.517668 0.783460
vt 5.668475 0.587805
vt 5.505478 0.587805
vt 5.677533 0.391980
vt 5.496421 0.391980
vt 5.683111 0.196025
vt 5.490843 0.196025
vt 5.488960 0.000000
vt 5.586977 1.564500
vt 5.481499 0.391980
vt 5.472441 0.587805
vt 5.309444 0.587805
vt 5.300387 0.391980
vt 5.487076 0.196025
vt 5.294809 0.196025
vt 5.292925 0.000000
vt 5.410065 1.369401
vt 5.390943 1.564500
vt 5.371820 1.369401
vt 5.428452 1.174231
vt 5.353433 1.174231
vt 5.445398 0.978930
vt 5.336487 0.978930
vt 5.460251 0.783460
vt 5.321634 0.783460
vt 5.249364 0.978930
vt 5.232418 1.174231
vt 5.157399 1.174231
vt 5.140453 0.978930
vt 5.264217 0.783460
vt 5.125600 0.783460
vt 5.276407 0.587805
vt 5.113410 0.587805
vt 5.285464 0.391980
vt 5.104352 0.391980
vt 5.291042 0.196025
vt 5.098774 0.196025
vt 5.096891 0.000000
vt 5.214030 1.369401
vt 5.194908 1.564500
vt 5.175786 1.369401
vt 5.095008 0.196025
vt 5.089430 0.391980
vt 4.908318 0.391980
vt 4.902740 0.196025
vt 4.900857 0.000000
vt 5.017996 1.369401
vt 4.998874 1.564500
vt 4.979752 1.369401
vt 5.036384 1.174231
vt 4.961365 1.174231
vt 5.053329 0.978930
vt 4.944419 0.978930
vt 5.068182 0.783460
vt 4.929565 0.783460
vt 5.080372 0.587805
vt 4.917376 0.587805
vt 4.857295 0.978931
vt 4.840349 1.174231
vt 4.765330 1.174231
vt 4.748384 0.978931
vt 4.872149 0.783460
vt 4.733531 0.783460
vt 4.884338 0.587805
vt 4.721342 0.587805
vt 4.893396 0.391980
vt 4.712284 0.391980
vt 4.898973 0.196025
vt 4.706706 0.196025
vt 4.704823 0.000000
vt 4.821962 1.369401
vt 4.802840 1.564500
vt 4.783718 1.369401
vt 4.702939 0.196025
vt 4.697361 0.391980
vt 4.516250 0.391980
vt 4.510672 0.196025
vt 4.508789 0.000000
vt 4.625928 1.369401
vt 4.606806 1.564500
vt 4.587683 1.369401
vt 4.644315 1.174231
vt 4.569296 1.174231
vt 4.661261 0.978931
vt 4.552350 0.978931
vt 4.676114 0.783460
vt 4.537497 0.783460
vt 4.688304 0.587805
vt 4.525307 0.587805
vt 4.480080 0.783460
vt 4.465227 0.978931
vt 4.356316 0.978931
vt 4.341463 0.783460
vt 4.492270 0.587805
vt 4.329273 0.587805
vt 4.501328 0.391980
vt 4.320215 0.391980
vt 4.506905 0.196025
vt 4.314638 0.196025
vt 4.312754 0.000000
vt 4.429893 1.369401
vt 4.410771 1.564500
vt 4.391649 1.369401
vt 4.448281 1.174231
vt 4.373262 1.174231
vt 4.310871 0.196025
vt 4.118603 0.196025
vt 4.116720 0.000000
vt 4.233859 1.369401
vt 4.214737 1.564500
vt 4.195615 1.369401
vt 4.252246 1.174231
vt 4.177227 1.174231
vt 4.269193 0.978930
vt 4.160282 0.978930
vt 4.284046 0.783460
vt 4.145429 0.783460
vt 4.296235 0.587805
vt 4.133239 0.587805
vt 4.305293 0.391980
vt 4.124181 0.391980
vt 4.100201 0.587805
vt 4.088011 0.783460
vt 3.949394 0.783460
vt 3.937205 0.587805
vt 4.109259 0.391980
vt 3.928147 0.391980
vt 4.114837 0.196025
vt 3.922569 0.196025
vt 3.920686 0.000000
vt 4.037825 1.369401
vt 4.018703 1.564500
vt 3.999581 1.369401
vt 4.056212 1.174231
vt 3.981193 1.174231
vt 4.073158 0.978931
vt 3.964247 0.978931
vt 3.841791 1.369401
vt 3.822669 1.564500
vt 3.803546 1.369401
vt 3.860178 1.174231
vt 3.785159 1.174231
vt 3.877124 0.978931
vt 3.768213 0.978931
vt 3.891977 0.783460
vt 3.753360 0.783460
vt 3.904167 0.587805
vt 3.741170 0.587805
vt 3.913225 0.391980
vt 3.732113 0.391980
vt 3.918802 0.196025
vt 3.726535 0.196025
vt 3.724652 0.000000
vt 3.708133 0.587805
vt 3.695943 0.783460
vt 3.557326 0.783460
vt 3.545136 0.587805
vt 3.717191 0.391980
vt 3.536078 0.391980
vt 3.722768 0.196025
vt 3.530501 0.196025
vt 3.528617 0.000000
vt 3.645757 1.369401
vt 3.626635 1.564501
vt 3.607512 1.369401
vt 3.664144 1.174231
vt 3.589125 1.174231
vt 3.681090 0.978931
vt 3.572179 0.978931
vt 3.468110 1.174231
vt 3.449722 1.369401
vt 3.411478 1.369401
vt 3.393090 1.174231
vt 3.485055 0.978930
vt 3.376145 0.978930
vt 3.499909 0.783460
vt 3.361292 0.783460
vt 3.512098 0.587805
vt 3.349102 0.587805
vt 3.521156 0.391980
vt 3.340044 0.391980
vt 3.526734 0.196025
vt 3.334466 0.196025
vt 3.332583 0.000000
vt 3.430600 1.564500
vt 3.325122 0.391980
vt 3.316064 0.587805
vt 3.153068 0.587805
vt 3.144010 0.391980
vt 3.330700 0.196025
vt 3.138432 0.196025
vt 3.253688 1.369401
vt 3.234566 1.564501
vt 3.215444 1.369401
vt 3.272075 1.174231
vt 3.197056 1.174231
vt 3.289021 0.978931
vt 3.180111 0.978931
vt 3.303874 0.783460
vt 3.165257 0.783460
s 0
usemtl wall
f 1200/514/986 1192/514/986 1201/514/986 1209/514/986
f 1192/514/987 1193/514/987 1202/514/987 1201/514/987
f 1193/514/988 1194/514/988 1203/514/988 1202/514/988
f 1194/514/989 1195/514/989 1204/514/989 1203/514/989
f 1195/514/990 1196/514/990 1205/514/990 1204/514/990
f 1196/514/991 1197/514/991 1206/514/991 1205/514/991
f 1197/514/992 1198/514/992 1207/514/992 1206/514/992
f 1198/514/993 1199/514/993 1208/514/993 1207/514/993
f 1199/514/994 1200/514/994 1209/514/994 1208/514/994
s 1
usemtl roof
f 1463/515/995 1462/516/996 1213/517/997 1214/518/998
f 1464/519/999 1463/515/995 1214/518/998 1215/520/1000
f 1465/521/1001 1464/519/999 1215/520/1000 1216/522/1002
f 1466/523/1003 1465/521/1001 1216/522/1002 1217/524/1004
f 1459/525/1005 1354/526/1006 1210/527/1007
f 1460/528/1008 1459/525/1005 1210/527/1007 1211/529/1009
f 1461/530/1010 1460/528/1008 1211/529/1009 1212/531/1011
f 1462/516/996 1461/530/1010 1212/531/1011 1213/517/997
f 1213/532/997 1212/533/1011 1220/534/1012 1221/535/1013
f 1214/536/998 1213/532/997 1221/535/1013 1222/537/1014
f 1215/538/1000 1214/536/998 1222/537/1014 1223/539/1015
f 1216/540/1002 1215/538/1000 1223/539/1015 1224/541/1016
f 1217/524/1004 1216/540/1002 1224/541/1016 1225/542/1017
f 1210/543/1007 1354/544/1006 1218/545/1018
f 1211/546/1009 1210/543/1007 1218/545/1018 1219/547/1019
f 1212/533/1011 1211/546/1009 1219/547/1019 1220/534/1012
f 1225/542/1017 1224/548/1016 1232/549/1020 1233/550/1021
f 1218/551/1018 1354/552/1006 1226/553/1022
f 1219/554/1019 1218/551/1018 1226/553/1022 1227/555/1023
f 1220/556/1012 1219/554/1019 1227/555/1023 1228/557/1024
f 1221/558/1013 1220/556/1012 1228/557/1024 1229/559/1025
f 1222/560/1014 1221/558/1013 1229/559/1025 1230/561/1026
f 1223/562/1015 1222/560/1014 1230/561/1026 1231/563/1027
f 1224/548/1016 1223/562/1015 1231/563/1027 1232/549/1020
f 1230/564/1026 1229/565/1025 1237/566/1028 1238/567/1029
f 1231/568/1027 1230/564/1026 1238/567/1029 1239/569/1030
f 1232/570/1020 1231/568/1027 1239/569/1030 1240/571/1031
f 1233/550/1021 1232/570/1020 1240/571/1031 1241/572/1032
f 1226/573/1022 1354/574/1006 1234/575/1033
f 1227/576/1023 1226/573/1022 1234/575/1033 1235/577/1034
f 1228/578/1024 1227/576/1023 1235/577/1034 1236/579/1035
f 1229/565/1025 1228/578/1024 1236/579/1035 1237/566/1028
f 1234/580/1033 1354/581/1006 1242/582/1036
f 1235/583/1034 1234/580/1033 1242/582/1036 1243/584/1037
f 1236/585/1035 1235/583/1034 1243/584/1037 1244/586/1038
f 1237/587/1028 1236/585/1035 1244/586/1038 1245/588/1039
f 1238/589/1029 1237/587/1028 1245/588/1039 1246/590/1040
f 1239/591/1030 1238/589/1029 1246/590/1040 1247/592/1041
f 1240/593/1031 1239/591/1030 1247/592/1041 1248/594/1042
f 1241/572/1032 1240/593/1031 1248/594/1042 1249/595/1043
f 1246/596/1040 1245/597/1039 1253/598/1044 1254/599/1045
f 1247/600/1041 1246/596/1040 1254/599/1045 1255/601/1046
f 1248/602/1042 1247/600/1041 1255/601/1046 1256/603/1047
f 1249/595/1043 1248/602/1042 1256/603/1047 1257/604/1048
f 1242/605/1036 1354/606/1006 1250/607/1049
f 1243/608/1037 1242/605/1036 1250/607/1049 1251/609/1050
f 1244/610/1038 1243/608/1037 1251/609/1050 1252/611/1051
f 1245/597/1039 1244/610/1038 1252/611/1051 1253/598/1044
f 1251/612/1050 1250/613/1049 1258/614/1052 1259/615/1053
f 1252/616/1051 1251/612/1050 1259/615/1053 1260/617/1054
f 1253/618/1044 1252/616/1051 1260/617/1054 1261/619/1055
f 1254/620/1045 1253/618/1044 1261/619/1055 1262/621/1056
f 1255/622/1046 1254/620/1045 1262/621/1056 1263/623/1057
f 1256/624/1047 1255/622/1046 1263/623/1057 1264/625/1058
f 1257/604/1048 1256/624/1047 1264/625/1058 1265/626/1059
f 1250/613/1049 1354/627/1006 1258/614/1052
f 1263/628/1057 1262/629/1056 1270/630/1060 1271/631/1061
f 1264/632/1058 1263/628/1057 1271/631/1061 1272/633/1062
f 1265/626/1059 1264/632/1058 1272/633/1062 1273/634/1063
f 1258/635/1052 1354/636/1006 1266/637/1064
f 1259/638/1053 1258/635/1052 1266/637/1064 1267/639/1065
f 1260/640/1054 1259/638/1053 1267/639/1065 1268/641/1066
f 1261/642/1055 1260/640/1054 1268/641/1066 1269/643/1067
f 1262/629/1056 1261/642/1055 1269/643/1067 1270/630/1060
f 1268/644/1066 1267/645/1065 1275/646/1068 1276/647/1069
f 1269/648/1067 1268/644/1066 1276/647/1069 1277/649/1070
f 1270/650/1060 1269/648/1067 1277/649/1070 1278/651/1071
f 1271/652/1061 1270/650/1060 1278/651/1071 1279/653/1072
f 1272/654/1062 1271/652/1061 1279/653/1072 1280/655/1073
f 1273/634/1063 1272/654/1062 1280/655/1073 1281/656/1074
f 1266/657/1064 1354/658/1006 1274/659/1075
f 1267/645/1065 1266/657/1064 1274/659/1075 1275/646/1068
f 1280/660/1073 1279/661/1072 1287/662/1076 1288/663/1077
f 1281/656/1074 1280/660/1073 1288/663/1077 1289/664/1078
f 1274/665/1075 1354/666/1006 1282/667/1079
f 1275/668/1068 1274/665/1075 1282/667/1079 1283/669/1080
f 1276/670/1069 1275/668/1068 1283/669/1080 1284/671/1081
f 1277/672/1070 1276/670/1069 1284/671/1081 1285/673/1082
f 1278/674/1071 1277/672/1070 1285/673/1082 1286/675/1083
f 1279/661/1072 1278/674/1071 1286/675/1083 1287/662/1076
f 1284/676/1081 1283/677/1080 1291/678/1084 1292/679/1085
f 1285/680/1082 1284/676/1081 1292/679/1085 1293/681/1086
f 1286/682/1083 1285/680/1082 1293/681/1086 1294/683/1087
f 1287/684/1076 1286/682/1083 1294/683/1087 1295/685/1088
f 1288/686/1077 1287/684/1076 1295/685/1088 1296/687/1089
f 1289/664/1078 1288/686/1077 1296/687/1089 1297/688/1090
f 1282/689/1079 1354/690/1006 1290/691/1091
f 1283/677/1080 1282/689/1079 1290/691/1091 1291/678/1084
f 1296/692/1089 1295/693/1088 1303/694/1092 1304/695/1093
f 1297/688/1090 1296/692/1089 1304/695/1093 1305/696/1094
f 1290/697/1091 1354/698/1006 1298/699/1095
f 1291/700/1084 1290/697/1091 1298/699/1095 1299/701/1096
f 1292/702/1085 1291/700/1084 1299/701/1096 1300/703/1097
f 1293/704/1086 1292/702/1085 1300/703/1097 1301/705/1098
f 1294/706/1087 1293/704/1086 1301/705/1098 1302/707/1099
f 1295/693/1088 1294/706/1087 1302/707/1099 1303/694/1092
f 1301/708/1098 1300/709/1097 1308/710/1100 1309/711/1101
f 1302/712/1099 1301/708/1098 1309/711/1101 1310/713/1102
f 1303/714/1092 1302/712/1099 1310/713/1102 1311/715/1103
f 1304/716/1093 1303/714/1092 1311/715/1103 1312/717/1104
f 1305/696/1094 1304/716/1093 1312/717/1104 1313/718/1105
f 1298/719/1095 1354/720/1006 1306/721/1106
f 1299/722/1096 1298/719/1095 1306/721/1106 1307/723/1107
f 1300/709/1097 1299/722/1096 1307/723/1107 1308/710/1100
f 1313/718/1105 1312/724/1104 1320/725/1108 1321/726/1109
f 1306/727/1106 1354/728/1006 1314/729/1110
f 1307/730/1107 1306/727/1106 1314/729/1110 1315/731/1111
f 1308/732/1100 1307/730/1107 1315/731/1111 1316/733/1112
f 1309/734/1101 1308/732/1100 1316/733/1112 1317/735/1113
f 1310/736/1102 1309/734/1101 1317/735/1113 1318/737/1114
f 1311/738/1103 1310/736/1102 1318/737/1114 1319/739/1115
f 1312/724/1104 1311/738/1103 1319/739/1115 1320/725/1108
f 1317/740/1113 1316/741/1112 1324/742/1116 1325/743/1117
f 1318/744/1114 1317/740/1113 1325/743/1117 1326/745/1118
f 1319/746/1115 1318/744/1114 1326/745/1118 1327/747/1119
f 1320/748/1108 1319/746/1115 1327/747/1119 1328/749/1120
f 1321/726/1109 1320/748/1108 1328/749/1120 1329/750/1121
f 1314/751/1110 1354/752/1006 1322/753/1122
f 1315/754/1111 1314/751/1110 1322/753/1122 1323/755/1123
f 1316/741/1112 1315/754/1111 1323/755/1123 1324/742/1116
f 1329/750/1121 1328/756/1120 1336/757/1124 1337/514/1125
f 1322/758/1122 1354/759/1006 1330/760/1126
f 1323/761/1123 1322/758/1122 1330/760/1126 1331/762/1127
f 1324/763/1116 1323/761/1123 1331/762/1127 1332/764/1128
f 1325/765/1117 1324/763/1116 1332/764/1128 1333/766/1129
f 1326/767/1118 1325/765/1117 1333/766/1129 1334/768/1130
f 1327/769/1119 1326/767/1118 1334/768/1130 1335/770/1131
f 1328/756/1120 1327/769/1119 1335/770/1131 1336/757/1124
f 1334/771/1130 1333/772/1129 1341/773/1132 1342/774/1133
f 1335/775/1131 1334/771/1130 1342/774/1133 1343/776/1134
f 1336/777/1124 1335/775/1131 1343/776/1134 1344/778/1135
f 1337/779/1125 1336/777/1124 1344/778/1135 1345/780/1136
f 1330/781/1126 1354/782/1006 1338/783/1137
f 1331/784/1127 1330/781/1126 1338/783/1137 1339/785/1138
f 1332/786/1128 1331/784/1127 1339/785/1138 1340/787/1139
f 1333/772/1129 1332/786/1128 1340/787/1139 1341/773/1132
f 1339/788/1138 1338/789/1137 1346/790/1140 1347/791/1141
f 1340/792/1139 1339/788/1138 1347/791/1141 1348/793/1142
f 1341/794/1132 1340/792/1139 1348/793/1142 1349/795/1143
f 1342/796/1133 1341/794/1132 1349/795/1143 1350/797/1144
f 1343/798/1134 1342/796/1133 1350/797/1144 1351/799/1145
f 1344/800/1135 1343/798/1134 1351/799/1145 1352/801/1146
f 1345/780/1136 1344/800/1135 1352/801/1146 1353/802/1147
f 1338/789/1137 1354/803/1006 1346/790/1140
f 1351/804/1145 1350/805/1144 1359/806/1148 1360/807/1149
f 1352/808/1146 1351/804/1145 1360/807/1149 1361/809/1150
f 1353/802/1147 1352/808/1146 1361/809/1150 1362/810/1151
f 1346/811/1140 1354/812/1006 1355/813/1152
f 1347/814/1141 1346/811/1140 1355/813/1152 1356/815/1153
f 1348/816/1142 1347/814/1141 1356/815/1153 1357/817/1154
f 1349/818/1143 1348/816/1142 1357/817/1154 1358/819/1155
f 1350/805/1144 1349/818/1143 1358/819/1155 1359/806/1148
f 1356/820/1153 1355/821/1152 1363/822/1156 1364/823/1157
f 1357/824/1154 1356/820/1153 1364/823/1157 1365/825/1158
f 1358/826/1155 1357/824/1154 1365/825/1158 1366/827/1159
f 1359/828/1148 1358/826/1155 1366/827/1159 1367/829/1160
f 1360/830/1149 1359/828/1148 1367/829/1160 1368/831/1161
f 1361/832/1150 1360/830/1149 1368/831/1161 1369/833/1162
f 1362/810/1151 1361/832/1150 1369/833/1162 1370/834/1163
f 1355/821/1152 1354/835/1006 1363/822/1156
f 1368/836/1161 1367/837/1160 1375/838/1164 1376/839/1165
f 1369/840/1162 1368/836/1161 1376/839/1165 1377/841/1166
f 1370/834/1163 1369/840/1162 1377/841/1166 1378/842/1167
f 1363/843/1156 1354/844/1006 1371/845/1168
f 1364/846/1157 1363/843/1156 1371/845/1168 1372/847/1169
f 1365/848/1158 1364/846/1157 1372/847/1169 1373/849/1170
f 1366/850/1159 1365/848/1158 1373/849/1170 1374/851/1171
f 1367/837/1160 1366/850/1159 1374/851/1171 1375/838/1164
f 1373/852/1170 1372/853/1169 1380/854/1172 1381/855/1173
f 1374/856/1171 1373/852/1170 1381/855/1173 1382/857/1174
f 1375/858/1164 1374/856/1171 1382/857/1174 1383/859/1175
f 1376/860/1165 1375/858/1164 1383/859/1175 1384/861/1176
f 1377/862/1166 1376/860/1165 1384/861/1176 1385/863/1177
f 1378/842/1167 1377/862/1166 1385/863/1177 1386/864/1178
f 1371/865/1168 1354/866/1006 1379/867/1179
f 1372/853/1169 1371/865/1168 1379/867/1179 1380/854/1172
f 1385/868/1177 1384/869/1176 1392/870/1180 1393/871/1181
f 1386/864/1178 1385/868/1177 1393/871/1181 1394/872/1182
f 1379/873/1179 1354/874/1006 1387/875/1183
f 1380/876/1172 1379/873/1179 1387/875/1183 1388/877/1184
f 1381/878/1173 1380/876/1172 1388/877/1184 1389/879/1185
f 1382/880/1174 1381/878/1173 1389/879/1185 1390/881/1186
f 1383/882/1175 1382/880/1174 1390/881/1186 1391/883/1187
f 1384/869/1176 1383/882/1175 1391/883/1187 1392/870/1180
f 1389/884/1185 1388/885/1184 1396/886/1188 1397/887/1189
f 1390/888/1186 1389/884/1185 1397/887/1189 1398/889/1190
f 1391/890/1187 1390/888/1186 1398/889/1190 1399/891/1191
f 1392/892/1180 1391/890/1187 1399/891/1191 1400/893/1192
f 1393/894/1181 1392/892/1180 1400/893/1192 1401/895/1193
f 1394/872/1182 1393/894/1181 1401/895/1193 1402/896/1194
f 1387/897/1183 1354/898/1006 1395/899/1195
f 1388/885/1184 1387/897/1183 1395/899/1195 1396/886/1188
f 1401/900/1193 1400/901/1192 1408/902/1196 1409/903/1197
f 1402/896/1194 1401/900/1193 1409/903/1197 1410/904/1198
f 1395/905/1195 1354/906/1006 1403/907/1199
f 1396/908/1188 1395/905/1195 1403/907/1199 1404/909/1200
f 1397/910/1189 1396/908/1188 1404/909/1200 1405/911/1201
f 1398/912/1190 1397/910/1189 1405/911/1201 1406/913/1202
f 1399/914/1191 1398/912/1190 1406/913/1202 1407/915/1203
f 1400/901/1192 1399/914/1191 1407/915/1203 1408/902/1196
f 1406/916/1202 1405/917/1201 1413/918/1204 1414/919/1205
f 1407/920/1203 1406/916/1202 1414/919/1205 1415/921/1206
f 1408/922/1196 1407/920/1203 1415/921/1206 1416/923/1207
f 1409/924/1197 1408/922/1196 1416/923/1207 1417/925/1208
f 1410/904/1198 1409/924/1197 1417/925/1208 1418/926/1209
f 1403/927/1199 1354/928/1006 1411/929/1210
f 1404/930/1200 1403/927/1199 1411/929/1210 1412/931/1211
f 1405/917/1201 1404/930/1200 1412/931/1211 1413/918/1204
f 1418/926/1209 1417/932/1208 1425/933/1212 1426/934/1213
f 1411/935/1210 1354/936/1006 1419/937/1214
f 1412/938/1211 1411/935/1210 1419/937/1214 1420/939/1215
f 1413/940/1204 1412/938/1211 1420/939/1215 1421/941/1216
f 1414/942/1205 1413/940/1204 1421/941/1216 1422/943/1217
f 1415/944/1206 1414/942/1205 1422/943/1217 1423/945/1218
f 1416/946/1207 1415/944/1206 1423/945/1218 1424/947/1219
f 1417/932/1208 1416/946/1207 1424/947/1219 1425/933/1212
f 1423/948/1218 1422/949/1217 1430/950/1220 1431/951/1221
f 1424/952/1219 1423/948/1218 1431/951/1221 1432/953/1222
f 1425/954/1212 1424/952/1219 1432/953/1222 1433/955/1223
f 1426/934/1213 1425/954/1212 1433/955/1223 1434/956/1224
f 1419/957/1214 1354/958/1006 1427/959/1225
f 1420/960/1215 1419/957/1214 1427/959/1225 1428/961/1226
f 1421/962/1216 1420/960/1215 1428/961/1226 1429/963/1227
f 1422/949/1217 1421/962/1216 1429/963/1227 1430/950/1220
f 1427/964/1225 1354/965/1006 1435/966/1228
f 1428/967/1226 1427/964/1225 1435/966/1228 1436/968/1229
f 1429/969/1227 1428/967/1226 1436/968/1229 1437/970/1230
f 1430/971/1220 1429/969/1227 1437/970/1230 1438/972/1231
f 1431/973/1221 1430/971/1220 1438/972/1231 1439/974/1232
f 1432/975/1222 1431/973/1221 1439/974/1232 1440/976/1233
f 1433/977/1223 1432/975/1222 1440/976/1233 1441/978/1234
f 1434/956/1224 1433/977/1223 1441/978/1234 1442/979/1235
f 1439/980/1232 1438/981/1231 1446/982/1236 1447/983/1237
f 1440/984/1233 1439/980/1232 1447/983/1237 1448/985/1238
f 1441/986/1234 1440/984/1233 1448/985/1238 1449/987/1239
f 1442/979/1235 1441/986/1234 1449/987/1239 1450/988/1240
f 1435/989/1228 1354/990/1006 1443/991/1241
f 1436/992/1229 1435/989/1228 1443/991/1241 1444/993/1242
f 1437/994/1230 1436/992/1229 1444/993/1242 1445/995/1243
f 1438/981/1231 1437/994/1230 1445/995/1243 1446/982/1236
f 1444/996/1242 1443/997/1241 1451/998/1244 1452/999/1245
f 1445/1000/1243 1444/996/1242 1452/999/1245 1453/1001/1246
f 1446/1002/1236 1445/1000/1243 1453/1001/1246 1454/1003/1247
f 1447/1004/1237 1446/1002/1236 1454/1003/1247 1455/1005/1248
f 1448/1006/1238 1447/1004/1237 1455/1005/1248 1456/1007/1249
f 1449/1008/1239 1448/1006/1238 1456/1007/1249 1457/1009/1250
f 1450/988/1240 1449/1008/1239 1457/1009/1250 1458/1010/1251
f 1443/997/1241 1354/1011/1006 1451/998/1244
f 1456/1012/1249 1455/1013/1248 1463/1014/995 1464/1015/999
f 1457/1016/1250 1456/1012/1249 1464/1015/999 1465/1017/1001
f 1458/1010/1251 1457/1016/1250 1465/1017/1001 1466/523/1003
f 1451/1018/1244 1354/1019/1006 1459/1020/1005
f 1452/1021/1245 1451/1018/1244 1459/1020/1005 1460/1022/1008
f 1453/1023/1246 1452/1021/1245 1460/1022/1008 1461/1024/1010
f 1454/1025/1247 1453/1023/1246 1461/1024/1010 1462/1026/996
f 1455/1013/1248 1454/1025/1247 1462/1026/996 1463/1014/995
o element.005
v -19.348450 0.000000 67.458282
v -12.549988 0.000000 62.402679
v -32.348206 0.000000 35.791107
v -39.146667 0.000000 40.846680
v -19.348450 17.163511 67.458282
v -12.549988 17.163511 62.402679
v -32.348206 17.163511 35.791107
v -39.146667 17.163511 40.846680
vn -0.8023 -0.0000 0.5969
vn 0.5967 -0.0000 0.8024
vn 0.8023 -0.0000 -0.5969
vn -0.5967 -0.0000 -0.8024
vn -0.0000 1.0000 -0.0000
s 0
usemtl wall
f 1470//1252 1467//1252 1471//1252 1474//1252
f 1467//1253 1468//1253 1472//1253 1471//1253
f 1468//1254 1469//1254 1473//1254 1472//1254
f 1469//1255 1470//1255 1474//1255 1473//1255
usemtl roof
f 1471//1256 1472//1256 1473//1256 1474//1256
o element.006
v 15.089722 0.000000 64.087685
v 14.421082 0.000000 64.733513
v 11.499695 0.000000 61.572792
v 6.501343 0.000000 65.971199
v 7.850586 0.000000 67.507057
v -11.435242 0.000000 84.666298
v -15.694580 0.000000 80.214577
v -17.578369 0.000000 80.560143
v -19.316956 0.000000 82.052254
v -19.243408 0.000000 86.360298
v -10.695801 0.000000 99.315758
v -5.595886 0.000000 99.659554
v 26.043640 0.000000 71.287193
v 20.161743 0.000000 64.264473
v 17.314270 0.000000 66.625191
v 15.089722 18.804327 64.087685
v 14.421082 18.804327 64.733513
v 11.499695 18.804327 61.572792
v 6.501343 18.804327 65.971199
v 7.850586 18.804327 67.507057
v -11.435242 18.804327 84.666298
v -15.694580 18.804327 80.214577
v -17.578369 18.804327 80.560143
v -19.316956 18.804327 82.052254
v -19.243408 18.804327 86.360298
v -10.695801 18.804327 99.315758
v -5.595886 18.804327 99.659554
v 26.043640 18.804327 71.287193
v 20.161743 18.804327 64.264473
v 17.314270 18.804327 66.625191
vn 0.7520 -0.0000 -0.6592
vn -0.6947 -0.0000 -0.7193
vn 0.7344 -0.0000 -0.6788
vn -0.6606 -0.0000 -0.7507
vn -0.7513 -0.0000 0.6600
vn -0.6647 -0.0000 -0.7471
vn 0.7225 -0.0000 -0.6913
vn -0.1804 -0.0000 -0.9836
vn -0.6513 -0.0000 -0.7588
vn -0.9999 -0.0000 0.0171
vn -0.8347 -0.0000 0.5507
vn -0.0673 -0.0000 0.9977
vn 0.6676 -0.0000 0.7445
vn 0.7666 -0.0000 -0.6421
vn -0.6382 -0.0000 -0.7698
vn -0.0000 1.0000 -0.0000
s 0
usemtl wall
f 1489//1257 1475//1257 1490//1257 1504//1257
f 1475//1258 1476//1258 1491//1258 1490//1258
f 1476//1259 1477//1259 1492//1259 1491//1259
f 1477//1260 1478//1260 1493//1260 1492//1260
f 1478//1261 1479//1261 1494//1261 1493//1261
f 1479//1262 1480//1262 1495//1262 1494//1262
f 1480//1263 1481//1263 1496//1263 1495//1263
f 1481//1264 1482//1264 1497//1264 1496//1264
f 1482//1265 1483//1265 1498//1265 1497//1265
f 1483//1266 1484//1266 1499//1266 1498//1266
f 1484//1267 1485//1267 1500//1267 1499//1267
f 1485//1268 1486//1268 1501//1268 1500//1268
f 1486//1269 1487//1269 1502//1269 1501//1269
f 1487//1270 1488//1270 1503//1270 1502//1270
f 1488//1271 1489//1271 1504//1271 1503//1271
usemtl roof
f 1490//1272 1491//1272 1492//1272 1493//1272 1494//1272 1495//1272 1496//1272 1497//1272 1498//1272 1499//1272 1500//1272 1501//1272 1502//1272 1503//1272 1504//1272
o element.007
v -45.435364 0.000000 10.669495
v -34.658691 0.000000 0.681503
v -39.218994 0.000000 -4.237701
v -49.995605 0.000000 5.750275
v -45.435364 4.481924 10.669495
v -34.658691 4.481924 0.681503
v -39.218994 4.481924 -4.237701
v -49.995605 4.481924 5.750275
vn -0.7334 -0.0000 0.6798
vn 0.6798 -0.0000 0.7334
vn 0.7334 -0.0000 -0.6798
vn -0.6798 -0.0000 -0.7334
vn -0.0000 1.0000 -0.0000
s 0
usemtl wall
f 1508//1273 1505//1273 1509//1273 1512//1273
f 1505//1274 1506//1274 1510//1274 1509//1274
f 1506//1275 1507//1275 1511//1275 1510//1275
f 1507//1276 1508//1276 1512//1276 1511//1276
usemtl roof
f 1509//1277 1510//1277 1511//1277 1512//1277
o element.008
v -17.877319 0.000000 -22.944641
v -13.216431 0.000000 -16.934555
v 2.050964 0.000000 -31.888634
v -2.933044 0.000000 -37.386543
v -17.877319 9.802631 -22.944641
v -13.216431 9.802631 -16.934555
v 2.050964 9.802631 -31.888634
v -2.933044 9.802631 -37.386543
vn -0.6949 -0.0000 -0.7191
vn -0.7902 -0.0000 0.6128
vn 0.6997 -0.0000 0.7144
vn 0.7409 -0.0000 -0.6716
vn -0.0000 1.0000 -0.0000
s 0
usemtl wall
f 1516//1278 1513//1278 1517//1278 1520//1278
f 1513//1279 1514//1279 1518//1279 1517//1279
f 1514//1280 1515//1280 1519//1280 1518//1280
f 1515//1281 1516//1281 1520//1281 1519//1281
usemtl roof
f 1517//1282 1518//1282 1519//1282 1520//1282
o element.009
v -5.784546 0.000000 -7.140320
v 3.570618 0.000000 4.367737
v 20.303650 0.000000 -11.488464
v 10.463623 0.000000 -22.662399
v -5.784546 17.428993 -7.140320
v 3.570618 17.428993 4.367737
v 20.303650 17.428993 -11.488464
v 10.463623 17.428993 -22.662399
vn -0.6908 -0.0000 -0.7231
vn -0.7760 -0.0000 0.6308
vn 0.6878 -0.0000 0.7259
vn 0.7505 -0.0000 -0.6609
vn -0.0000 1.0000 -0.0000
s 0
usemtl wall
f 1524//1283 1521//1283 1525//1283 1528//1283
f 1521//1284 1522//1284 1526//1284 1525//1284
f 1522//1285 1523//1285 1527//1285 1526//1285
f 1523//1286 1524//1286 1528//1286 1527//1286
usemtl roof
f 1525//1287 1526//1287 1527//1287 1528//1287
o element.010
v 12.835754 0.000000 -52.619087
v -2.933044 0.000000 -37.386543
v 1.231445 0.000000 -32.801239
v 10.497681 0.000000 -41.876152
v 8.613342 0.000000 -43.979607
v 10.435364 0.000000 -45.783455
v 35.462158 0.000000 -16.323715
v 37.468079 0.000000 -18.116486
v 38.873047 0.000000 -16.480469
v 32.582153 0.000000 -10.612259
v 30.881775 0.000000 -12.448593
v 30.920471 0.000000 -13.695374
v 14.234253 0.000000 -32.626472
v 7.280334 0.000000 -26.045700
v 36.309998 0.000000 7.320328
v 48.596619 0.000000 -3.313965
v 50.263550 0.000000 -1.577820
v 48.330017 0.000000 0.025696
v 48.330444 0.000000 1.728882
v 59.346985 0.000000 14.093521
v 61.637695 0.000000 14.126297
v 63.208984 0.000000 12.567398
v 64.820190 0.000000 14.392593
v 57.665588 0.000000 20.717484
v 55.914978 0.000000 18.881180
v 54.354431 0.000000 18.959518
v 50.214417 0.000000 22.879089
v 63.343933 0.000000 37.436127
v 78.945801 0.000000 23.060501
v 12.835754 19.850582 -52.619087
v -2.933044 19.850582 -37.386543
v 1.231445 19.850582 -32.801239
v 10.497681 19.850582 -41.876152
v 8.613342 19.850582 -43.979607
v 10.435364 19.850582 -45.783455
v 35.462158 19.850582 -16.323715
v 37.468079 19.850582 -18.116486
v 38.873047 19.850582 -16.480469
v 32.582153 19.850582 -10.612259
v 30.881775 19.850582 -12.448593
v 30.920471 19.850582 -13.695374
v 14.234253 19.850582 -32.626472
v 7.280334 19.850582 -26.045700
v 36.309998 19.850582 7.320328
v 48.596619 19.850582 -3.313965
v 50.263550 19.850582 -1.577820
v 48.330017 19.850582 0.025696
v 48.330444 19.850582 1.728882
v 59.346985 19.850582 14.093521
v 61.637695 19.850582 14.126297
v 63.208984 19.850582 12.567398
v 64.820190 19.850582 14.392593
v 57.665588 19.850582 20.717484
v 55.914978 19.850582 18.881180
v 54.354431 19.850582 18.959518
v 50.214417 19.850582 22.879089
v 63.343933 19.850582 37.436127
v 78.945801 19.850582 23.060501
vn 0.7531 -0.0000 -0.6579
vn -0.6948 -0.0000 -0.7192
vn -0.7403 -0.0000 0.6723
vn 0.6997 -0.0000 0.7144
vn 0.7448 -0.0000 -0.6672
vn 0.7036 -0.0000 0.7106
vn -0.7621 -0.0000 0.6474
vn 0.6664 -0.0000 0.7456
vn -0.7586 -0.0000 0.6515
vn -0.6821 -0.0000 -0.7312
vn 0.7337 -0.0000 -0.6794
vn 0.9995 -0.0000 0.0310
vn 0.7502 -0.0000 -0.6612
vn -0.6874 -0.0000 -0.7263
vn -0.7544 -0.0000 0.6564
vn 0.6544 -0.0000 0.7561
vn -0.7213 -0.0000 0.6926
vn -0.6384 -0.0000 -0.7697
vn -1.0000 -0.0000 0.0003
vn -0.7466 -0.0000 0.6652
vn -0.0143 -0.0000 0.9999
vn 0.7043 -0.0000 0.7099
vn -0.7497 -0.0000 0.6618
vn -0.6623 -0.0000 -0.7492
vn 0.7238 -0.0000 -0.6900
vn -0.0501 -0.0000 -0.9987
vn -0.6875 -0.0000 -0.7262
vn -0.7426 -0.0000 0.6698
vn 0.6776 -0.0000 0.7354
vn -0.0000 1.0000 -0.0000
s 0
usemtl wall
f 1557//1288 1529//1288 1558//1288 1586//1288
f 1529//1289 1530//1289 1559//1289 1558//1289
f 1530//1290 1531//1290 1560//1290 1559//1290
f 1531//1291 1532//1291 1561//1291 1560//1291
f 1532//1292 1533//1292 1562//1292 1561//1292
f 1533//1293 1534//1293 1563//1293 1562//1293
f 1534//1294 1535//1294 1564//1294 1563//1294
f 1535//1295 1536//1295 1565//1295 1564//1295
f 1536//1296 1537//1296 1566//1296 1565//1296
f 1537//1297 1538//1297 1567//1297 1566//1297
f 1538//1298 1539//1298 1568//1298 1567//1298
f 1539//1299 1540//1299 1569//1299 1568//1299
f 1540//1300 1541//1300 1570//1300 1569//1300
f 1541//1301 1542//1301 1571//1301 1570//1301
f 1542//1302 1543//1302 1572//1302 1571//1302
f 1543//1303 1544//1303 1573//1303 1572//1303
f 1544//1304 1545//1304 1574//1304 1573//1304
f 1545//1305 1546//1305 1575//1305 1574//1305
f 1546//1306 1547//1306 1576//1306 1575//1306
f 1547//1307 1548//1307 1577//1307 1576//1307
f 1548//1308 1549//1308 1578//1308 1577//1308
f 1549//1309 1550//1309 1579//1309 1578//1309
f 1550//1310 1551//1310 1580//1310 1579//1310
f 1551//1311 1552//1311 1581//1311 1580//1311
f 1552//1312 1553//1312 1582//1312 1581//1312
f 1553//1313 1554//1313 1583//1313 1582//1313
f 1554//1314 1555//1314 1584//1314 1583//1314
f 1555//1315 1556//1315 1585//1315 1584//1315
f 1556//1316 1557//1316 1586//1316 1585//1316
usemtl roof
f 1558//1317 1559//1317 1560//1317 1561//1317 1562//1317 1563//1317 1564//1317 1565//1317 1566//1317 1567//1317 1568//1317 1569//1317 1570//1317 1571//1317 1572//1317 1573//1317 1574//1317 1575//1317 1576//1317 1577//1317 1578//1317 1579//1317 1580//1317 1581//1317 1582//1317 1583//1317 1584//1317 1585//1317 1586//1317
o element.011
v 28.342529 0.000000 -67.606728
v 12.835754 0.000000 -52.619087
v 18.946045 0.000000 -45.496223
v 22.317200 0.000000 -48.413673
v 24.485291 0.000000 -48.213867
v 54.992126 0.000000 -13.824234
v 54.987183 0.000000 -11.508789
v 51.109009 0.000000 -7.978912
v 56.483521 0.000000 -1.746475
v 73.807129 0.000000 -17.335922
v 28.342529 13.485085 -67.606728
v 12.835754 13.485085 -52.619087
v 18.946045 13.485085 -45.496223
v 22.317200 13.485085 -48.413673
v 24.485291 13.485085 -48.213867
v 54.992126 13.485085 -13.824234
v 54.987183 13.485085 -11.508789
v 51.109009 13.485085 -7.978912
v 56.483521 13.485085 -1.746475
v 73.807129 13.485085 -17.335922
vn 0.7417 -0.0000 -0.6708
vn -0.6950 -0.0000 -0.7190
vn -0.7590 -0.0000 0.6511
vn 0.6544 -0.0000 0.7562
vn -0.0918 -0.0000 0.9958
vn -0.7481 -0.0000 0.6636
vn -1.0000 -0.0000 -0.0021
vn -0.6731 -0.0000 -0.7395
vn -0.7573 -0.0000 0.6531
vn 0.6689 -0.0000 0.7433
vn -0.0000 1.0000 -0.0000
s 0
usemtl wall
f 1596//1318 1587//1318 1597//1318 1606//1318
f 1587//1319 1588//1319 1598//1319 1597//1319
f 1588//1320 1589//1320 1599//1320 1598//1320
f 1589//1321 1590//1321 1600//1321 1599//1321
f 1590//1322 1591//1322 1601//1322 1600//1322
f 1591//1323 1592//1323 1602//1323 1601//1323
f 1592//1324 1593//1324 1603//1324 1602//1324
f 1593//1325 1594//1325 1604//1325 1603//1325
f 1594//1326 1595//1326 1605//1326 1604//1326
f 1595//1327 1596//1327 1606//1327 1605//1327
usemtl roof
f 1597//1328 1598//1328 1599//1328 1600//1328 1601//1328 1602//1328 1603//1328 1604//1328 1605//1328 1606//1328
o element.012
v 103.206909 0.000000 -57.151970
v 93.840698 0.000000 -47.742836
v 87.518677 0.000000 -53.952698
v 77.901367 0.000000 -45.589935
v 93.896240 0.000000 -28.172882
v 113.755005 0.000000 -45.399628
v 103.206909 15.735378 -57.151970
v 93.840698 15.735378 -47.742836
v 87.518677 15.735378 -53.952698
v 77.901367 15.735378 -45.589935
v 93.896240 15.735378 -28.172882
v 113.755005 15.735378 -45.399628
vn 0.7442 -0.0000 -0.6679
vn -0.7087 -0.0000 -0.7055
vn 0.7008 -0.0000 -0.7134
vn -0.6562 -0.0000 -0.7546
vn -0.7365 -0.0000 0.6764
vn 0.6553 -0.0000 0.7554
vn -0.0000 1.0000 -0.0000
s 0
usemtl wall
f 1612//1329 1607//1329 1613//1329 1618//1329
f 1607//1330 1608//1330 1614//1330 1613//1330
f 1608//1331 1609//1331 1615//1331 1614//1331
f 1609//1332 1610//1332 1616//1332 1615//1332
f 1610//1333 1611//1333 1617//1333 1616//1333
f 1611//1334 1612//1334 1618//1334 1617//1334
usemtl roof
f 1613//1335 1614//1335 1615//1335 1616//1335 1617//1335 1618//1335
o element.013
v 77.034180 0.000000 -77.850082
v 83.334045 0.000000 -70.671722
v 100.211426 0.000000 -85.760223
v 93.705444 0.000000 -92.938507
v 77.034180 15.382893 -77.850082
v 83.334045 15.382893 -70.671722
v 100.211426 15.382893 -85.760223
v 93.705444 15.382893 -92.938507
vn -0.6710 -0.0000 -0.7414
vn -0.7516 -0.0000 0.6596
vn 0.6665 -0.0000 0.7455
vn 0.7410 -0.0000 -0.6716
vn -0.0000 1.0000 -0.0000
s 0
usemtl wall
f 1622//1336 1619//1336 1623//1336 1626//1336
f 1619//1337 1620//1337 1624//1337 1623//1337
f 1620//1338 1621//1338 1625//1338 1624//1338
f 1621//1339 1622//1339 1626//1339 1625//1339
usemtl roof
f 1623//1340 1624//1340 1625//1340 1626//1340
o element.014
v 21.660828 0.000000 -171.655304
v -8.105225 0.000000 -148.059067
v -10.350464 0.000000 -144.919296
v -9.385437 0.000000 -141.535416
v 1.017151 0.000000 -130.127808
v 10.673523 0.000000 -138.290009
v 5.048462 0.000000 -144.622635
v 19.095642 0.000000 -155.991989
v 25.378479 0.000000 -149.114075
v 34.343750 0.000000 -156.886536
v 25.378479 18.674009 -149.114075
v 34.343750 18.830666 -156.886536
v 21.660828 18.674009 -171.655304
v 28.172302 21.674009 -164.072952
v -8.105225 18.674009 -148.059067
v -10.350464 18.994139 -144.919296
v -9.385437 19.970791 -141.535416
v 1.017151 18.750639 -130.127808
v -5.555847 21.674009 -137.335861
v 10.673523 18.870073 -138.290009
v 5.048462 21.410475 -144.622635
v 19.095642 21.465517 -155.991989
vn 0.6551 -0.0000 0.7556
vn 0.7586 -0.0000 -0.6515
vn -0.6212 -0.0000 -0.7836
vn -0.8134 -0.0000 -0.5817
vn -0.9617 -0.0000 0.2743
vn -0.7389 -0.0000 0.6738
vn 0.6455 -0.0000 0.7637
vn 0.7476 -0.0000 -0.6641
vn 0.6291 -0.0000 0.7773
vn -0.7383 -0.0000 0.6744
vn 0.1787 0.9577 0.2254
vn -0.1787 0.9577 -0.2254
s 0
usemtl wall
f 1635//1341 1636//1341 1638//1341 1637//1341
f 1636//1342 1627//1342 1639//1342 1640//1342 1638//1342
f 1627//1343 1628//1343 1641//1343 1639//1343
f 1628//1344 1629//1344 1642//1344 1641//1344
f 1629//1345 1630//1345 1643//1345 1642//1345
f 1630//1346 1631//1346 1644//1346 1645//1346 1643//1346
f 1631//1347 1632//1347 1646//1347 1644//1347
f 1632//1348 1633//1348 1647//1348 1646//1348
f 1633//1349 1634//1349 1648//1349 1647//1349
f 1634//1350 1635//1350 1637//1350 1648//1350
usemtl roof
f 1645//1351 1644//1351 1646//1351 1647//1351 1648//1351 1637//1351 1638//1351 1640//1351
f 1640//1352 1639//1352 1641//1352 1642//1352 1643//1352 1645//1352
o element.015
v -197.705811 0.000000 -99.139801
v -199.817139 0.000000 -94.553017
v -213.674316 0.000000 -77.451584
v -216.804993 0.000000 -69.680870
v -205.116760 0.000000 -64.261917
v -205.629150 0.000000 -62.458443
v -200.295166 0.000000 -60.656132
v -199.392639 0.000000 -62.125732
v -186.221741 0.000000 -55.838844
v -183.386292 0.000000 -62.385010
v -175.878540 0.000000 -59.636967
v -174.530457 0.000000 -62.876644
v -182.896729 0.000000 -66.726570
v -179.660278 0.000000 -74.719978
v -176.661682 0.000000 -73.618530
v -175.681274 0.000000 -76.000977
v -180.686462 0.000000 -78.048218
v -177.650146 0.000000 -83.470108
v -171.742126 0.000000 -81.334000
v -169.201904 0.000000 -87.000687
v -175.929443 0.000000 -90.194160
v -172.564270 0.000000 -95.204231
v -168.055237 0.000000 -93.813683
v -167.230835 0.000000 -95.940056
v -170.435730 0.000000 -97.252953
v -166.196045 0.000000 -104.600929
v -157.272827 0.000000 -102.020195
v -156.325928 0.000000 -104.558487
v -163.415649 0.000000 -107.607140
v -161.900208 0.000000 -109.811584
v -160.345276 0.000000 -109.811913
v -159.688049 0.000000 -111.782410
v -161.739441 0.000000 -113.752327
v -162.814941 0.000000 -113.295692
v -174.213013 0.000000 -117.768349
v -173.800903 0.000000 -119.159927
v -177.496216 0.000000 -120.472733
v -177.902649 0.000000 -118.747200
v -193.698364 0.000000 -125.144844
v -196.037964 0.000000 -119.645187
v -197.705811 22.863937 -99.139801
v -199.817139 22.863937 -94.553017
v -213.674316 22.863937 -77.451584
v -216.804993 22.863937 -69.680870
v -205.116760 22.863937 -64.261917
v -205.629150 22.863937 -62.458443
v -200.295166 22.863937 -60.656132
v -199.392639 22.863937 -62.125732
v -186.221741 22.863937 -55.838844
v -183.386292 22.863937 -62.385010
v -175.878540 22.863937 -59.636967
v -174.530457 22.863937 -62.876644
v -182.896729 22.863937 -66.726570
v -179.660278 22.863937 -74.719978
v -176.661682 22.863937 -73.618530
v -175.681274 22.863937 -76.000977
v -180.686462 22.863937 -78.048218
v -177.650146 22.863937 -83.470108
v -171.742126 22.863937 -81.334000
v -169.201904 22.863937 -87.000687
v -175.929443 22.863937 -90.194160
v -172.564270 22.863937 -95.204231
v -168.055237 22.863937 -93.813683
v -167.230835 22.863937 -95.940056
v -170.435730 22.863937 -97.252953
v -166.196045 22.863937 -104.600929
v -157.272827 22.863937 -102.020195
v -156.325928 22.863937 -104.558487
v -163.415649 22.863937 -107.607140
v -161.900208 22.863937 -109.811584
v -160.345276 22.863937 -109.811913
v -159.688049 22.863937 -111.782410
v -161.739441 22.863937 -113.752327
v -162.814941 22.863937 -113.295692
v -174.213013 22.863937 -117.768349
v -173.800903 22.863937 -119.159927
v -177.496216 22.863937 -120.472733
v -177.902649 22.863937 -118.747200
v -193.698364 22.863937 -125.144844
v -196.037964 22.863937 -119.645187
vn -0.9967 -0.0000 -0.0811
vn -0.9084 -0.0000 -0.4181
vn -0.7770 -0.0000 -0.6296
vn -0.9276 -0.0000 -0.3737
vn -0.4206 -0.0000 0.9072
vn -0.9619 -0.0000 -0.2733
vn -0.3201 -0.0000 0.9474
vn 0.8521 -0.0000 0.5233
vn -0.4308 -0.0000 0.9025
vn 0.9176 -0.0000 0.3975
vn -0.3437 -0.0000 0.9391
vn 0.9233 -0.0000 0.3842
vn 0.4180 -0.0000 -0.9084
vn 0.9269 -0.0000 0.3753
vn -0.3448 -0.0000 0.9387
vn 0.9248 -0.0000 0.3806
vn 0.3786 -0.0000 -0.9256
vn 0.8725 -0.0000 0.4886
vn -0.3400 -0.0000 0.9404
vn 0.9125 -0.0000 0.4091
vn 0.4288 -0.0000 -0.9034
vn 0.8301 -0.0000 0.5576
vn -0.2947 -0.0000 0.9556
vn 0.9324 -0.0000 0.3615
vn 0.3791 -0.0000 -0.9254
vn 0.8662 -0.0000 0.4998
vn -0.2778 -0.0000 0.9606
vn 0.9369 -0.0000 0.3495
vn 0.3950 -0.0000 -0.9187
vn 0.8241 -0.0000 0.5665
vn 0.0002 -0.0000 1.0000
vn 0.9486 -0.0000 0.3164
vn 0.6926 -0.0000 -0.7213
vn -0.3908 -0.0000 -0.9205
vn 0.3653 -0.0000 -0.9309
vn 0.9588 -0.0000 0.2840
vn 0.3348 -0.0000 -0.9423
vn -0.9734 -0.0000 -0.2293
vn 0.3754 -0.0000 -0.9269
vn -0.9202 -0.0000 -0.3915
vn -0.0000 1.0000 -0.0000
s 0
usemtl wall
f 1688//1353 1649//1353 1689//1353 1728//1353
f 1649//1354 1650//1354 1690//1354 1689//1354
f 1650//1355 1651//1355 1691//1355 1690//1355
f 1651//1356 1652//1356 1692//1356 1691//1356
f 1652//1357 1653//1357 1693//1357 1692//1357
f 1653//1358 1654//1358 1694//1358 1693//1358
f 1654//1359 1655//1359 1695//1359 1694//1359
f 1655//1360 1656//1360 1696//1360 1695//1360
f 1656//1361 1657//1361 1697//1361 1696//1361
f 1657//1362 1658//1362 1698//1362 1697//1362
f 1658//1363 1659//1363 1699//1363 1698//1363
f 1659//1364 1660//1364 1700//1364 1699//1364
f 1660//1365 1661//1365 1701//1365 1700//1365
f 1661//1366 1662//1366 1702//1366 1701//1366
f 1662//1367 1663//1367 1703//1367 1702//1367
f 1663//1368 1664//1368 1704//1368 1703//1368
f 1664//1369 1665//1369 1705//1369 1704//1369
f 1665//1370 1666//1370 1706//1370 1705//1370
f 1666//1371 1667//1371 1707//1371 1706//1371
f 1667//1372 1668//1372 1708//1372 1707//1372
f 1668//1373 1669//1373 1709//1373 1708//1373
f 1669//1374 1670//1374 1710//1374 1709//1374
f 1670//1375 1671//1375 1711//1375 1710//1375
f 1671//1376 1672//1376 1712//1376 1711//1376
f 1672//1377 1673//1377 1713//1377 1712//1377
f 1673//1378 1674//1378 1714//1378 1713//1378
f 1674//1379 1675//1379 1715//1379 1714//1379
f 1675//1380 1676//1380 1716//1380 1715//1380
f 1676//1381 1677//1381 1717//1381 1716//1381
f 1677//1382 1678//1382 1718//1382 1717//1382
f 1678//1383 1679//1383 1719//1383 1718//1383
f 1679//1384 1680//1384 1720//1384 1719//1384
f 1680//1385 1681//1385 1721//1385 1720//1385
f 1681//1386 1682//1386 1722//1386 1721//1386
f 1682//1387 1683//1387 1723//1387 1722//1387
f 1683//1388 1684//1388 1724//1388 1723//1388
f 1684//1389 1685//1389 1725//1389 1724//1389
f 1685//1390 1686//1390 1726//1390 1725//1390
f 1686//1391 1687//1391 1727//1391 1726//1391
f 1687//1392 1688//1392 1728//1392 1727//1392
usemtl roof
f 1689//1393 1690//1393 1691//1393 1692//1393 1693//1393 1694//1393 1695//1393 1696//1393 1697//1393 1698//1393 1699//1393 1700//1393 1701//1393 1702//1393 1703//1393 1704//1393 1705//1393 1706//1393 1707//1393 1708//1393 1709//1393 1710//1393 1711//1393 1712//1393 1713//1393 1714//1393 1715//1393 1716//1393 1717//1393 1718//1393 1719//1393 1720//1393 1721//1393 1722//1393 1723//1393 1724//1393 1725//1393 1726//1393 1727//1393 1728//1393
o element.016
v 4.752563 0.000000 -124.896759
v 36.903015 0.000000 -89.472137
v 87.417969 0.000000 -135.382889
v 65.586426 0.000000 -159.889420
v 57.663147 0.000000 -153.163574
v 67.982239 0.000000 -141.945374
v 32.712036 0.000000 -110.098534
v 22.392883 0.000000 -121.461548
v 37.041626 0.000000 -134.322800
v 27.319092 0.000000 -144.928986
v 4.752563 12.959043 -124.896759
v 36.903015 12.959043 -89.472137
v 87.417969 12.959043 -135.382889
v 65.586426 12.959043 -159.889420
v 57.663147 12.959043 -153.163574
v 67.982239 12.959043 -141.945374
v 32.712036 12.959043 -110.098534
v 22.392883 12.959043 -121.461548
v 37.041626 12.959043 -134.322800
v 27.319092 12.959043 -144.928986
vn -0.6639 -0.0000 -0.7479
vn -0.7405 -0.0000 0.6721
vn 0.6726 -0.0000 0.7400
vn 0.7467 -0.0000 -0.6652
vn -0.6471 -0.0000 -0.7624
vn -0.7360 -0.0000 0.6770
vn -0.6702 -0.0000 -0.7422
vn 0.7403 -0.0000 -0.6723
vn 0.6598 -0.0000 0.7515
vn 0.7371 -0.0000 -0.6757
vn -0.0000 1.0000 -0.0000
s 0
usemtl wall
f 1738//1394 1729//1394 1739//1394 1748//1394
f 1729//1395 1730//1395 1740//1395 1739//1395
f 1730//1396 1731//1396 1741//1396 1740//1396
f 1731//1397 1732//1397 1742//1397 1741//1397
f 1732//1398 1733//1398 1743//1398 1742//1398
f 1733//1399 1734//1399 1744//1399 1743//1399
f 1734//1400 1735//1400 1745//1400 1744//1400
f 1735//1401 1736//1401 1746//1401 1745//1401
f 1736//1402 1737//1402 1747//1402 1746//1402
f 1737//1403 1738//1403 1748//1403 1747//1403
usemtl roof
f 1739//1404 1740//1404 1741//1404 1742//1404 1743//1404 1744//1404 1745//1404 1746//1404 1747//1404 1748//1404
o element.017
v 103.228271 0.000000 58.019173
v 100.345703 0.000000 54.524559
v 121.458374 0.000000 35.126686
v 114.349854 0.000000 27.035789
v 110.554199 0.000000 26.970085
v 88.672607 0.000000 46.846779
v 100.280518 0.000000 60.469032
v 103.228271 19.729586 58.019173
v 100.345703 19.729586 54.524559
v 121.458374 19.729586 35.126686
v 114.349854 19.729586 27.035789
v 110.554199 19.729586 26.970085
v 88.672607 19.729586 46.846779
v 100.280518 19.729586 60.469032
vn 0.6392 -0.0000 0.7691
vn 0.7714 -0.0000 -0.6363
vn 0.6766 -0.0000 0.7364
vn 0.7512 -0.0000 -0.6600
vn 0.0173 -0.0000 -0.9999
vn -0.6724 -0.0000 -0.7402
vn -0.7611 -0.0000 0.6486
vn -0.0000 1.0000 -0.0000
s 0
usemtl wall
f 1755//1405 1749//1405 1756//1405 1762//1405
f 1749//1406 1750//1406 1757//1406 1756//1406
f 1750//1407 1751//1407 1758//1407 1757//1407
f 1751//1408 1752//1408 1759//1408 1758//1408
f 1752//1409 1753//1409 1760//1409 1759//1409
f 1753//1410 1754//1410 1761//1410 1760//1410
f 1754//1411 1755//1411 1762//1411 1761//1411
usemtl roof
f 1756//1412 1757//1412 1758//1412 1759//1412 1760//1412 1761//1412 1762//1412
o element.018
v 77.299866 0.000000 77.407127
v 90.700928 0.000000 65.180534
v 91.397827 0.000000 65.959572
v 93.002563 0.000000 64.467445
v 104.459961 0.000000 77.533134
v 110.037598 0.000000 72.344063
v 88.672607 0.000000 46.846779
v 69.671631 0.000000 64.117683
v 77.299866 19.548979 77.407127
v 90.700928 19.548979 65.180534
v 91.397827 19.548979 65.959572
v 93.002563 19.548979 64.467445
v 104.459961 19.548979 77.533134
v 110.037598 19.548979 72.344063
v 88.672607 19.548979 46.846779
v 69.671631 19.548979 64.117683
vn -0.8673 -0.0000 0.4978
vn 0.6740 -0.0000 0.7387
vn -0.7453 -0.0000 0.6667
vn 0.6809 -0.0000 0.7323
vn -0.7519 -0.0000 0.6593
vn 0.6811 -0.0000 0.7321
vn 0.7665 -0.0000 -0.6423
vn -0.6726 -0.0000 -0.7400
vn -0.0000 1.0000 -0.0000
s 0
usemtl wall
f 1770//1413 1763//1413 1771//1413 1778//1413
f 1763//1414 1764//1414 1772//1414 1771//1414
f 1764//1415 1765//1415 1773//1415 1772//1415
f 1765//1416 1766//1416 1774//1416 1773//1416
f 1766//1417 1767//1417 1775//1417 1774//1417
f 1767//1418 1768//1418 1776//1418 1775//1418
f 1768//1419 1769//1419 1777//1419 1776//1419
f 1769//1420 1770//1420 1778//1420 1777//1420
usemtl roof
f 1771//1421 1772//1421 1773//1421 1774//1421 1775//1421 1776//1421 1777//1421 1778//1421
o element.019
v -111.736267 0.000000 -33.753777
v -89.206360 0.000000 -72.765251
v -87.417114 0.000000 -71.730392
v -84.898926 0.000000 -76.094696
v -86.682678 0.000000 -77.129555
v -74.582275 0.000000 -98.071571
v -72.843140 0.000000 -97.070099
v -70.230347 0.000000 -101.601425
v -71.969421 0.000000 -102.602890
v -54.504395 0.000000 -132.841415
v -57.230286 0.000000 -135.300919
v -53.926636 0.000000 -140.611649
v -49.706543 0.000000 -135.870453
v -52.726562 0.000000 -132.953156
v -39.848877 0.000000 -119.019073
v -41.163879 0.000000 -117.805374
v -36.174500 0.000000 -112.407593
v -34.853943 0.000000 -113.621300
v -12.772095 0.000000 -89.737617
v -14.427002 0.000000 -88.212128
v -9.220093 0.000000 -82.580673
v -7.565186 0.000000 -84.106163
v 5.212402 0.000000 -70.283531
v 15.743469 0.000000 -80.371788
v -53.456848 0.000000 -156.997986
v -56.026001 0.000000 -156.741333
v -124.088684 0.000000 -41.621307
v -111.736267 10.779027 -33.753777
v -89.206360 10.779027 -72.765251
v -87.417114 10.779027 -71.730392
v -84.898926 10.779027 -76.094696
v -86.682678 10.779027 -77.129555
v -74.582275 10.779027 -98.071571
v -72.843140 10.779027 -97.070099
v -70.230347 10.779027 -101.601425
v -71.969421 10.779027 -102.602890
v -54.504395 10.779027 -132.841415
v -57.230286 10.779027 -135.300919
v -53.926636 10.779027 -140.611649
v -49.706543 10.779027 -135.870453
v -52.726562 10.779027 -132.953156
v -39.848877 10.779027 -119.019073
v -41.163879 10.779027 -117.805374
v -36.174500 10.779027 -112.407593
v -34.853943 10.779027 -113.621300
v -12.772095 10.779027 -89.737617
v -14.427002 10.779027 -88.212128
v -9.220093 10.779027 -82.580673
v -7.565186 10.779027 -84.106163
v 5.212402 10.779027 -70.283531
v 15.743469 10.779027 -80.371788
v -53.456848 10.779027 -156.997986
v -56.026001 10.779027 -156.741333
v -124.088684 10.779027 -41.621307
vn -0.5372 -0.0000 0.8434
vn 0.8660 -0.0000 0.5001
vn -0.5007 -0.0000 0.8656
vn 0.8662 -0.0000 0.4998
vn 0.5018 -0.0000 -0.8650
vn 0.8659 -0.0000 0.5003
vn -0.4990 -0.0000 0.8666
vn 0.8663 -0.0000 0.4995
vn 0.4990 -0.0000 -0.8666
vn 0.8659 -0.0000 0.5001
vn 0.6699 -0.0000 -0.7425
vn 0.8491 -0.0000 0.5282
vn -0.7470 -0.0000 0.6649
vn -0.6948 -0.0000 -0.7192
vn -0.7344 -0.0000 0.6787
vn -0.6782 -0.0000 -0.7348
vn -0.7343 -0.0000 0.6788
vn 0.6767 -0.0000 0.7363
vn -0.7343 -0.0000 0.6789
vn -0.6778 -0.0000 -0.7353
vn -0.7342 -0.0000 0.6789
vn 0.6778 -0.0000 0.7353
vn 0.6918 -0.0000 0.7221
vn 0.7422 -0.0000 -0.6702
vn -0.0994 -0.0000 -0.9950
vn -0.8608 -0.0000 -0.5089
vn -0.0000 1.0000 -0.0000
s 0
usemtl wall
f 1805//1422 1779//1422 1806//1422 1832//1422
f 1779//1423 1780//1423 1807//1423 1806//1423
f 1780//1424 1781//1424 1808//1424 1807//1424
f 1781//1425 1782//1425 1809//1425 1808//1425
f 1782//1426 1783//1426 1810//1426 1809//1426
f 1783//1427 1784//1427 1811//1427 1810//1427
f 1784//1428 1785//1428 1812//1428 1811//1428
f 1785//1429 1786//1429 1813//1429 1812//1429
f 1786//1430 1787//1430 1814//1430 1813//1430
f 1787//1431 1788//1431 1815//1431 1814//1431
f 1788//1432 1789//1432 1816//1432 1815//1432
f 1789//1433 1790//1433 1817//1433 1816//1433
f 1790//1434 1791//1434 1818//1434 1817//1434
f 1791//1435 1792//1435 1819//1435 1818//1435
f 1792//1436 1793//1436 1820//1436 1819//1436
f 1793//1437 1794//1437 1821//1437 1820//1437
f 1794//1438 1795//1438 1822//1438 1821//1438
f 1795//1439 1796//1439 1823//1439 1822//1439
f 1796//1440 1797//1440 1824//1440 1823//1440
f 1797//1441 1798//1441 1825//1441 1824//1441
f 1798//1442 1799//1442 1826//1442 1825//1442
f 1799//1443 1800//1443 1827//1443 1826//1443
f 1800//1438 1801//1438 1828//1438 1827//1438
f 1801//1444 1802//1444 1829//1444 1828//1444
f 1802//1445 1803//1445 1830//1445 1829//1445
f 1803//1446 1804//1446 1831//1446 1830//1446
f 1804//1447 1805//1447 1832//1447 1831//1447
usemtl roof
f 1806//1448 1807//1448 1808//1448 1809//1448 1810//1448 1811//1448 1812//1448 1813//1448 1814//1448 1815//1448 1816//1448 1817//1448 1818//1448 1819//1448 1820//1448 1821//1448 1822//1448 1823//1448 1824//1448 1825//1448 1826//1448 1827//1448 1828//1448 1829//1448 1830//1448 1831//1448 1832//1448
o element.020
v -119.911926 0.000000 68.828972
v -121.685120 0.000000 65.222618
v -133.761719 0.000000 71.247658
v -131.843628 0.000000 74.876259
v -119.911926 4.260987 68.828972
v -121.685120 4.260987 65.222618
v -133.761719 4.260987 71.247658
v -131.843628 4.260987 74.876259
vn 0.4521 -0.0000 0.8920
vn 0.8974 -0.0000 -0.4412
vn -0.4464 -0.0000 -0.8948
vn -0.8841 -0.0000 0.4673
vn -0.0000 1.0000 -0.0000
s 0
usemtl wall
f 1836//1449 1833//1449 1837//1449 1840//1449
f 1833//1450 1834//1450 1838//1450 1837//1450
f 1834//1451 1835//1451 1839//1451 1838//1451
f 1835//1452 1836//1452 1840//1452 1839//1452
usemtl roof
f 1837//1453 1838//1453 1839//1453 1840//1453
o element.021
v -99.461121 0.000000 26.077682
v -95.050903 0.000000 33.100937
v -95.946777 0.000000 39.301636
v -102.076355 0.000000 45.202957
v -96.406555 0.000000 51.769516
v -82.871582 0.000000 38.096375
v -92.093933 0.000000 21.745667
v -99.461121 16.304071 26.077682
v -95.050903 16.304071 33.100937
v -95.946777 16.304071 39.301636
v -102.076355 16.304071 45.202957
v -96.406555 16.304071 51.769516
v -82.871582 16.304071 38.096375
v -92.093933 16.304071 21.745667
vn -0.5069 -0.0000 -0.8620
vn -0.8469 -0.0000 0.5318
vn -0.9897 -0.0000 -0.1430
vn -0.6936 -0.0000 -0.7204
vn -0.7569 -0.0000 0.6535
vn 0.7107 -0.0000 0.7035
vn 0.8710 -0.0000 -0.4913
vn -0.0000 1.0000 -0.0000
s 0
usemtl wall
f 1847//1454 1841//1454 1848//1454 1854//1454
f 1841//1455 1842//1455 1849//1455 1848//1455
f 1842//1456 1843//1456 1850//1456 1849//1456
f 1843//1457 1844//1457 1851//1457 1850//1457
f 1844//1458 1845//1458 1852//1458 1851//1458
f 1845//1459 1846//1459 1853//1459 1852//1459
f 1846//1460 1847//1460 1854//1460 1853//1460
usemtl roof
f 1848//1461 1849//1461 1850//1461 1851//1461 1852//1461 1853//1461 1854//1461
o element.022
v 70.424988 0.000000 6.431717
v 81.614258 0.000000 18.406616
v 84.857178 0.000000 15.366699
v 82.359497 0.000000 12.706848
v 83.785950 0.000000 11.370621
v 79.476379 0.000000 6.774323
v 81.053284 0.000000 5.304459
v 76.587585 0.000000 0.541229
v 70.424988 4.631882 6.431717
v 81.614258 4.631882 18.406616
v 84.857178 4.631882 15.366699
v 82.359497 4.631882 12.706848
v 83.785950 4.631882 11.370621
v 79.476379 4.631882 6.774323
v 81.053284 4.631882 5.304459
v 76.587585 4.631882 0.541229
vn -0.6910 -0.0000 -0.7229
vn -0.7307 -0.0000 0.6827
vn 0.6839 -0.0000 0.7296
vn 0.7290 -0.0000 -0.6845
vn 0.6836 -0.0000 0.7298
vn 0.7295 -0.0000 -0.6840
vn 0.6818 -0.0000 0.7315
vn -0.0000 1.0000 -0.0000
s 0
usemtl wall
f 1862//1462 1855//1462 1863//1462 1870//1462
f 1855//1463 1856//1463 1864//1463 1863//1463
f 1856//1464 1857//1464 1865//1464 1864//1464
f 1857//1465 1858//1465 1866//1465 1865//1465
f 1858//1466 1859//1466 1867//1466 1866//1466
f 1859//1467 1860//1467 1868//1467 1867//1467
f 1860//1468 1861//1468 1869//1468 1868//1468
f 1861//1467 1862//1467 1870//1467 1869//1467
usemtl roof
f 1863//1469 1864//1469 1865//1469 1866//1469 1867//1469 1868//1469 1869//1469 1870//1469
o element.023
v 147.424072 0.000000 125.555084
v 141.073853 0.000000 119.189484
v 144.043823 0.000000 116.439026
v 142.828369 0.000000 115.125793
v 145.681274 0.000000 112.475555
v 148.000610 0.000000 114.979584
v 156.687622 0.000000 106.928589
v 154.368164 0.000000 104.424591
v 157.115234 0.000000 101.874573
v 158.330688 0.000000 103.187775
v 161.529053 0.000000 100.225723
v 168.994385 0.000000 107.882263
v 182.235229 0.000000 101.043243
v 147.227539 0.000000 63.516800
v 126.945312 0.000000 82.947968
v 113.548096 0.000000 69.014618
v 110.037598 0.000000 72.344070
v 110.678833 0.000000 73.045197
v 106.783936 0.000000 76.797775
v 118.993896 0.000000 90.230545
v 105.537231 0.000000 102.613129
v 136.525146 0.000000 135.977783
v 147.424072 22.840334 125.555084
v 141.073853 22.840334 119.189484
v 144.043823 22.840334 116.439026
v 142.828369 22.840334 115.125793
v 145.681274 22.840334 112.475555
v 148.000610 22.840334 114.979584
v 156.687622 22.840334 106.928589
v 154.368164 22.840334 104.424591
v 157.115234 22.840334 101.874573
v 158.330688 22.840334 103.187775
v 161.529053 22.840334 100.225723
v 168.994385 22.840334 107.882263
v 182.235229 22.840334 101.043243
v 147.227539 22.840334 63.516800
v 126.945312 22.840334 82.947968
v 113.548096 22.840334 69.014618
v 110.037598 22.840334 72.344070
v 110.678833 22.840334 73.045197
v 106.783936 22.840334 76.797775
v 118.993896 22.840334 90.230545
v 105.537231 22.840334 102.613129
v 136.525146 22.840334 135.977783
vn 0.6911 -0.0000 0.7227
vn 0.7080 -0.0000 -0.7063
vn 0.6795 -0.0000 0.7337
vn 0.7339 -0.0000 -0.6793
vn 0.6806 -0.0000 0.7327
vn -0.7336 -0.0000 0.6795
vn 0.6797 -0.0000 0.7334
vn 0.7336 -0.0000 -0.6796
vn 0.6803 -0.0000 0.7329
vn -0.7339 -0.0000 0.6793
vn -0.7160 -0.0000 0.6981
vn 0.4589 -0.0000 0.8885
vn 0.7312 -0.0000 -0.6821
vn -0.6918 -0.0000 -0.7221
vn 0.7208 -0.0000 -0.6931
vn -0.6881 -0.0000 -0.7256
vn -0.7379 -0.0000 0.6749
vn -0.6938 -0.0000 -0.7201
vn -0.7400 -0.0000 0.6726
vn -0.6771 -0.0000 -0.7359
vn -0.7327 -0.0000 0.6805
vn -0.0000 1.0000 -0.0000
s 0
usemtl wall
f 1892//1470 1871//1470 1893//1470 1914//1470
f 1871//1471 1872//1471 1894//1471 1893//1471
f 1872//1472 1873//1472 1895//1472 1894//1472
f 1873//1473 1874//1473 1896//1473 1895//1473
f 1874//1474 1875//1474 1897//1474 1896//1474
f 1875//1475 1876//1475 1898//1475 1897//1475
f 1876//1476 1877//1476 1899//1476 1898//1476
f 1877//1477 1878//1477 1900//1477 1899//1477
f 1878//1478 1879//1478 1901//1478 1900//1478
f 1879//1479 1880//1479 1902//1479 1901//1479
f 1880//1472 1881//1472 1903//1472 1902//1472
f 1881//1480 1882//1480 1904//1480 1903//1480
f 1882//1481 1883//1481 1905//1481 1904//1481
f 1883//1482 1884//1482 1906//1482 1905//1482
f 1884//1483 1885//1483 1907//1483 1906//1483
f 1885//1484 1886//1484 1908//1484 1907//1484
f 1886//1485 1887//1485 1909//1485 1908//1485
f 1887//1486 1888//1486 1910//1486 1909//1486
f 1888//1487 1889//1487 1911//1487 1910//1487
f 1889//1488 1890//1488 1912//1488 1911//1488
f 1890//1489 1891//1489 1913//1489 1912//1489
f 1891//1490 1892//1490 1914//1490 1913//1490
usemtl roof
f 1893//1491 1894//1491 1895//1491 1896//1491 1897//1491 1898//1491 1899//1491 1900//1491 1901//1491 1902//1491 1903//1491 1904//1491 1905//1491 1906//1491 1907//1491 1908//1491 1909//1491 1910//1491 1911//1491 1912//1491 1913//1491 1914//1491
o element.024
v -71.660339 0.000000 26.739166
v -64.781128 0.000000 33.160675
v -62.863098 0.000000 36.321686
v -56.705200 0.000000 32.813660
v -64.934875 0.000000 19.412750
v -71.660339 4.744393 26.739166
v -64.781128 4.744393 33.160675
v -62.863098 4.744393 36.321686
v -56.705200 4.744393 32.813660
v -64.934875 4.744393 19.412750
vn -0.7367 -0.0000 -0.6762
vn -0.6824 -0.0000 0.7310
vn -0.8549 -0.0000 0.5187
vn 0.4950 -0.0000 0.8689
vn 0.8521 -0.0000 -0.5233
vn -0.0000 1.0000 -0.0000
s 0
usemtl wall
f 1919//1492 1915//1492 1920//1492 1924//1492
f 1915//1493 1916//1493 1921//1493 1920//1493
f 1916//1494 1917//1494 1922//1494 1921//1494
f 1917//1495 1918//1495 1923//1495 1922//1495
f 1918//1496 1919//1496 1924//1496 1923//1496
usemtl roof
f 1920//1497 1921//1497 1922//1497 1923//1497 1924//1497
o element.025
v -91.140747 0.000000 46.480637
v -75.344299 0.000000 74.974762
v -63.006165 0.000000 67.524582
v -69.485046 0.000000 57.162262
v -72.622498 0.000000 59.177887
v -79.352417 0.000000 47.891663
v -64.781128 0.000000 33.160675
v -71.660339 0.000000 26.739166
v -91.140747 20.134249 46.480637
v -75.344299 20.134249 74.974762
v -63.006165 20.134249 67.524582
v -69.485046 20.134249 57.162262
v -72.622498 20.134249 59.177887
v -79.352417 20.134249 47.891663
v -64.781128 20.134249 33.160675
v -71.660339 20.134249 26.739166
vn -0.7118 -0.0000 -0.7024
vn -0.8746 -0.0000 0.4849
vn 0.5169 -0.0000 0.8560
vn 0.8479 -0.0000 -0.5301
vn -0.5405 -0.0000 -0.8413
vn 0.8589 -0.0000 -0.5122
vn 0.7109 -0.0000 0.7032
vn 0.6824 -0.0000 -0.7310
vn -0.0000 1.0000 -0.0000
s 0
usemtl wall
f 1932//1498 1925//1498 1933//1498 1940//1498
f 1925//1499 1926//1499 1934//1499 1933//1499
f 1926//1500 1927//1500 1935//1500 1934//1500
f 1927//1501 1928//1501 1936//1501 1935//1501
f 1928//1502 1929//1502 1937//1502 1936//1502
f 1929//1503 1930//1503 1938//1503 1937//1503
f 1930//1504 1931//1504 1939//1504 1938//1504
f 1931//1505 1932//1505 1940//1505 1939//1505
usemtl roof
f 1933//1506 1934//1506 1935//1506 1936//1506 1937//1506 1938//1506 1939//1506 1940//1506
o element.026
v 64.734680 0.000000 7.357224
v 67.153015 0.000000 5.174698
v 62.642700 0.000000 0.188812
v 60.218811 0.000000 2.371338
v 64.734680 4.291508 7.357224
v 67.153015 4.291508 5.174698
v 62.642700 4.291508 0.188812
v 60.218811 4.291508 2.371338
vn -0.7412 -0.0000 0.6713
vn 0.6700 -0.0000 0.7424
vn 0.7416 -0.0000 -0.6709
vn -0.6691 -0.0000 -0.7431
vn -0.0000 1.0000 -0.0000
s 0
usemtl wall
f 1944//1507 1941//1507 1945//1507 1948//1507
f 1941//1508 1942//1508 1946//1508 1945//1508
f 1942//1509 1943//1509 1947//1509 1946//1509
f 1943//1510 1944//1510 1948//1510 1947//1510
usemtl roof
f 1945//1511 1946//1511 1947//1511 1948//1511
o element.027
v -39.909546 0.000000 20.909546
v -35.705627 0.000000 26.953171
v -18.587585 0.000000 11.831741
v -22.869568 0.000000 5.765900
v -39.909546 3.992438 20.909546
v -35.705627 3.992438 26.953171
v -18.587585 3.992438 11.831741
v -22.869568 3.992438 5.765900
vn -0.6643 -0.0000 -0.7475
vn -0.8209 -0.0000 0.5710
vn 0.6620 -0.0000 0.7495
vn 0.8170 -0.0000 -0.5767
vn -0.0000 1.0000 -0.0000
s 0
usemtl wall
f 1952//1512 1949//1512 1953//1512 1956//1512
f 1949//1513 1950//1513 1954//1513 1953//1513
f 1950//1514 1951//1514 1955//1514 1954//1514
f 1951//1515 1952//1515 1956//1515 1955//1515
usemtl roof
f 1953//1516 1954//1516 1955//1516 1956//1516
o element.028
v -52.969727 0.000000 37.755341
v -41.573181 0.000000 32.520569
v -56.075745 0.000000 8.089447
v -65.381348 0.000000 16.874771
v -52.969727 15.698029 37.755341
v -41.573181 15.698029 32.520569
v -56.075745 15.698029 8.089447
v -65.381348 15.698029 16.874771
vn -0.8596 -0.0000 0.5110
vn 0.4174 -0.0000 0.9087
vn 0.8599 -0.0000 -0.5104
vn -0.6865 -0.0000 -0.7271
vn -0.0000 1.0000 -0.0000
s 0
usemtl wall
f 1960//1517 1957//1517 1961//1517 1964//1517
f 1957//1518 1958//1518 1962//1518 1961//1518
f 1958//1519 1959//1519 1963//1519 1962//1519
f 1959//1520 1960//1520 1964//1520 1963//1520
usemtl roof
f 1961//1521 1962//1521 1963//1521 1964//1521
o element.029
v -14.791321 0.000000 59.386497
v -11.470093 0.000000 56.914360
v -15.439758 0.000000 51.583153
v -18.760986 0.000000 54.055275
v -14.791321 4.286584 59.386497
v -11.470093 4.286584 56.914360
v -15.439758 4.286584 51.583153
v -18.760986 4.286584 54.055275
vn -0.8021 -0.0000 0.5972
vn 0.5971 -0.0000 0.8022
vn 0.8021 -0.0000 -0.5972
vn -0.5971 -0.0000 -0.8022
vn -0.0000 1.0000 -0.0000
s 0
usemtl wall
f 1968//1522 1965//1522 1969//1522 1972//1522
f 1965//1523 1966//1523 1970//1523 1969//1523
f 1966//1524 1967//1524 1971//1524 1970//1524
f 1967//1525 1968//1525 1972//1525 1971//1525
usemtl roof
f 1969//1526 1970//1526 1971//1526 1972//1526
o element.030
v -62.863098 0.000000 36.321686
v -52.954773 0.000000 53.696289
v -46.796875 0.000000 50.188248
v -56.705200 0.000000 32.813660
v -62.863098 4.224067 36.321686
v -52.954773 4.224067 53.696289
v -46.796875 4.224067 50.188248
v -56.705200 4.224067 32.813660
vn -0.4950 -0.0000 -0.8689
vn -0.8687 -0.0000 0.4954
vn 0.4950 -0.0000 0.8689
vn 0.8687 -0.0000 -0.4954
vn -0.0000 1.0000 -0.0000
s 0
usemtl wall
f 1976//1527 1973//1527 1977//1527 1980//1527
f 1973//1528 1974//1528 1978//1528 1977//1528
f 1974//1529 1975//1529 1979//1529 1978//1529
f 1975//1530 1976//1530 1980//1530 1979//1530
usemtl roof
f 1977//1531 1978//1531 1979//1531 1980//1531
o element.031
v -35.740417 0.000000 67.005943
v -27.889709 0.000000 79.560844
v -21.938049 0.000000 75.830162
v -29.788757 0.000000 63.275276
v -35.740417 4.590323 67.005943
v -27.889709 4.590323 79.560844
v -21.938049 4.590323 75.830162
v -29.788757 4.590323 63.275276
vn -0.5311 -0.0000 -0.8473
vn -0.8479 -0.0000 0.5302
vn 0.5311 -0.0000 0.8473
vn 0.8479 -0.0000 -0.5302
vn -0.0000 1.0000 -0.0000
s 0
usemtl wall
f 1984//1532 1981//1532 1985//1532 1988//1532
f 1981//1533 1982//1533 1986//1533 1985//1533
f 1982//1534 1983//1534 1987//1534 1986//1534
f 1983//1535 1984//1535 1988//1535 1987//1535
usemtl roof
f 1985//1536 1986//1536 1987//1536 1988//1536
o element.032
v -39.332886 0.000000 -14.189636
v -46.961121 0.000000 -6.840698
v -43.850342 0.000000 -3.613174
v -36.222107 0.000000 -10.962128
v -39.332886 7.445195 -14.189636
v -46.961121 7.445195 -6.840698
v -43.850342 7.445195 -3.613174
v -36.222107 7.445195 -10.962128
vn 0.7200 -0.0000 -0.6940
vn -0.6938 -0.0000 -0.7202
vn -0.7200 -0.0000 0.6940
vn 0.6938 -0.0000 0.7202
vn -0.0000 1.0000 -0.0000
s 0
usemtl wall
f 1992//1537 1989//1537 1993//1537 1996//1537
f 1989//1538 1990//1538 1994//1538 1993//1538
f 1990//1539 1991//1539 1995//1539 1994//1539
f 1991//1540 1992//1540 1996//1540 1995//1540
usemtl roof
f 1993//1541 1994//1541 1995//1541 1996//1541
o element.033
v 21.609314 0.000000 -70.009468
v -37.799805 0.000000 -12.598145
v -33.345459 0.000000 -8.001740
v 26.130493 0.000000 -65.468819
v 21.609314 16.621286 -70.009468
v -37.799805 16.621286 -12.598145
v -33.345459 16.621286 -8.001740
v 26.130493 16.621286 -65.468819
vn 0.7086 -0.0000 -0.7056
vn -0.6949 -0.0000 -0.7191
vn -0.7181 -0.0000 0.6959
vn 0.6949 -0.0000 0.7191
vn -0.0000 1.0000 -0.0000
s 0
usemtl wall
f 2000//1542 1997//1542 2001//1542 2004//1542
f 1997//1543 1998//1543 2002//1543 2001//1543
f 1998//1544 1999//1544 2003//1544 2002//1544
f 1999//1545 2000//1545 2004//1545 2003//1545
usemtl roof
f 2001//1546 2002//1546 2003//1546 2004//1546
o element.034
v 26.130493 0.000000 -65.468819
v 28.342529 0.000000 -67.606728
v 23.893799 0.000000 -72.214195
v 21.609314 0.000000 -70.009468
v 26.130493 4.554668 -65.468819
v 28.342529 4.554668 -67.606728
v 23.893799 4.554668 -72.214195
v 21.609314 4.554668 -70.009468
vn -0.7086 -0.0000 0.7056
vn 0.6950 -0.0000 0.7191
vn 0.7194 -0.0000 -0.6946
vn -0.6944 -0.0000 -0.7196
vn -0.0000 1.0000 -0.0000
s 0
usemtl wall
f 2008//1547 2005//1547 2009//1547 2012//1547
f 2005//1548 2006//1548 2010//1548 2009//1548
f 2006//1549 2007//1549 2011//1549 2010//1549
f 2007//1550 2008//1550 2012//1550 2011//1550
usemtl roof
f 2009//1551 2010//1551 2011//1551 2012//1551
o element.035
v 99.150513 0.000000 124.689583
v 104.764893 0.000000 130.832825
v 109.930298 0.000000 126.100288
v 104.310303 0.000000 119.968178
v 99.150513 7.527555 124.689583
v 104.764893 7.527555 130.832825
v 109.930298 7.527555 126.100288
v 104.310303 7.527555 119.968178
vn -0.6751 -0.0000 -0.7378
vn -0.7382 -0.0000 0.6746
vn 0.6755 -0.0000 0.7373
vn 0.7372 -0.0000 -0.6757
vn -0.0000 1.0000 -0.0000
s 0
usemtl wall
f 2016//1552 2013//1552 2017//1552 2020//1552
f 2013//1553 2014//1553 2018//1553 2017//1553
f 2014//1554 2015//1554 2019//1554 2018//1554
f 2015//1555 2016//1555 2020//1555 2019//1555
usemtl roof
f 2017//1556 2018//1556 2019//1556 2020//1556
o element.036
v 91.406128 0.000000 115.363167
v 94.846069 0.000000 118.991249
v 98.506958 0.000000 115.517036
v 95.067017 0.000000 111.888985
v 91.406128 7.577196 115.363167
v 94.846069 7.577196 118.991249
v 98.506958 7.577196 115.517036
v 95.067017 7.577196 111.888985
vn -0.6884 -0.0000 -0.7254
vn -0.7257 -0.0000 0.6880
vn 0.6884 -0.0000 0.7254
vn 0.7257 -0.0000 -0.6880
vn -0.0000 1.0000 -0.0000
s 0
usemtl wall
f 2024//1557 2021//1557 2025//1557 2028//1557
f 2021//1558 2022//1558 2026//1558 2025//1558
f 2022//1559 2023//1559 2027//1559 2026//1559
f 2023//1560 2024//1560 2028//1560 2027//1560
usemtl roof
f 2025//1561 2026//1561 2027//1561 2028//1561
o element.037
v 105.219727 0.000000 83.499657
v 94.927979 0.000000 93.320930
v 100.168701 0.000000 98.807518
v 110.460449 0.000000 88.997353
v 105.219727 4.615270 83.499657
v 94.927979 4.615270 93.320930
v 100.168701 4.615270 98.807518
v 110.460449 4.615270 88.997353
vn 0.7238 -0.0000 -0.6900
vn -0.6904 -0.0000 -0.7234
vn -0.7231 -0.0000 0.6907
vn 0.6900 -0.0000 0.7238
vn -0.0000 1.0000 -0.0000
s 0
usemtl wall
f 2032//1562 2029//1562 2033//1562 2036//1562
f 2029//1563 2030//1563 2034//1563 2033//1563
f 2030//1564 2031//1564 2035//1564 2034//1564
f 2031//1565 2032//1565 2036//1565 2035//1565
usemtl roof
f 2033//1566 2034//1566 2035//1566 2036//1566
o element.038
v 0.088684 18.704042 10.012527
v -12.359985 18.704042 19.923111
v -22.869568 18.704042 5.765900
v -20.668518 18.704042 3.705948
v -19.330505 18.704042 5.186157
v -17.747620 18.704042 5.486328
v -14.588074 18.704042 2.891785
v -15.491272 18.704042 1.789948
v -12.320618 18.704042 -0.760056
v -11.222290 18.704042 0.620026
v -8.820618 18.704042 -1.261871
v -18.454346 18.704042 -12.536133
v -28.796204 18.704042 -2.492538
v -33.345459 18.704042 -8.001740
v -17.877319 18.704042 -22.944641
v 19.878235 18.704042 24.278595
v 21.767212 18.704042 22.730759
v 30.325317 18.704042 33.170288
v 28.436279 18.704042 34.718124
v 29.406372 18.704042 35.908997
v 30.431702 18.704042 35.073822
v 32.500122 18.704042 37.589096
v 33.414001 18.704042 36.843018
v 37.294434 18.704042 41.584198
v 35.355225 18.704042 43.165451
v 44.643738 18.704042 54.517578
v 26.043640 18.704042 71.287201
v -2.809326 18.704042 32.889420
v 9.912231 18.704042 21.965729
v 9.928467 18.704042 20.162354
v 7.643372 18.704042 20.229721
v 1.666687 18.704042 12.783981
v 1.721741 18.704042 10.101166
v 19.942200 18.704042 34.609024
v 11.015259 18.704042 41.646729
v 20.788940 18.704042 54.290085
v 30.016602 18.704042 46.205887
v 0.088684 0.000000 10.012527
v -12.359985 0.000000 19.923111
v -22.869568 0.000000 5.765900
v -20.668518 0.000000 3.705948
v -19.330505 0.000000 5.186157
v -17.747620 0.000000 5.486328
v -14.588074 0.000000 2.891785
v -15.491272 0.000000 1.789948
v -12.320618 0.000000 -0.760056
v -11.222290 0.000000 0.620026
v -8.820618 0.000000 -1.261871
v -18.454346 0.000000 -12.536133
v -28.796204 0.000000 -2.492538
v -33.345459 0.000000 -8.001740
v -17.877319 0.000000 -22.944641
v 19.878235 0.000000 24.278595
v 21.767212 0.000000 22.730759
v 30.325317 0.000000 33.170288
v 28.436279 0.000000 34.718124
v 29.406372 0.000000 35.908997
v 30.431702 0.000000 35.073822
v 32.500122 0.000000 37.589096
v 33.414001 0.000000 36.843018
v 37.294434 0.000000 41.584198
v 35.355225 0.000000 43.165451
v 44.643738 0.000000 54.517578
v 26.043640 0.000000 71.287201
v -2.809326 0.000000 32.889420
v 9.912231 0.000000 21.965729
v 9.928467 0.000000 20.162354
v 7.643372 0.000000 20.229721
v 1.666687 0.000000 12.783981
v 1.721741 0.000000 10.101166
v 19.942200 0.000000 34.609024
v 11.015259 0.000000 41.646729
v 20.788940 0.000000 54.290085
v 30.016602 0.000000 46.205887
vn 0.6191 -0.0000 0.7853
vn 0.6228 -0.0000 0.7823
vn -0.7549 -0.0000 0.6558
vn -0.7798 -0.0000 0.6260
vn -0.7995 -0.0000 0.6007
vn -0.6168 -0.0000 -0.7871
vn -0.6948 -0.0000 -0.7192
vn 0.6696 -0.0000 0.7427
vn 0.7753 -0.0000 -0.6316
vn -0.6833 -0.0000 -0.7301
vn -0.6324 -0.0000 -0.7746
vn 0.6320 -0.0000 0.7750
vn 0.0295 -0.0000 0.9996
vn 0.7724 -0.0000 -0.6352
vn -1.0000 -0.0000 -0.0090
vn -0.9998 -0.0000 -0.0205
vn 0.6338 -0.0000 0.7735
vn -0.6338 -0.0000 -0.7735
vn 0.7734 -0.0000 -0.6340
vn 0.7418 -0.0000 -0.6706
vn -0.7603 -0.0000 0.6496
vn 0.6967 -0.0000 0.7174
vn 0.7739 -0.0000 -0.6333
vn 0.7912 -0.0000 -0.6116
vn -0.6515 -0.0000 -0.7587
vn 0.7811 -0.0000 -0.6245
vn -0.6315 -0.0000 -0.7753
vn -0.6267 -0.0000 -0.7793
vn 0.1863 -0.0000 -0.9825
vn -0.6346 -0.0000 -0.7728
vn -0.8029 -0.0000 0.5961
vn -0.7711 -0.0000 0.6367
vn 0.7739 -0.0000 -0.6334
vn 0.7825 -0.0000 -0.6227
vn -0.0000 1.0000 -0.0000
vn -0.0542 -0.0000 0.9985
vn -0.7734 -0.0000 0.6340
vn -0.6590 -0.0000 -0.7522
s 0
usemtl roof
f 2042//1601 2041//1601 2040//1601 2039//1601 2038//1601 2037//1601 2069//1601 2068//1601 2067//1601 2066//1601 2065//1601 2064//1601 2063//1601 2062//1601 2072//1601 2071//1601 2070//1601 2052//1601 2051//1601 2050//1601 2049//1601 2048//1601 2047//1601 2046//1601 2045//1601 2044//1601 2043//1601
f 2056//1601 2055//1601 2054//1601 2053//1601 2052//1601 2070//1601 2073//1601 2072//1601 2062//1601 2061//1601 2060//1601 2059//1601 2058//1601 2057//1601
usemtl wall
f 2108//1567 2107//1567 2070//1567 2071//1567
f 2075//1568 2074//1568 2037//1568 2038//1568
f 2107//1569 2110//1569 2073//1569 2070//1569
f 2105//1570 2104//1570 2067//1570 2068//1570
f 2101//1571 2100//1571 2063//1571 2064//1571
f 2084//1572 2083//1572 2046//1572 2047//1572
f 2088//1573 2087//1573 2050//1573 2051//1573
f 2100//1574 2099//1574 2062//1574 2063//1574
f 2093//1575 2092//1575 2055//1575 2056//1575
f 2077//1576 2076//1576 2039//1576 2040//1576
f 2096//1577 2095//1577 2058//1577 2059//1577
f 2098//1578 2097//1578 2060//1578 2061//1578
f 2104//1579 2103//1579 2066//1579 2067//1579
f 2095//1580 2094//1580 2057//1580 2058//1580
f 2103//1581 2102//1581 2065//1581 2066//1581
f 2106//1582 2105//1582 2068//1582 2069//1582
f 2092//1583 2091//1583 2054//1583 2055//1583
f 2090//1584 2089//1584 2052//1584 2053//1584
f 2091//1585 2090//1585 2053//1585 2054//1585
f 2078//1586 2077//1586 2040//1586 2041//1586
f 2085//1587 2084//1587 2047//1587 2048//1587
f 2086//1588 2085//1588 2048//1588 2049//1588
f 2099//1589 2098//1589 2061//1589 2062//1589
f 2109//1590 2108//1590 2071//1590 2072//1590
f 2102//1591 2101//1591 2064//1591 2065//1591
f 2089//1592 2088//1592 2051//1592 2052//1592
f 2094//1593 2093//1593 2056//1593 2057//1593
f 2082//1594 2081//1594 2044//1594 2045//1594
f 2079//1595 2078//1595 2041//1595 2042//1595
f 2080//1596 2079//1596 2042//1596 2043//1596
f 2076//1597 2075//1597 2038//1597 2039//1597
f 2087//1598 2086//1598 2049//1598 2050//1598
f 2097//1599 2096//1599 2059//1599 2060//1599
f 2083//1600 2082//1600 2045//1600 2046//1600
f 2074//1602 2106//1602 2069//1602 2037//1602
f 2081//1603 2080//1603 2043//1603 2044//1603
f 2110//1604 2109//1604 2072//1604 2073//1604
o element.039
v 98.757935 16.861788 -62.115562
v 117.457153 16.861788 -79.497849
v 115.360596 16.861788 -82.959282
v 112.758423 16.861788 -81.043846
v 99.472046 16.861788 -99.140625
v 105.567871 16.861788 -103.773239
v 148.711426 16.861788 -45.253922
v 129.560669 16.861788 -27.782295
v 112.264526 16.861788 -54.093254
v 113.574707 16.861788 -52.568550
v 116.382935 16.861788 -54.984985
v 123.669800 16.861788 -46.504532
v 120.861450 16.861788 -44.099220
v 122.110352 16.861788 -42.641296
v 137.511353 16.861788 -55.892784
v 136.229004 16.861788 -57.384087
v 133.030762 16.861788 -54.633568
v 125.487427 16.861788 -63.403358
v 128.685791 16.861788 -66.153870
v 127.665405 16.861788 -67.344696
v 98.757935 0.000000 -62.115562
v 117.457153 0.000000 -79.497849
v 115.360596 0.000000 -82.959282
v 112.758423 0.000000 -81.043846
v 99.472046 0.000000 -99.140625
v 105.567871 0.000000 -103.773239
v 148.711426 0.000000 -45.253922
v 129.560669 0.000000 -27.782295
v 112.264526 0.000000 -54.093254
v 113.574707 0.000000 -52.568550
v 116.382935 0.000000 -54.984985
v 123.669800 0.000000 -46.504532
v 120.861450 0.000000 -44.099220
v 122.110352 0.000000 -42.641296
v 137.511353 0.000000 -55.892784
v 136.229004 0.000000 -57.384087
v 133.030762 0.000000 -54.633568
v 125.487427 0.000000 -63.403358
v 128.685791 0.000000 -66.153870
v 127.665405 0.000000 -67.344696
vn -0.7582 -0.0000 0.6520
vn -0.8553 -0.0000 0.5181
vn -0.6520 -0.0000 -0.7582
vn -0.6051 -0.0000 -0.7962
vn -0.7443 -0.0000 0.6678
vn -0.6522 -0.0000 -0.7580
vn -0.6523 -0.0000 -0.7580
vn 0.7585 -0.0000 -0.6517
vn 0.8049 -0.0000 -0.5934
vn 0.6522 -0.0000 0.7580
vn -0.7581 -0.0000 0.6521
vn 0.6740 -0.0000 0.7388
vn -0.6808 -0.0000 -0.7324
vn -0.8061 -0.0000 0.5918
vn 0.6505 -0.0000 0.7595
vn 0.7594 -0.0000 -0.6506
vn 0.6520 -0.0000 0.7582
vn -0.0000 1.0000 -0.0000
vn 0.5928 -0.0000 0.8053
vn 0.7584 -0.0000 -0.6517
vn -0.7594 -0.0000 0.6507
s 0
usemtl roof
f 2116//1622 2115//1622 2114//1622 2113//1622 2112//1622 2119//1622 2130//1622 2129//1622 2128//1622 2127//1622 2126//1622 2125//1622 2124//1622 2118//1622 2117//1622
f 2118//1622 2124//1622 2123//1622 2122//1622 2121//1622 2120//1622 2119//1622 2112//1622 2111//1622
usemtl wall
f 2146//1605 2145//1605 2125//1605 2126//1605
f 2133//1606 2132//1606 2112//1606 2113//1606
f 2149//1607 2148//1607 2128//1607 2129//1607
f 2136//1608 2135//1608 2115//1608 2116//1608
f 2131//1609 2138//1609 2118//1609 2111//1609
f 2145//1610 2144//1610 2124//1610 2125//1610
f 2141//1611 2140//1611 2120//1611 2121//1611
f 2142//1612 2141//1612 2121//1612 2122//1612
f 2137//1613 2136//1613 2116//1613 2117//1613
f 2139//1614 2150//1614 2130//1614 2119//1614
f 2148//1615 2147//1615 2127//1615 2128//1615
f 2138//1616 2137//1616 2117//1616 2118//1616
f 2132//1617 2131//1617 2111//1617 2112//1617
f 2135//1618 2134//1618 2114//1618 2115//1618
f 2143//1619 2142//1619 2122//1619 2123//1619
f 2144//1620 2143//1620 2123//1620 2124//1620
f 2147//1621 2146//1621 2126//1621 2127//1621
f 2134//1623 2133//1623 2113//1623 2114//1623
f 2140//1624 2139//1624 2119//1624 2120//1624
f 2150//1625 2149//1625 2129//1625 2130//1625
o element.040
v 69.671631 20.013371 64.117683
v 89.177368 20.013371 97.997948
v 67.388916 20.013371 113.922661
v 45.766846 20.013371 85.887108
v 59.100952 20.013371 93.609093
v 59.786255 20.013371 92.618156
v 65.993713 20.013371 87.005974
v 67.170105 20.013371 88.285820
v 70.234802 20.013371 85.446342
v 69.058411 20.013371 84.177620
v 70.785767 20.013371 82.574150
v 72.128906 20.013371 82.083977
v 73.349670 20.013371 82.729286
v 76.148743 20.013371 86.813942
v 74.499207 20.013371 87.738350
v 76.333801 20.013371 90.988380
v 77.977783 20.013371 90.052834
v 80.509460 20.013371 94.538322
v 81.022705 20.013371 96.341545
v 80.248352 20.013371 97.800056
v 76.158142 20.013371 100.762276
v 75.595032 20.013371 99.972069
v 72.753052 20.013371 102.032249
v 73.321777 20.013371 102.811333
v 69.822205 20.013371 105.339256
v 68.144653 20.013371 105.640282
v 66.678589 20.013371 105.028404
v 63.862793 20.013371 100.910362
v 65.328369 20.013371 99.863548
v 63.259766 20.013371 96.980949
v 61.794189 20.013371 98.027748
v 59.558350 20.013371 94.900276
v 69.671631 0.000000 64.117683
v 89.177368 0.000000 97.997948
v 67.388916 0.000000 113.922661
v 45.766846 0.000000 85.887108
v 59.100952 0.000000 93.609093
v 59.786255 0.000000 92.618156
v 65.993713 0.000000 87.005974
v 67.170105 0.000000 88.285820
v 70.234802 0.000000 85.446342
v 69.058411 0.000000 84.177620
v 70.785767 0.000000 82.574150
v 72.128906 0.000000 82.083977
v 73.349670 0.000000 82.729286
v 76.148743 0.000000 86.813942
v 74.499207 0.000000 87.738350
v 76.333801 0.000000 90.988380
v 77.977783 0.000000 90.052834
v 80.509460 0.000000 94.538322
v 81.022705 0.000000 96.341545
v 80.248352 0.000000 97.800056
v 76.158142 0.000000 100.762276
v 75.595032 0.000000 99.972069
v 72.753052 0.000000 102.032249
v 73.321777 0.000000 102.811333
v 69.822205 0.000000 105.339256
v 68.144653 0.000000 105.640282
v 66.678589 0.000000 105.028404
v 63.862793 0.000000 100.910362
v 65.328369 0.000000 99.863548
v 63.259766 0.000000 96.980949
v 61.794189 0.000000 98.027748
v 59.558350 0.000000 94.900276
vn 0.8125 -0.0000 -0.5830
vn 0.3852 -0.0000 -0.9228
vn -0.7919 -0.0000 0.6107
vn -0.8077 -0.0000 0.5896
vn -0.5856 -0.0000 -0.8106
vn 0.5812 -0.0000 0.8137
vn 0.8255 -0.0000 -0.5644
vn -0.5866 -0.0000 -0.8099
vn -0.6733 -0.0000 -0.7394
vn -0.8832 -0.0000 -0.4689
vn -0.9618 -0.0000 0.2738
vn -0.8709 -0.0000 0.4915
vn -0.5812 -0.0000 -0.8137
vn -0.8708 -0.0000 0.4916
vn -0.8249 -0.0000 0.5653
vn -0.4673 -0.0000 0.8841
vn -0.4889 -0.0000 -0.8724
vn 0.3428 -0.0000 0.9394
vn 0.8144 -0.0000 -0.5803
vn 0.6803 -0.0000 0.7329
vn -0.1766 -0.0000 -0.9843
vn 0.8225 -0.0000 0.5688
vn -0.7362 -0.0000 0.6767
vn 0.4946 -0.0000 0.8691
vn 0.6796 -0.0000 0.7335
vn 0.9426 -0.0000 -0.3339
vn 0.7333 -0.0000 -0.6799
vn 0.6706 -0.0000 0.7418
vn 0.8666 -0.0000 -0.4989
vn 0.5901 -0.0000 0.8073
vn -0.0000 1.0000 -0.0000
vn -0.5869 -0.0000 -0.8096
vn 0.8135 -0.0000 -0.5816
s 0
usemtl roof
f 2174//1656 2175//1656 2176//1656 2153//1656 2152//1656 2171//1656 2172//1656 2173//1656
f 2151//1656 2154//1656 2153//1656 2176//1656 2177//1656 2178//1656 2179//1656 2180//1656 2181//1656 2182//1656 2155//1656 2156//1656 2157//1656 2158//1656 2159//1656 2160//1656 2161//1656 2162//1656 2163//1656 2164//1656 2165//1656 2166//1656 2167//1656 2168//1656 2169//1656 2170//1656 2171//1656 2152//1656
usemtl wall
f 2211//1626 2212//1626 2180//1626 2179//1626
f 2208//1627 2209//1627 2177//1627 2176//1627
f 2186//1628 2185//1628 2153//1628 2154//1628
f 2205//1629 2206//1629 2174//1629 2173//1629
f 2206//1630 2207//1630 2175//1630 2174//1630
f 2210//1631 2211//1631 2179//1631 2178//1631
f 2209//1632 2210//1632 2178//1632 2177//1632
f 2202//1633 2203//1633 2171//1633 2170//1633
f 2183//1634 2186//1634 2154//1634 2151//1634
f 2201//1635 2202//1635 2170//1635 2169//1635
f 2200//1636 2201//1636 2169//1636 2168//1636
f 2199//1637 2200//1637 2168//1637 2167//1637
f 2212//1638 2213//1638 2181//1638 2180//1638
f 2197//1639 2198//1639 2166//1639 2165//1639
f 2195//1640 2196//1640 2164//1640 2163//1640
f 2194//1641 2195//1641 2163//1641 2162//1641
f 2196//1642 2197//1642 2165//1642 2164//1642
f 2193//1643 2194//1643 2162//1643 2161//1643
f 2203//1644 2204//1644 2172//1644 2171//1644
f 2192//1645 2193//1645 2161//1645 2160//1645
f 2207//1646 2208//1646 2176//1646 2175//1646
f 2187//1647 2188//1647 2156//1647 2155//1647
f 2189//1648 2190//1648 2158//1648 2157//1648
f 2198//1649 2199//1649 2167//1649 2166//1649
f 2190//1650 2191//1650 2159//1650 2158//1650
f 2214//1651 2187//1651 2155//1651 2182//1651
f 2191//1652 2192//1652 2160//1652 2159//1652
f 2188//1653 2189//1653 2157//1653 2156//1653
f 2184//1654 2183//1654 2151//1654 2152//1654
f 2185//1655 2184//1655 2152//1655 2153//1655
f 2204//1657 2205//1657 2173//1657 2172//1657
f 2213//1658 2214//1658 2182//1658 2181//1658
o element.041
v 110.123169 17.459984 -97.095367
v 141.910767 17.459984 -125.034607
v 185.022827 17.459984 -79.261795
v 148.711426 17.459984 -45.253925
v 143.672974 17.459984 -64.488449
v 165.074097 17.459984 -85.344940
v 146.207764 17.459984 -106.011368
v 126.728516 17.459984 -88.773438
v 110.123169 0.000000 -97.095367
v 141.910767 0.000000 -125.034607
v 185.022827 0.000000 -79.261795
v 148.711426 0.000000 -45.253925
v 143.672974 0.000000 -64.488449
v 165.074097 0.000000 -85.344940
v 146.207764 0.000000 -106.011368
v 126.728516 0.000000 -88.773438
vn 0.8201 -0.0000 -0.5722
vn 0.6836 -0.0000 0.7299
vn -0.7385 -0.0000 0.6742
vn 0.7279 -0.0000 -0.6856
vn -0.8022 -0.0000 0.5971
vn -0.0000 1.0000 -0.0000
vn -0.6602 -0.0000 -0.7511
vn -0.6979 -0.0000 -0.7162
vn 0.6627 -0.0000 0.7489
s 0
usemtl roof
f 2221//1664 2220//1664 2218//1664 2217//1664 2216//1664 2215//1664 2219//1664 2222//1664
f 2218//1664 2220//1664 2219//1664 2215//1664
usemtl wall
f 2227//1659 2230//1659 2222//1659 2219//1659
f 2226//1660 2225//1660 2217//1660 2218//1660
f 2229//1661 2228//1661 2220//1661 2221//1661
f 2225//1662 2224//1662 2216//1662 2217//1662
f 2223//1663 2226//1663 2218//1663 2215//1663
f 2224//1665 2223//1665 2215//1665 2216//1665
f 2228//1666 2227//1666 2219//1666 2220//1666
f 2230//1667 2229//1667 2221//1667 2222//1667
